-- phpMyAdmin SQL Dump
-- version 5.0.2
-- https://www.phpmyadmin.net/
--
-- Host: 127.0.0.1
-- Waktu pembuatan: 23 Okt 2020 pada 12.31
-- Versi server: 10.4.11-MariaDB
-- Versi PHP: 7.4.5

SET SQL_MODE = "NO_AUTO_VALUE_ON_ZERO";
START TRANSACTION;
SET time_zone = "+00:00";


/*!40101 SET @OLD_CHARACTER_SET_CLIENT=@@CHARACTER_SET_CLIENT */;
/*!40101 SET @OLD_CHARACTER_SET_RESULTS=@@CHARACTER_SET_RESULTS */;
/*!40101 SET @OLD_COLLATION_CONNECTION=@@COLLATION_CONNECTION */;
/*!40101 SET NAMES utf8mb4 */;

--
-- Database: `bpdas`
--

-- --------------------------------------------------------

--
-- Struktur dari tabel `bibit`
--

CREATE TABLE `bibit` (
  `id_bibit` int(11) NOT NULL,
  `nm_bibit` varchar(100) NOT NULL,
  `satuan` varchar(50) NOT NULL,
  `flag_bibit` enum('0','1') NOT NULL
) ENGINE=InnoDB DEFAULT CHARSET=utf8mb4;

--
-- Dumping data untuk tabel `bibit`
--

INSERT INTO `bibit` (`id_bibit`, `nm_bibit`, `satuan`, `flag_bibit`) VALUES
(1, 'Akasia', 'Batang', '0'),
(2, 'Gmelina', 'Batang', '0'),
(4, 'Jambu Mete', 'Batang', '0'),
(5, 'Pala', 'Batang', '0'),
(6, 'Durian', 'Batang', '0'),
(7, 'Kemiri', 'Batang', '0'),
(8, 'Nyato', 'Batang', '0'),
(9, 'Uru', 'Batang', '0'),
(10, 'Bitti', 'Batang', '0'),
(11, 'Sengon', 'Batang', '0'),
(12, 'Jengkol', 'Batang', '0'),
(13, 'Cempedak', 'Batang', '0'),
(14, 'Sukun', 'Batang', '0'),
(15, 'macadamea', 'Batang', '0'),
(16, 'bidara', 'Batang', '0'),
(17, 'Rambutan', 'Batang', '0'),
(18, 'Mangga', 'Batang', '0'),
(20, 'Damar', 'Batang', '0'),
(21, 'Alpukat', 'Batang', '0'),
(22, 'Pinus', 'Batang', '0'),
(23, 'Jati Lokal', 'Batang', '0'),
(24, 'Suren', 'Batang', '0'),
(25, 'Kalianra', 'Batang', '0'),
(26, 'Pangi', 'Batang', '0'),
(27, 'Lamtoro', 'Batang', '0'),
(28, 'Aren', 'Batang', '0'),
(29, 'Agathis', 'Batang', '0'),
(30, 'Betao', 'Batang', '0'),
(31, 'Matoa', 'Batang', '0'),
(32, 'Lengkeng', 'Batang', '0'),
(33, 'Nangka', 'Batang', '0'),
(34, 'Jabon Merah', 'Batang', '0'),
(35, 'Dukuh', 'Batang', '0'),
(36, 'Surai', 'Batang', '0'),
(37, 'Karet', 'Batang', '0'),
(38, 'Manggis', 'Batang', '0'),
(39, 'Cemara', 'Batang', '0'),
(40, 'Mahoni', 'Batang', '0'),
(41, 'Bakan', 'Batang', '0'),
(42, 'Petai', 'Batang', '0'),
(43, 'Eucalyptus', 'batang', '0'),
(45, 'Puspa', 'batang', '0'),
(46, 'Langsat', 'batang', '0'),
(47, 'Eboni', 'Batang', '0'),
(48, 'Kayu Manis', 'batang', '0');

-- --------------------------------------------------------

--
-- Struktur dari tabel `dt_desa`
--

CREATE TABLE `dt_desa` (
  `id_desa` int(11) NOT NULL,
  `id_kecamatan` int(11) NOT NULL,
  `nm_desa` varchar(100) NOT NULL,
  `ket_desa` varchar(200) NOT NULL,
  `flag_des` enum('0','1') NOT NULL
) ENGINE=InnoDB DEFAULT CHARSET=utf8mb4;

--
-- Dumping data untuk tabel `dt_desa`
--

INSERT INTO `dt_desa` (`id_desa`, `id_kecamatan`, `nm_desa`, `ket_desa`, `flag_des`) VALUES
(1, 1, 'Lamoncong', 'Desa Lamoncing, Kec. Bontocani, Kab. Bone ', '0'),
(3, 2, 'Tompong Patu', '', '0'),
(6, 1, 'Mattirowalie', '', '0'),
(8, 3, 'Ureng', '', '0'),
(9, 6, 'Tapong', 'Desa Topong, Kec. Tellu Limpoe, Kab. Bone', '0'),
(10, 8, 'Harapan', 'Desa Harapan, Kec Tanete Riaja, Kab. Barru', '0'),
(11, 9, 'Siambo', 'Desa Siambo, Kec Anggeraja, Kab. Enrekang', '0'),
(12, 10, 'Pariwang', 'Desa Pariwang, Kec. Maiwa, Kab. Enrekang', '0'),
(13, 11, 'Bissoloro', 'Desa Bissoloro, Kec. Bungaya, Kab. Gowa', '0'),
(14, 12, 'Ko\'mara', 'Desa Ko\'mara, Kec. Polongbangkeng Utara, Kab. Takalar', '0'),
(15, 13, 'Binturu', 'Desa Binturu, Kec. Larompong, Kab. Luwu', '0'),
(16, 14, 'Rante Alang', 'Desa Rante Alang, Kec. Suli Barat, Kab. Luwu', '0'),
(17, 15, 'Lamasi Hulu', 'Desa Lamasi Hulu, Kec. Welenrang Barat, Kab. Luwu', '0'),
(18, 15, 'Ilan Batu Uru', 'Desa Ilan Batu Uru, Kec. Welenrang Barat, Kab. Luwu', '0'),
(19, 15, 'Lempe Pasang', 'Desa Lempe Pasang, Kec. Welenrang Barat, Kab. Luwu', '0'),
(20, 15, 'Lewandi', 'Desa Lewandi, Kec. Welenrang Barat, Kab. Luwu', '0'),
(21, 16, 'Matano', '', '0'),
(22, 17, 'Timampu', '', '0'),
(23, 18, 'Batu Putih', '', '0'),
(24, 18, 'Cendana', '', '0'),
(25, 19, 'Kasintuwu', '', '0'),
(26, 20, 'Komba', '', '0'),
(27, 21, 'Malimbu', '', '0'),
(28, 22, 'Padaelo', '', '0'),
(29, 23, 'Ulusaddang', '', '0'),
(30, 24, 'Bila', '', '0'),
(31, 25, 'Awo', '', '0'),
(32, 26, 'Sasak', '', '0'),
(33, 26, 'Buttu Limbong', '', '0'),
(34, 26, 'Burasia', '', '0'),
(35, 27, 'Puang Bembe Mesakada', '', '0'),
(36, 28, 'Sesesalu', '', '0'),
(37, 28, 'Belau Utara', '', '0'),
(38, 29, 'Uluway', '', '0'),
(39, 30, 'Baruppu Selatan', '', '0'),
(40, 30, 'Baruppu Parodo', '', '0'),
(41, 31, 'Pulu-Pulu', '', '0'),
(42, 32, 'Karre Limbong', '', '0');

-- --------------------------------------------------------

--
-- Struktur dari tabel `dt_kabupaten`
--

CREATE TABLE `dt_kabupaten` (
  `id_kabupaten` int(11) NOT NULL,
  `nm_kabupaten` varchar(100) NOT NULL,
  `ket_kabupaten` varchar(100) NOT NULL,
  `flag_kab` enum('0','1') NOT NULL
) ENGINE=InnoDB DEFAULT CHARSET=utf8mb4;

--
-- Dumping data untuk tabel `dt_kabupaten`
--

INSERT INTO `dt_kabupaten` (`id_kabupaten`, `nm_kabupaten`, `ket_kabupaten`, `flag_kab`) VALUES
(1, 'Bone', '', '0'),
(2, 'Barru', '', '1'),
(5, 'Luwu', '', '0'),
(6, 'Enrekang', '-', '0'),
(7, 'Gowa', '', '0'),
(8, 'Takalar', '', '0'),
(9, 'Luwu Timur', '-', '0'),
(10, 'Luwu Utara', '', '0'),
(11, 'Maros', '', '0'),
(12, 'Pinrang', '', '0'),
(13, 'Soppeng', '', '0'),
(14, 'Wajo', '', '0'),
(15, 'Tana Toraja', '', '0'),
(16, 'Toraja Utara', '', '0');

-- --------------------------------------------------------

--
-- Struktur dari tabel `dt_kecamatan`
--

CREATE TABLE `dt_kecamatan` (
  `id_kecamatan` int(11) NOT NULL,
  `id_kabupaten` int(11) NOT NULL,
  `nm_kecamatan` varchar(100) NOT NULL,
  `ket_kecamatan` varchar(100) NOT NULL,
  `flag_kec` enum('0','1') NOT NULL
) ENGINE=InnoDB DEFAULT CHARSET=utf8mb4;

--
-- Dumping data untuk tabel `dt_kecamatan`
--

INSERT INTO `dt_kecamatan` (`id_kecamatan`, `id_kabupaten`, `nm_kecamatan`, `ket_kecamatan`, `flag_kec`) VALUES
(1, 1, 'Bontocani', '', '0'),
(2, 1, 'Kahu', '', '0'),
(3, 1, 'Palakka', '', '0'),
(6, 1, 'Tellu Limpoe', '', '0'),
(8, 2, 'Tanete Riaja', '', '0'),
(9, 6, 'Anggeraja', '', '0'),
(10, 6, 'Maiwa', '', '0'),
(11, 7, 'Bungaya', '', '0'),
(12, 8, 'Polongbangkeng Utara', '', '0'),
(13, 5, 'Larompong', '', '0'),
(14, 5, 'Suli Barat', '', '0'),
(15, 5, 'Welenrang Barat', '', '0'),
(16, 9, 'Nuha', '', '0'),
(17, 9, 'Tuwuti', '', '0'),
(18, 9, 'Burau', '', '0'),
(19, 9, 'Mangkutana', '', '0'),
(20, 10, 'Rongkong', '', '0'),
(21, 10, 'Sabbang', '', '0'),
(22, 11, 'Mallawa', '', '0'),
(23, 12, 'Lembang', '', '0'),
(24, 13, 'Lalabata', '', '0'),
(25, 14, 'Keera', '', '0'),
(26, 15, 'Bittuang', '', '0'),
(27, 15, 'Simbuang', '', '0'),
(28, 15, 'Masanda', '', '0'),
(29, 15, 'Mengkendek', '', '0'),
(30, 16, 'Baruppu', '', '0'),
(31, 16, 'Buntu Pepasan', '', '0'),
(32, 16, 'Nanggala', '', '0');

-- --------------------------------------------------------

--
-- Struktur dari tabel `dt_user`
--

CREATE TABLE `dt_user` (
  `id_user` int(11) NOT NULL,
  `nm_user` varchar(128) NOT NULL,
  `email` varchar(128) NOT NULL,
  `image` varchar(128) NOT NULL,
  `password` varchar(256) NOT NULL,
  `role_id` int(11) NOT NULL,
  `is_active` int(1) NOT NULL,
  `date_created` int(11) NOT NULL
) ENGINE=InnoDB DEFAULT CHARSET=utf8mb4;

--
-- Dumping data untuk tabel `dt_user`
--

INSERT INTO `dt_user` (`id_user`, `nm_user`, `email`, `image`, `password`, `role_id`, `is_active`, `date_created`) VALUES
(5, 'alimal', 'alimalhaq97@gmail.com', 'default.jpg', '$2y$10$Gwtpocm.iiKrGvRsrzeHd.Gu/LK1mmSFisqCM7qCnU6HgLMO0Xgt6', 3, 0, 1590484658),
(6, 'Al AlimalHaq', 'alimalhaq01@gmail.com', '1527327546280-01.jpeg', '$2y$10$gGDzsYmWlJJx2gRplEoBuOf0Iz7HLUvxO7G52T9daJP/i4ZRNjE22', 1, 1, 1590500343),
(7, 'Andi Erlangga Atmadiguna', 'atmadiguna99@gmail.com', 'default.jpg', '$2y$10$Pb.Vo8EPM4SlYaBBMIgSr.FqZgefBvxsXVGiZXbR0MAhMg3NozSp2', 3, 1, 1592118544),
(11, 'as', 'as@gmail.com', 'default.jpg', '$2y$10$TrVW.HkrQgq2GEqbfjla9eiiE.W9ecaMq.wz8mk9.uo1NtUWVm/xq', 8, 1, 1592642356),
(12, 'Asdasr', 'asdasr@gmail.com', 'default.jpg', '$2y$10$q.acl84m489MCQT1wRXWwuHADjNjHo6yC7QMM0RCi7DlRBafLsvl2', 9, 1, 1594364499),
(13, 'Shabir', 'sabri21@gmail.com', 'default.jpg', '$2y$10$YnAY3JBqak9IhV.JD9kP4OtLoxJykpPNfpo1vb2R5MO.RmYn8R3pG', 9, 1, 1594372129),
(14, 'Adminis', 'alimalhaq94@gmail.com', 'default.jpg', '$2y$10$f2AqKIrVPhmRLycRENIFWOdkSQrINmBZXcvZqtcDDV9ZsC5qfKHBy', 10, 1, 1602593517);

-- --------------------------------------------------------

--
-- Struktur dari tabel `harianbahan`
--

CREATE TABLE `harianbahan` (
  `id_harianbahan` int(11) NOT NULL,
  `id_spkbahan` int(11) NOT NULL,
  `nilai_harianbahan` int(11) NOT NULL,
  `tgl` date NOT NULL,
  `foto` varchar(300) NOT NULL,
  `id_kab` int(11) NOT NULL,
  `id_kec` int(11) NOT NULL,
  `id_desa` int(11) NOT NULL,
  `id_blok` int(11) NOT NULL,
  `id_petak` int(11) NOT NULL,
  `koordinat` varchar(100) NOT NULL,
  `luas` int(11) NOT NULL,
  `petugas_lap` varchar(100) NOT NULL,
  `keterangan` text DEFAULT NULL,
  `id_user` int(11) NOT NULL,
  `tgl_create` varchar(100) NOT NULL
) ENGINE=InnoDB DEFAULT CHARSET=utf8mb4;

--
-- Dumping data untuk tabel `harianbahan`
--

INSERT INTO `harianbahan` (`id_harianbahan`, `id_spkbahan`, `nilai_harianbahan`, `tgl`, `foto`, `id_kab`, `id_kec`, `id_desa`, `id_blok`, `id_petak`, `koordinat`, `luas`, `petugas_lap`, `keterangan`, `id_user`, `tgl_create`) VALUES
(1, 1, 20, '2020-09-27', '1601187670-Screenshot (105).png', 1, 1, 1, 5, 13, '87878', 2, 'asdasd', '87', 11, '1601187670'),
(2, 1, 20, '2020-09-27', '1601187713-Screenshot (105).png', 1, 1, 1, 5, 13, '87878', 2, 'asdasd', '87', 11, '1601187713'),
(3, 1, 2340, '2020-09-07', '1601187939-Screenshot (105).png', 1, 1, 1, 5, 13, 'ERTYU', 2, 'FGFG', 'RTY', 11, '1601187939'),
(4, 2, 444, '2020-09-21', '1601189016-Screenshot (85).png', 1, 1, 1, 5, 13, '34563458346-3434683048', 42, 'Ardia', 'sdsdsdsd', 11, '1601189016'),
(5, 2, 1000, '2020-09-21', '1601269043-Screenshot (94).png', 1, 1, 1, 5, 13, 'udyfwrwerwierhwej', 12, 'jashdjahsdah', 'hsdfhsdfbwekfs dfsodfuwe flweufsd fliwsefwe fjsdkfwlef', 6, '1601269043'),
(6, 1, 11, '2020-09-21', '1601290741-57aab934-f099-4a43-9ab6-0cdd8693f0ca.png', 1, 1, 1, 5, 13, 'jheqwe78e7981he198219', 11, 'aaaaa', 'dfjwhf weflkwelf l', 11, '1601290741'),
(7, 10, 20, '2020-09-21', '1601385947-Screenshot (70).png', 1, 1, 1, 5, 14, '34563458346-3434683048', 123123123, 'asssss', 'asdasdasd', 11, '1601385947'),
(8, 1, 9, '2020-09-30', '1601567839-Screenshot (89).png', 1, 1, 1, 5, 13, '34563458346-3434683048', 1, 'hahahaha aaa', 'sdsdsdasd asdkjasfa as asdjkasdkjas asfkasda asdkasd asdd asdas aas asdasdasfa asdasd aa asdlkajsd s asdasd...', 11, '1601567839'),
(9, 24, 12, '2020-10-05', '1601987440-Screenshot (2).png', 5, 15, 18, 23, 143, '2342387239572938', 123, 'asdasd', 'asasdqkjlwf asdkqjk', 11, '1601987440'),
(10, 25, 120, '2020-10-05', '1602578561-WIN_20201009_16_39_34_Scan.jpg', 1, 1, 1, 5, 15, '', 12, 'aaaaaaa', '', 11, '1602578561'),
(11, 16, 0, '2020-10-15', '1603442064-ID CARD060.jpg', 1, 1, 1, 5, 14, '', 12, 'asasas', '', 6, '1603442064'),
(12, 2, 0, '2020-09-30', '1603442800-ID CARD060.jpg', 1, 1, 1, 5, 13, '', 1, 'aaaaa', '', 6, '1603442800');

-- --------------------------------------------------------

--
-- Struktur dari tabel `harianbibit`
--

CREATE TABLE `harianbibit` (
  `id_harianbibit` int(11) NOT NULL,
  `id_spkbibit` int(11) NOT NULL,
  `nilai_harianbibit` int(11) NOT NULL,
  `tgl` date NOT NULL,
  `foto` varchar(300) NOT NULL,
  `id_kab` int(11) NOT NULL,
  `id_kec` int(11) NOT NULL,
  `id_desa` int(11) NOT NULL,
  `id_blok` int(11) NOT NULL,
  `id_petak` int(11) NOT NULL,
  `id_bibit` int(11) NOT NULL,
  `koordinat` varchar(100) NOT NULL,
  `luas` int(11) NOT NULL,
  `petugas_lap` varchar(100) NOT NULL,
  `keterangan` text DEFAULT NULL,
  `id_user` int(11) NOT NULL,
  `tgl_create` varchar(100) NOT NULL
) ENGINE=InnoDB DEFAULT CHARSET=utf8mb4;

--
-- Dumping data untuk tabel `harianbibit`
--

INSERT INTO `harianbibit` (`id_harianbibit`, `id_spkbibit`, `nilai_harianbibit`, `tgl`, `foto`, `id_kab`, `id_kec`, `id_desa`, `id_blok`, `id_petak`, `id_bibit`, `koordinat`, `luas`, `petugas_lap`, `keterangan`, `id_user`, `tgl_create`) VALUES
(1, 1, 1000, '2020-09-20', '1601193957-Screenshot (65).png', 1, 1, 1, 5, 13, 1, '2342343453423423840', 1, 'asdasdaskjdahs', 'jkashdkajshdkjasda sdjkasdb,as dasjd', 11, '1601193957'),
(2, 1, 111, '2020-09-22', '1601290412-', 1, 1, 1, 5, 13, 1, '234234234234', 12, 'sdsdsdsdsdsdsds', 'sdfsdfjsd flskdjfsd fkjsld slkdvjdlks', 11, '1601290412'),
(3, 1, 111, '2020-09-07', '1601290527-Screenshot (65).png', 1, 1, 1, 5, 13, 2, '231231', 11, 'wwwww', 'qweqwqweqwrqw qwe q', 11, '1601290527'),
(4, 9, 1000, '2020-09-29', '1602654063-Capture.PNG', 1, 1, 6, 9, 47, 1, '-', 12, '12213311', 'asffdjg ', 11, '1602654063'),
(5, 4, 123, '2020-09-29', '1602678406-IMG20201014173838.jpg', 1, 1, 1, 5, 14, 1, '12312', 1, 'qwerty', '', 11, '1602678406');

-- --------------------------------------------------------

--
-- Struktur dari tabel `harianlapangan`
--

CREATE TABLE `harianlapangan` (
  `id_harianlapangan` int(11) NOT NULL,
  `id_spklapangan` int(11) NOT NULL,
  `nilai_harianlapangan` int(11) NOT NULL,
  `tgl` date NOT NULL,
  `foto` varchar(300) NOT NULL,
  `video` varchar(200) NOT NULL,
  `id_kab` int(11) NOT NULL,
  `id_kec` int(11) NOT NULL,
  `id_desa` int(11) NOT NULL,
  `id_blok` int(11) NOT NULL,
  `id_petak` int(11) NOT NULL,
  `koordinat` varchar(100) NOT NULL,
  `luas` int(11) NOT NULL,
  `petugas_lap` varchar(100) NOT NULL,
  `keterangan` text NOT NULL,
  `id_user` int(11) NOT NULL,
  `tgl_create` varchar(100) NOT NULL
) ENGINE=InnoDB DEFAULT CHARSET=utf8mb4;

--
-- Dumping data untuk tabel `harianlapangan`
--

INSERT INTO `harianlapangan` (`id_harianlapangan`, `id_spklapangan`, `nilai_harianlapangan`, `tgl`, `foto`, `video`, `id_kab`, `id_kec`, `id_desa`, `id_blok`, `id_petak`, `koordinat`, `luas`, `petugas_lap`, `keterangan`, `id_user`, `tgl_create`) VALUES
(7, 56, 123, '2020-09-20', '1601987795-Screenshot (1).png', '1601987795-WhatsApp_Video_2020-10-03_at_21_25_31.mp4', 13, 24, 30, 44, 312, '0934853094850938459034509', 11, 'asaaassssssaaa', 'sdflwkertewtpoo ljl', 11, '1601987795'),
(8, 8, 12, '2020-10-05', '1602683194-WIN_20201009_16_39_34_Scan.jpg', '1602683194-WhatsApp_Video_2020-09-24_at_16_17_45.mp4', 1, 1, 1, 5, 13, '', 12, 'asdasd', 'teeess', 11, '1602683194');

-- --------------------------------------------------------

--
-- Struktur dari tabel `jenis_kegiatan`
--

CREATE TABLE `jenis_kegiatan` (
  `id_kegiatan` int(11) NOT NULL,
  `nm_kegiatan` varchar(500) NOT NULL,
  `satuan` varchar(20) NOT NULL,
  `flag_keg` enum('0','1') NOT NULL
) ENGINE=InnoDB DEFAULT CHARSET=utf8mb4;

--
-- Dumping data untuk tabel `jenis_kegiatan`
--

INSERT INTO `jenis_kegiatan` (`id_kegiatan`, `nm_kegiatan`, `satuan`, `flag_keg`) VALUES
(8, 'Pengadaan Patok Arah Larikan', 'Patok', '0'),
(9, 'Pengadaan Ajir', 'Batang', '0'),
(10, 'Pengadaan Bahan Pembuatan Papan Nama', 'Unit', '0'),
(11, 'Persiapan Lapangan', 'Ha', '0'),
(12, 'Pengadaan Bahan Gubuk Kerja', 'Unit', '0'),
(13, 'Pengadaan Obat-obatan/Herbisida', 'Paket', '0'),
(14, 'Pengadaan Bahan/ Peralatan Kerja', 'Paket', '0'),
(15, 'Penyediaan Kompos Blok / Media Tanam', 'Buah', '0'),
(17, 'Penataan Lahan', 'Ha', '0'),
(18, 'Pembuatan Jalan Pemeriksaan', 'Ha', '0'),
(19, 'Pembuatan Lubang dan Piringan', 'Ha', '0'),
(21, 'Pemasangan Ajir', 'Batang', '0'),
(23, 'Pembuatan Papan Nama', 'Unit', '0'),
(24, 'Pembuatan Gubuk Kerja', 'Unit', '0'),
(25, 'Distribusi Bibit ke Lubang Tanam', 'Batang', '0'),
(26, 'Distribusi dan Pemasangan Kompos Blok', 'Buah', '0'),
(27, 'Penanaman', 'Batang', '0'),
(28, 'Penyiangan dan Pendangiran', 'Ha', '0'),
(29, 'Pengendalian Hama dan Penyakit', 'Ha', '0'),
(30, 'Penyulaman', 'Batang', '0'),
(31, 'Pengawasan/Mandor Tanam', 'OB', '0');

-- --------------------------------------------------------

--
-- Struktur dari tabel `spkbahan`
--

CREATE TABLE `spkbahan` (
  `id_spkbahan` int(11) NOT NULL,
  `id_kegiatan` int(11) NOT NULL,
  `id_petak` int(11) NOT NULL,
  `nilai_spkbahan` varchar(11) NOT NULL
) ENGINE=InnoDB DEFAULT CHARSET=utf8mb4;

--
-- Dumping data untuk tabel `spkbahan`
--

INSERT INTO `spkbahan` (`id_spkbahan`, `id_kegiatan`, `id_petak`, `nilai_spkbahan`) VALUES
(1, 8, 13, '2400'),
(2, 9, 13, '26400'),
(4, 10, 13, '1'),
(5, 12, 13, '1'),
(7, 13, 13, '24'),
(8, 14, 13, '24'),
(9, 15, 13, '26400'),
(10, 8, 14, '2100'),
(11, 9, 14, '23100'),
(12, 10, 14, '1'),
(13, 12, 14, '0'),
(14, 13, 14, '21'),
(15, 14, 14, '21'),
(16, 15, 14, '23100'),
(17, 8, 47, '2300'),
(18, 9, 47, '25300'),
(19, 10, 47, '1'),
(20, 12, 47, '1'),
(21, 13, 47, '23'),
(22, 14, 47, '23'),
(23, 15, 47, '25300'),
(24, 8, 143, '1233'),
(25, 8, 15, '2200'),
(26, 9, 15, '24200'),
(27, 10, 15, '1'),
(28, 12, 15, '0'),
(29, 13, 15, '22'),
(30, 14, 15, '22'),
(31, 15, 15, '24200'),
(33, 8, 36, '2400'),
(35, 9, 36, '26400'),
(37, 10, 36, '1'),
(38, 12, 36, '1'),
(40, 13, 36, '24'),
(41, 14, 36, '24'),
(43, 15, 36, '26400'),
(45, 8, 226, '2500'),
(46, 9, 226, '27500'),
(48, 8, 237, '2800'),
(49, 10, 226, '1'),
(50, 9, 237, '30800'),
(51, 8, 25, '2300'),
(52, 10, 237, '1'),
(53, 13, 226, '25'),
(55, 12, 237, '1'),
(56, 14, 226, '25'),
(57, 9, 25, '25.300'),
(58, 13, 237, '28'),
(59, 14, 237, '28'),
(60, 15, 226, '27500'),
(62, 10, 25, '1'),
(63, 8, 79, '1500'),
(64, 12, 25, '1'),
(65, 15, 237, '30800'),
(66, 13, 25, '23'),
(67, 8, 227, '2200'),
(68, 9, 79, '15625'),
(69, 14, 25, '23'),
(70, 9, 227, '24200'),
(71, 10, 79, '1'),
(72, 12, 79, '1'),
(73, 15, 25, '25.3'),
(74, 13, 227, '22'),
(75, 13, 79, '25'),
(76, 8, 59, '2800'),
(77, 14, 227, '22'),
(78, 14, 79, '25'),
(79, 9, 59, '30800'),
(80, 15, 227, '24200'),
(81, 10, 59, '1'),
(82, 12, 59, '1'),
(83, 15, 79, '15625'),
(84, 8, 244, '2400'),
(85, 13, 59, '28'),
(86, 14, 59, '28'),
(87, 9, 244, '26400'),
(88, 15, 59, '30800'),
(89, 10, 244, '1'),
(90, 12, 244, '1'),
(91, 13, 244, '24'),
(92, 14, 244, '24'),
(93, 15, 244, '26400'),
(94, 8, 37, '2300'),
(95, 9, 37, '25300'),
(96, 10, 37, '1'),
(98, 13, 37, '23'),
(99, 14, 37, '23'),
(100, 15, 37, '25300'),
(101, 12, 226, '0'),
(102, 12, 227, '0'),
(103, 8, 238, '2100'),
(104, 9, 238, '23100'),
(105, 10, 238, '1'),
(106, 13, 238, '21'),
(107, 14, 238, '21'),
(108, 15, 238, '23100'),
(109, 8, 26, '2700'),
(110, 9, 26, '29700'),
(111, 10, 26, '1'),
(112, 8, 60, '2300'),
(113, 9, 60, '25300'),
(114, 10, 60, '1'),
(115, 12, 60, '0'),
(116, 12, 26, '0'),
(117, 13, 26, '27'),
(118, 13, 60, '23'),
(119, 14, 26, '27'),
(120, 8, 228, '2600'),
(121, 14, 60, '23'),
(122, 8, 239, '2200'),
(123, 9, 228, '28600'),
(124, 9, 239, '24200'),
(125, 15, 60, '25300'),
(126, 15, 26, '29700'),
(127, 10, 239, '1'),
(128, 10, 228, '1'),
(129, 13, 239, '22'),
(130, 14, 239, '22'),
(131, 12, 228, '1'),
(132, 15, 239, '24200'),
(133, 13, 228, '26'),
(134, 14, 228, '26'),
(135, 15, 228, '28600'),
(136, 8, 16, '2300'),
(137, 9, 16, '25300'),
(138, 8, 38, '2900'),
(139, 9, 38, '31900'),
(140, 10, 16, '1'),
(141, 10, 38, '1'),
(142, 12, 16, '0'),
(143, 12, 38, '1'),
(144, 13, 16, '23'),
(145, 13, 38, '29'),
(146, 14, 16, '23'),
(147, 14, 38, '29'),
(148, 15, 16, '25300'),
(149, 15, 38, '31900'),
(150, 8, 240, '2400'),
(151, 9, 240, '26400'),
(152, 10, 240, '1'),
(153, 8, 245, '2100'),
(154, 13, 240, '24'),
(155, 14, 240, '24'),
(156, 15, 240, '26400'),
(157, 9, 245, '23100'),
(158, 10, 245, '1.10'),
(159, 8, 80, '1320'),
(160, 9, 80, '13750'),
(161, 12, 245, '0'),
(162, 23, 80, '1'),
(163, 14, 245, '21'),
(164, 15, 245, '23100'),
(165, 13, 80, '22'),
(166, 14, 80, '22'),
(167, 8, 27, '2000'),
(168, 13, 245, '21'),
(169, 15, 80, '13750'),
(170, 9, 27, '22000'),
(171, 10, 27, '1'),
(172, 12, 27, '1'),
(173, 8, 39, '2300'),
(174, 13, 27, '20'),
(175, 21, 39, '25300'),
(176, 14, 27, '20'),
(177, 10, 39, '1'),
(178, 15, 27, '22000'),
(179, 13, 39, '23'),
(180, 14, 39, '23'),
(181, 8, 18, '2600'),
(182, 15, 39, '25300'),
(183, 9, 18, '28600'),
(184, 10, 18, '1'),
(185, 12, 18, '1'),
(186, 13, 18, '26'),
(187, 8, 61, '2400'),
(188, 14, 18, '26'),
(189, 9, 61, '26400'),
(190, 15, 18, '28600'),
(191, 10, 61, '1'),
(192, 12, 61, '0'),
(193, 8, 229, '2300'),
(194, 8, 241, '2500'),
(195, 13, 61, '24'),
(196, 9, 241, '27500'),
(197, 9, 229, '25300'),
(198, 10, 241, '1'),
(199, 14, 61, '24'),
(200, 12, 241, '1'),
(201, 13, 241, '25'),
(202, 10, 229, '1'),
(203, 15, 61, '26400'),
(204, 14, 241, '25'),
(205, 13, 229, '23'),
(206, 15, 241, '27500'),
(207, 12, 229, '23'),
(208, 15, 229, '25300'),
(209, 8, 41, '3000'),
(210, 9, 41, '33000'),
(211, 10, 41, '1'),
(212, 12, 41, '1'),
(213, 13, 41, '30'),
(214, 14, 41, '30'),
(215, 15, 41, '33000'),
(216, 8, 81, '1440'),
(217, 8, 62, '2500'),
(218, 9, 62, '27500'),
(219, 8, 246, '2800'),
(220, 10, 62, '1'),
(221, 12, 62, '1'),
(222, 9, 246, '30800'),
(223, 8, 242, '2800'),
(224, 13, 62, '25'),
(225, 9, 242, '30800'),
(226, 10, 246, '1'),
(227, 10, 242, '1'),
(228, 14, 62, '25'),
(229, 13, 242, '28'),
(230, 15, 62, '27500'),
(231, 14, 242, '28'),
(232, 12, 246, '0'),
(233, 15, 242, '30800'),
(234, 13, 246, '28'),
(235, 14, 246, '28'),
(236, 15, 246, '30800'),
(237, 8, 42, '2200'),
(238, 9, 42, '24200'),
(239, 10, 42, '1'),
(240, 12, 42, '1'),
(241, 8, 28, '220'),
(242, 9, 28, '24200'),
(243, 13, 42, '22'),
(244, 14, 42, '22'),
(246, 8, 243, '2700'),
(247, 9, 243, '29700'),
(248, 10, 243, '1'),
(249, 12, 243, '1'),
(250, 13, 243, '27'),
(251, 14, 243, '27'),
(252, 15, 243, '29700'),
(253, 10, 28, '1'),
(254, 12, 28, '1'),
(255, 13, 28, '22'),
(256, 8, 230, '2800'),
(257, 9, 230, '30800'),
(258, 10, 230, '1'),
(259, 12, 230, '1'),
(260, 13, 230, '28'),
(261, 14, 230, '28'),
(262, 8, 19, '2200'),
(263, 15, 230, '30800'),
(264, 9, 19, '24200'),
(265, 14, 28, '22'),
(266, 10, 19, '1'),
(267, 15, 28, '24200'),
(268, 12, 19, '0'),
(269, 8, 97, '3000'),
(270, 13, 19, '22'),
(271, 9, 97, '33000'),
(272, 14, 19, '22'),
(273, 10, 97, '1'),
(274, 15, 19, '24200'),
(275, 12, 97, '1'),
(276, 13, 97, '30'),
(277, 14, 97, '30'),
(278, 8, 217, '2400'),
(279, 15, 97, '33000'),
(280, 9, 217, '26400'),
(281, 10, 217, '1'),
(282, 13, 217, '24'),
(283, 14, 217, '24'),
(284, 15, 217, '26400'),
(285, 8, 43, '2800'),
(286, 9, 43, '30800'),
(287, 10, 43, '1'),
(288, 13, 43, '28'),
(289, 14, 43, '28'),
(290, 15, 43, '30800'),
(291, 8, 157, '2500'),
(292, 8, 247, '2300'),
(293, 8, 20, '2900'),
(294, 9, 20, '31900'),
(295, 10, 20, '1'),
(296, 9, 281, '25300'),
(297, 9, 157, '27500'),
(298, 12, 20, '1'),
(299, 8, 218, '2400'),
(300, 13, 20, '29'),
(301, 9, 218, '26400'),
(302, 10, 157, '1'),
(303, 14, 20, '29'),
(304, 10, 218, '1'),
(305, 13, 218, '24'),
(306, 15, 20, '31900'),
(307, 10, 247, '1'),
(308, 14, 218, '24'),
(309, 15, 218, '26400'),
(310, 8, 231, '2400'),
(311, 12, 247, '0'),
(312, 9, 231, '26400'),
(313, 13, 247, '23'),
(314, 10, 231, '1'),
(315, 14, 247, '23'),
(316, 15, 247, '25300'),
(317, 13, 231, '24'),
(318, 13, 157, '25'),
(319, 14, 231, '24'),
(320, 14, 157, '25'),
(321, 15, 231, '26400'),
(322, 9, 247, '25300'),
(323, 15, 157, '27500'),
(324, 8, 29, '2500'),
(325, 8, 44, '2500'),
(326, 9, 29, '27500'),
(327, 9, 44, '27500'),
(328, 8, 158, '2200'),
(329, 10, 44, '1'),
(330, 13, 44, '25'),
(331, 9, 158, '24200'),
(332, 14, 44, '25'),
(333, 8, 21, '2900'),
(334, 9, 21, '31900'),
(335, 8, 219, '2600'),
(336, 15, 44, '27500'),
(337, 10, 158, '1'),
(338, 9, 219, '28600'),
(339, 10, 21, '1'),
(340, 10, 219, '1'),
(341, 12, 21, '0'),
(342, 12, 219, '1'),
(343, 13, 21, '29'),
(344, 13, 219, '26'),
(345, 14, 21, '29'),
(346, 14, 219, '26'),
(347, 15, 219, '28600'),
(348, 15, 21, '31900'),
(349, 12, 158, '1'),
(350, 13, 158, '22'),
(351, 8, 98, '2300'),
(352, 14, 158, '22'),
(353, 9, 98, '25300'),
(354, 10, 98, '1'),
(355, 10, 29, '1'),
(356, 12, 98, '0'),
(357, 15, 158, '24200'),
(358, 13, 98, '23'),
(359, 14, 98, '23'),
(360, 15, 98, '25300'),
(361, 12, 29, '1'),
(362, 8, 220, '2200'),
(363, 9, 220, '24200'),
(364, 10, 220, '1'),
(365, 13, 220, '22'),
(366, 14, 220, '22'),
(367, 15, 220, '24200'),
(368, 13, 29, '25'),
(369, 8, 159, '2500'),
(370, 8, 22, '2800'),
(371, 9, 22, '30800'),
(372, 10, 22, '1'),
(373, 9, 159, '27500'),
(374, 12, 22, '1'),
(375, 14, 29, '25'),
(376, 10, 159, '1'),
(377, 13, 22, '28'),
(378, 14, 22, '28'),
(379, 15, 29, '27500'),
(380, 15, 22, '30800'),
(381, 13, 159, '25'),
(382, 14, 159, '25'),
(383, 8, 248, '2400'),
(384, 9, 248, '26400'),
(385, 15, 159, '27500'),
(386, 10, 248, '1'),
(387, 12, 248, '1'),
(388, 13, 248, '24'),
(389, 14, 248, '24'),
(390, 8, 221, '2600'),
(391, 9, 221, '28600'),
(392, 15, 248, '26400'),
(393, 10, 221, '1'),
(394, 8, 45, '2100'),
(395, 13, 221, '26'),
(396, 14, 221, '26'),
(397, 9, 45, '23100'),
(398, 15, 221, '28600'),
(399, 10, 45, '1'),
(400, 13, 45, '21'),
(401, 14, 45, '21'),
(402, 8, 160, '2800'),
(403, 15, 45, '23100'),
(404, 9, 160, '30800'),
(405, 10, 160, '1'),
(406, 12, 160, '1'),
(407, 13, 160, '28'),
(408, 8, 232, '2600'),
(409, 14, 160, '28'),
(410, 9, 232, '28600'),
(411, 8, 222, '2500'),
(412, 10, 232, '1'),
(413, 9, 222, '27500'),
(414, 15, 160, '30800'),
(415, 10, 222, '1'),
(416, 13, 222, '25'),
(417, 14, 222, '25'),
(418, 15, 222, '27500'),
(419, 12, 232, '1'),
(420, 8, 99, '2500'),
(421, 13, 232, '26'),
(422, 9, 99, '27500'),
(423, 8, 161, '2100'),
(424, 14, 232, '26'),
(425, 10, 99, '1'),
(426, 8, 46, '2500'),
(427, 12, 99, '0'),
(428, 15, 232, '28600'),
(429, 13, 99, '25'),
(430, 9, 46, '27500'),
(431, 14, 99, '25'),
(432, 10, 46, '1'),
(433, 12, 46, '1'),
(434, 15, 99, '27500'),
(435, 13, 46, '25'),
(436, 14, 46, '25'),
(437, 15, 46, '27500'),
(438, 8, 23, '2900'),
(439, 9, 23, '31900'),
(440, 10, 23, '1'),
(441, 13, 23, '29'),
(442, 14, 23, '29'),
(443, 15, 23, '31900'),
(444, 8, 30, '2700'),
(445, 9, 30, '29700'),
(446, 10, 30, '1'),
(447, 12, 30, '0'),
(448, 13, 30, '27'),
(449, 14, 30, '27'),
(450, 15, 30, '29.700'),
(451, 8, 101, '2600'),
(452, 9, 101, '28600'),
(453, 10, 101, '1'),
(454, 12, 101, '1'),
(455, 13, 101, '26'),
(456, 8, 249, '2600'),
(457, 14, 101, '26'),
(458, 15, 101, '28600'),
(459, 9, 249, '28600'),
(460, 8, 35, '2200'),
(461, 10, 249, '1'),
(463, 13, 249, '26'),
(464, 8, 31, '2100'),
(465, 9, 31, '23100'),
(466, 10, 31, '1'),
(467, 12, 31, '1'),
(468, 13, 31, '21'),
(469, 14, 249, '26'),
(470, 8, 100, '2200'),
(471, 14, 31, '21'),
(472, 15, 249, '28600'),
(473, 9, 100, '24200'),
(474, 15, 31, '23100'),
(475, 10, 100, '1'),
(476, 12, 249, '0'),
(477, 12, 100, '1'),
(478, 13, 100, '22'),
(479, 14, 100, '22'),
(480, 15, 100, '24200'),
(481, 9, 161, '23100'),
(482, 10, 161, '1'),
(483, 12, 161, '1'),
(484, 8, 396, '2700'),
(485, 13, 161, '21'),
(486, 14, 161, '21'),
(487, 9, 396, '29700'),
(488, 15, 161, '23100'),
(489, 10, 396, '1'),
(490, 8, 162, '2600'),
(491, 9, 162, '28600'),
(492, 10, 162, '1'),
(493, 12, 396, '1'),
(494, 13, 162, '26'),
(495, 8, 105, '2200'),
(496, 13, 396, '27'),
(497, 14, 396, '27'),
(498, 14, 162, '26'),
(499, 9, 105, '24200'),
(500, 15, 162, '28600'),
(501, 10, 105, '1'),
(502, 15, 396, '29700'),
(503, 8, 163, '2700'),
(504, 12, 105, '1'),
(505, 8, 397, '2500'),
(506, 9, 397, '27500'),
(507, 13, 105, '22'),
(508, 10, 397, '1'),
(509, 14, 105, '22'),
(510, 15, 105, '24200'),
(511, 12, 397, '1'),
(512, 8, 106, '2200'),
(513, 13, 397, '25'),
(514, 9, 106, '24200'),
(515, 14, 397, '25'),
(516, 15, 397, '27500'),
(517, 8, 223, '2300'),
(518, 9, 223, '25300'),
(519, 10, 106, '1'),
(520, 10, 223, '1'),
(521, 12, 223, '1'),
(522, 13, 223, '23'),
(523, 14, 223, '23'),
(524, 12, 106, '0'),
(525, 15, 223, '25300'),
(526, 13, 106, '22'),
(527, 14, 106, '22'),
(528, 15, 106, '24200'),
(529, 8, 107, '2800'),
(530, 9, 163, '29700'),
(531, 9, 107, '30800'),
(532, 10, 163, '1'),
(533, 13, 163, '27'),
(534, 14, 163, '27'),
(535, 8, 398, '2700'),
(536, 15, 163, '29700'),
(537, 10, 107, '1'),
(538, 8, 164, '2600'),
(539, 8, 224, '2600'),
(540, 9, 164, '28600'),
(541, 9, 224, '28600'),
(542, 10, 224, '1'),
(543, 12, 107, '0'),
(544, 10, 164, '1'),
(545, 13, 107, '28'),
(546, 12, 224, '1'),
(547, 14, 107, '28'),
(548, 15, 107, '30800'),
(549, 13, 224, '26'),
(550, 8, 108, '2800'),
(551, 12, 164, '1'),
(552, 9, 108, '30800'),
(553, 14, 224, '26'),
(554, 10, 108, '1'),
(555, 15, 224, '28600'),
(556, 12, 108, '1'),
(557, 13, 108, '28'),
(558, 14, 108, '28'),
(559, 13, 164, '26'),
(560, 15, 108, '30800'),
(561, 14, 164, '26'),
(562, 15, 164, '28600'),
(563, 8, 32, '2200'),
(564, 8, 201, '2800'),
(565, 9, 32, '24200'),
(566, 9, 201, '30800'),
(567, 10, 201, '1'),
(568, 10, 32, '1'),
(569, 30, 106, '44'),
(570, 12, 201, '0'),
(571, 8, 125, '2100'),
(572, 12, 32, '0'),
(573, 13, 201, '28'),
(574, 8, 63, '1440'),
(575, 8, 225, '2900'),
(576, 9, 225, '31900'),
(577, 9, 63, '15000'),
(578, 10, 225, '1'),
(579, 12, 225, '1'),
(580, 9, 125, '23100'),
(581, 13, 225, '29'),
(582, 14, 225, '29'),
(583, 13, 32, '22'),
(584, 10, 63, '1'),
(585, 15, 225, '31900'),
(586, 10, 125, '1'),
(587, 12, 63, '0'),
(588, 14, 32, '22'),
(589, 14, 201, '28'),
(590, 13, 63, '24'),
(591, 15, 32, '24200'),
(592, 14, 63, '24'),
(593, 15, 201, '30800'),
(594, 8, 233, '2500'),
(595, 9, 233, '27500'),
(596, 10, 233, '1'),
(597, 8, 250, '2800'),
(598, 15, 63, '15000'),
(599, 12, 233, '0'),
(600, 13, 233, '25'),
(602, 9, 250, '30800'),
(603, 14, 233, '25'),
(604, 10, 250, '1'),
(605, 15, 233, '27500'),
(606, 12, 250, '0'),
(607, 13, 250, '28'),
(608, 14, 250, '28'),
(609, 15, 250, '30800'),
(610, 8, 64, '1680'),
(611, 9, 64, '17500'),
(612, 10, 64, '1'),
(613, 8, 234, '2700'),
(614, 9, 234, '29700'),
(615, 10, 234, '1'),
(616, 12, 64, '1'),
(617, 12, 234, '1'),
(618, 13, 234, '27'),
(619, 13, 64, '28'),
(620, 14, 234, '27'),
(621, 15, 234, '29700'),
(622, 14, 64, '28'),
(623, 15, 64, '17500'),
(624, 9, 398, '29700'),
(625, 25, 398, '135'),
(626, 8, 235, '2600'),
(627, 9, 235, '28600'),
(628, 10, 235, '1'),
(629, 12, 235, '1'),
(630, 13, 235, '26'),
(631, 14, 235, '26'),
(632, 15, 235, '28600'),
(633, 10, 398, '1'),
(634, 13, 398, '27'),
(635, 14, 398, '27'),
(636, 15, 398, '29700'),
(637, 8, 399, '2400'),
(638, 9, 399, '26400'),
(639, 10, 399, '1'),
(640, 12, 399, '1'),
(641, 13, 399, '24'),
(642, 14, 399, '24'),
(643, 15, 399, '26400'),
(644, 8, 149, '2900'),
(645, 8, 202, '2900'),
(646, 8, 400, '2400'),
(647, 9, 35, '24200'),
(648, 10, 35, '1'),
(649, 9, 400, '26400'),
(650, 9, 202, '31900'),
(651, 10, 400, '1'),
(652, 12, 35, '1'),
(653, 10, 202, '1'),
(654, 12, 400, '0'),
(655, 13, 35, '22'),
(656, 12, 202, '1'),
(657, 14, 35, '22'),
(658, 13, 400, '24'),
(659, 15, 35, '24200'),
(660, 13, 202, '29'),
(661, 14, 400, '24'),
(662, 15, 400, '26400'),
(663, 14, 202, '29'),
(664, 15, 202, '31900'),
(665, 8, 401, '2300'),
(666, 9, 401, '25300'),
(667, 10, 401, '1'),
(668, 12, 401, '0'),
(669, 13, 401, '23'),
(670, 14, 401, '23'),
(671, 15, 401, '25300'),
(672, 8, 236, '2300'),
(673, 9, 236, '25300'),
(674, 10, 236, '1'),
(675, 9, 149, '31900'),
(676, 12, 236, '0'),
(677, 13, 236, '23'),
(678, 14, 236, '23'),
(679, 10, 149, '1'),
(680, 15, 236, '25300'),
(681, 13, 149, '29'),
(682, 14, 149, '29'),
(683, 15, 149, '31900'),
(684, 8, 251, '2600'),
(685, 9, 251, '28600'),
(686, 10, 251, '1'),
(687, 12, 251, '1'),
(688, 13, 251, '26'),
(689, 14, 251, '26'),
(690, 15, 251, '28600'),
(691, 8, 203, '2900'),
(692, 9, 203, '31900'),
(693, 10, 203, '1'),
(694, 12, 203, '0'),
(695, 13, 203, '29'),
(696, 14, 203, '29'),
(697, 15, 203, '31900'),
(698, 8, 33, '2800'),
(699, 9, 33, '30800'),
(700, 10, 33, '1'),
(701, 12, 33, '1'),
(702, 13, 33, '28'),
(703, 14, 33, '28'),
(704, 15, 33, '30800'),
(705, 8, 252, '2700'),
(706, 9, 252, '29700'),
(707, 10, 252, '1'),
(708, 8, 386, '2500'),
(709, 12, 252, '1'),
(710, 9, 386, '27500'),
(711, 13, 252, '27'),
(712, 10, 386, '1'),
(713, 12, 386, '0'),
(714, 14, 252, '27'),
(715, 13, 386, '25'),
(716, 14, 386, '25'),
(717, 15, 252, '29700'),
(718, 15, 386, '27500'),
(719, 8, 34, '2800'),
(720, 9, 34, '30800'),
(721, 10, 34, '1'),
(722, 12, 34, '0'),
(723, 13, 34, '28'),
(725, 8, 204, '2900'),
(726, 9, 204, '31900'),
(727, 10, 204, '1'),
(728, 12, 204, '1'),
(729, 13, 204, '29'),
(730, 14, 204, '29'),
(731, 15, 204, '31900'),
(732, 8, 253, '2300'),
(733, 8, 387, '2400'),
(734, 9, 253, '25300'),
(735, 9, 387, '26400'),
(736, 10, 253, '1'),
(737, 10, 387, '1'),
(738, 12, 387, '1'),
(739, 13, 387, '24'),
(740, 14, 387, '24'),
(741, 12, 253, '1'),
(742, 15, 387, '26400'),
(743, 13, 253, '23'),
(744, 14, 253, '23'),
(745, 15, 253, '25300'),
(746, 8, 150, '2800'),
(747, 8, 191, '2800'),
(748, 9, 150, '30800'),
(749, 9, 191, '30800'),
(750, 10, 191, '1'),
(751, 12, 191, '0'),
(752, 8, 388, '2400'),
(753, 10, 150, '1'),
(754, 9, 388, '26400'),
(755, 13, 191, '28'),
(756, 10, 388, '1'),
(757, 14, 191, '28'),
(758, 12, 388, '0'),
(759, 15, 191, '30800'),
(760, 12, 150, '0'),
(761, 14, 388, '24'),
(762, 15, 388, '26400'),
(763, 13, 150, '28'),
(764, 13, 388, '24'),
(765, 14, 150, '28'),
(766, 15, 150, '30800'),
(767, 8, 109, '2400'),
(768, 9, 109, '26400'),
(769, 10, 109, '1'),
(770, 8, 205, '3000'),
(771, 13, 109, '24'),
(772, 14, 109, '24'),
(773, 9, 205, '33000'),
(774, 10, 205, '1'),
(775, 12, 205, '0'),
(776, 8, 192, '2500'),
(777, 9, 192, '27500'),
(778, 13, 205, '30'),
(779, 10, 192, '1'),
(780, 12, 192, '1'),
(781, 13, 192, '25'),
(782, 14, 192, '25'),
(783, 15, 192, '27500'),
(784, 14, 205, '30'),
(785, 15, 205, '33000'),
(786, 8, 193, '2200'),
(787, 9, 193, '24200'),
(788, 10, 193, '1'),
(789, 12, 193, '1'),
(790, 13, 193, '22'),
(791, 14, 193, '22'),
(792, 15, 193, '24200'),
(793, 8, 110, '2600'),
(794, 9, 110, '28600'),
(795, 14, 110, '26'),
(796, 15, 110, '28600'),
(797, 8, 389, '2600'),
(798, 9, 389, '28600'),
(799, 10, 389, '1'),
(800, 12, 389, '1'),
(801, 8, 194, '2400'),
(802, 13, 389, '26'),
(803, 9, 194, '26400'),
(804, 10, 194, '1'),
(805, 14, 389, '26'),
(806, 12, 194, '0'),
(807, 15, 389, '28600'),
(808, 13, 194, '24'),
(809, 14, 194, '24'),
(810, 15, 194, '26400'),
(811, 8, 111, '2700'),
(812, 9, 111, '29700'),
(813, 10, 111, '1'),
(814, 13, 111, '27'),
(815, 14, 111, '27'),
(816, 15, 111, '29700'),
(817, 8, 195, '2100'),
(818, 9, 195, '23100'),
(819, 10, 195, '1'),
(820, 12, 195, '0'),
(821, 13, 195, '21'),
(822, 14, 195, '21'),
(823, 8, 206, '2800'),
(824, 15, 195, '23100'),
(825, 8, 390, '2600'),
(826, 9, 390, '28600'),
(827, 9, 206, '30800'),
(828, 10, 206, '1'),
(829, 10, 390, '1'),
(830, 12, 206, '1'),
(831, 12, 390, '1'),
(832, 13, 206, '28'),
(833, 13, 390, '26'),
(834, 14, 206, '28'),
(835, 15, 206, '30800'),
(836, 14, 390, '26'),
(837, 15, 390, '28600'),
(838, 8, 112, '2700'),
(839, 9, 112, '29700'),
(840, 10, 112, '1'),
(841, 12, 112, '1'),
(842, 13, 112, '27'),
(843, 14, 112, '27'),
(844, 15, 112, '29700'),
(845, 8, 196, '2800'),
(846, 9, 196, '30800'),
(847, 10, 196, '1'),
(848, 12, 196, '0'),
(849, 13, 196, '28'),
(850, 14, 196, '28'),
(851, 15, 196, '30800'),
(852, 8, 391, '2900'),
(853, 9, 391, '31900'),
(854, 10, 391, '1'),
(855, 12, 391, '0'),
(856, 13, 391, '29'),
(857, 14, 391, '29'),
(858, 15, 391, '31900'),
(859, 9, 113, '23100'),
(860, 8, 197, '2600'),
(861, 10, 113, '1'),
(862, 9, 197, '28600'),
(863, 10, 197, '1'),
(864, 12, 197, '1'),
(865, 13, 113, '21'),
(866, 13, 197, '26'),
(867, 14, 197, '26'),
(868, 14, 113, '23100'),
(869, 15, 197, '28600'),
(870, 8, 207, '2800'),
(871, 9, 207, '30800'),
(872, 10, 207, '1'),
(873, 12, 207, '1'),
(874, 13, 207, '28'),
(875, 14, 207, '28'),
(876, 15, 207, '30800'),
(877, 8, 392, '2400'),
(878, 9, 392, '26400'),
(879, 10, 392, '1'),
(880, 12, 392, '1'),
(881, 13, 392, '24'),
(882, 14, 392, '24'),
(883, 8, 198, '2700'),
(884, 15, 392, '26400'),
(885, 9, 198, '29700'),
(886, 10, 198, '1'),
(887, 12, 198, '0'),
(888, 13, 198, '27'),
(889, 14, 198, '27'),
(890, 15, 198, '29700'),
(891, 8, 139, '2900'),
(892, 9, 139, '31900'),
(893, 10, 139, '1'),
(894, 13, 139, '29'),
(895, 14, 139, '29'),
(896, 15, 139, '31900'),
(897, 8, 199, '2600'),
(898, 9, 199, '28600'),
(899, 10, 199, '1'),
(900, 12, 199, '1'),
(901, 13, 199, '26'),
(902, 14, 199, '26'),
(903, 15, 199, '28600'),
(904, 8, 208, '2800'),
(905, 8, 151, '2300'),
(906, 9, 208, '30800'),
(907, 9, 151, '25300'),
(908, 11, 151, '1'),
(909, 10, 208, '1'),
(910, 12, 151, '1'),
(911, 12, 208, '0'),
(912, 13, 208, '28'),
(913, 13, 151, '23'),
(914, 14, 208, '28'),
(915, 8, 200, '2300'),
(916, 15, 208, '30800'),
(917, 9, 200, '25300'),
(918, 10, 200, '1'),
(919, 12, 200, '1'),
(920, 13, 200, '23'),
(921, 14, 200, '23'),
(922, 14, 151, '23'),
(923, 15, 200, '25300'),
(924, 8, 140, '2900'),
(925, 9, 140, '31900'),
(926, 10, 140, '1'),
(927, 15, 151, '25300'),
(928, 12, 140, '1'),
(929, 13, 140, '29'),
(930, 14, 140, '29'),
(931, 15, 140, '31900'),
(932, 8, 179, '2700'),
(933, 9, 179, '29700'),
(934, 10, 179, '1'),
(935, 12, 179, '0'),
(936, 13, 179, '27'),
(937, 14, 179, '27'),
(938, 15, 179, '29700'),
(939, 8, 180, '2700'),
(940, 9, 180, '29700'),
(941, 10, 180, '1'),
(942, 12, 180, '0'),
(943, 8, 141, '2300'),
(944, 13, 180, '27'),
(945, 14, 180, '27'),
(946, 9, 141, '25300'),
(947, 15, 180, '29700'),
(948, 10, 141, '1'),
(949, 13, 141, '23'),
(950, 14, 141, '23'),
(951, 8, 393, '2300'),
(952, 9, 393, '25300'),
(953, 10, 393, '1'),
(954, 12, 393, '0'),
(955, 12, 125, '0'),
(956, 13, 393, '23'),
(957, 14, 393, '23'),
(958, 13, 125, '21'),
(959, 15, 393, '25300'),
(960, 8, 209, '2900'),
(961, 9, 209, '31900'),
(962, 14, 125, '21'),
(963, 10, 209, '1'),
(964, 15, 125, '23100'),
(965, 12, 209, '1'),
(966, 13, 209, '29'),
(967, 14, 209, '29'),
(968, 15, 209, '31900'),
(969, 8, 181, '2800'),
(970, 9, 181, '30800'),
(971, 10, 181, '1'),
(972, 8, 394, '2300'),
(973, 12, 181, '1'),
(974, 9, 394, '25300'),
(975, 13, 181, '28'),
(976, 10, 394, '1'),
(977, 14, 181, '28'),
(978, 15, 181, '30800'),
(979, 12, 394, '1'),
(980, 13, 394, '23'),
(981, 14, 394, '23'),
(982, 15, 394, '25300'),
(983, 8, 395, '2500'),
(984, 9, 395, '27500'),
(985, 8, 182, '2500'),
(986, 10, 395, '1'),
(987, 9, 182, '27500'),
(988, 12, 395, '0'),
(989, 10, 182, '1'),
(990, 13, 395, '25'),
(991, 12, 182, '1'),
(992, 13, 182, '25'),
(993, 14, 395, '25'),
(994, 14, 182, '25'),
(995, 15, 395, '27500'),
(996, 15, 182, '27500'),
(997, 8, 126, '2700'),
(998, 9, 126, '29700'),
(999, 10, 126, '1'),
(1000, 12, 126, '1'),
(1001, 13, 126, '27'),
(1002, 14, 126, '27'),
(1003, 8, 127, '2400'),
(1004, 9, 127, '26400'),
(1005, 15, 126, '29700'),
(1006, 10, 127, '1'),
(1007, 13, 127, '24'),
(1008, 12, 127, '24'),
(1009, 15, 127, '26400'),
(1010, 8, 378, '2300'),
(1011, 9, 378, '25300'),
(1012, 10, 378, '1'),
(1013, 12, 378, '1'),
(1014, 13, 378, '23'),
(1015, 14, 378, '23'),
(1016, 8, 128, '2800'),
(1017, 15, 378, '25300'),
(1018, 9, 128, '30800'),
(1019, 10, 128, '1'),
(1020, 8, 183, '2800'),
(1021, 9, 183, '30800'),
(1022, 12, 128, '1'),
(1023, 10, 183, '1'),
(1024, 12, 183, '1'),
(1025, 13, 183, '28'),
(1026, 14, 183, '28'),
(1027, 15, 183, '30800'),
(1028, 13, 128, '28'),
(1029, 14, 128, '28'),
(1030, 15, 128, '30800'),
(1031, 8, 379, '2600'),
(1032, 9, 379, '28600'),
(1033, 10, 379, '1'),
(1034, 8, 184, '2400'),
(1035, 9, 184, '26400'),
(1036, 12, 379, '0'),
(1037, 10, 184, '1'),
(1038, 12, 184, '1'),
(1039, 13, 379, '26'),
(1040, 13, 184, '24'),
(1041, 14, 184, '24'),
(1042, 14, 379, '26'),
(1043, 15, 184, '26400'),
(1044, 8, 211, '2800'),
(1045, 15, 379, '28600'),
(1046, 9, 211, '30800'),
(1047, 10, 211, '1'),
(1048, 12, 211, '1'),
(1049, 13, 211, '28'),
(1050, 14, 211, '28'),
(1051, 15, 211, '30800'),
(1052, 8, 185, '2400'),
(1053, 9, 185, '26400'),
(1054, 10, 185, '1'),
(1055, 12, 185, '0'),
(1056, 13, 185, '24'),
(1057, 14, 185, '24'),
(1058, 15, 185, '26400'),
(1059, 15, 113, '23100'),
(1060, 10, 110, '1'),
(1061, 12, 110, '1'),
(1062, 13, 110, '26'),
(1063, 8, 186, '2100'),
(1064, 9, 186, '23100'),
(1065, 10, 186, '1'),
(1066, 8, 113, '2100'),
(1067, 12, 186, '0'),
(1068, 8, 210, '2900'),
(1069, 13, 186, '21'),
(1070, 14, 186, '21'),
(1071, 9, 210, '31900'),
(1072, 15, 186, '23100'),
(1073, 8, 380, '2600'),
(1074, 10, 210, '1'),
(1075, 12, 210, '0'),
(1076, 12, 109, '0'),
(1077, 13, 210, '29'),
(1078, 9, 380, '28600'),
(1079, 15, 109, '26400'),
(1080, 14, 210, '29'),
(1081, 10, 380, '1'),
(1082, 15, 210, '31900'),
(1083, 12, 380, '1'),
(1084, 13, 380, '26'),
(1085, 14, 380, '26'),
(1086, 15, 380, '28600'),
(1087, 8, 165, '2800'),
(1088, 9, 165, '30800'),
(1089, 8, 254, '2800'),
(1090, 10, 165, '1'),
(1091, 9, 254, '30800'),
(1092, 8, 381, '2600'),
(1093, 9, 381, '28600'),
(1094, 13, 165, '28'),
(1096, 10, 381, '1'),
(1097, 12, 381, '0'),
(1098, 13, 381, '26'),
(1099, 14, 165, '28'),
(1100, 14, 381, '26'),
(1101, 12, 254, '1'),
(1102, 8, 411, '2800'),
(1103, 15, 381, '28600'),
(1104, 9, 411, '30800'),
(1105, 10, 411, '1'),
(1106, 15, 165, '30800'),
(1107, 12, 411, '0'),
(1108, 13, 254, '28'),
(1109, 13, 411, '28'),
(1110, 14, 254, '28'),
(1111, 15, 254, '30800'),
(1112, 14, 411, '28'),
(1113, 8, 266, '2700'),
(1114, 8, 409, '2400'),
(1115, 9, 266, '29700'),
(1116, 9, 409, '26400'),
(1117, 10, 409, '1'),
(1118, 15, 411, '30800'),
(1119, 12, 409, '1'),
(1120, 13, 409, '24'),
(1121, 10, 254, '1'),
(1122, 14, 409, '24'),
(1123, 15, 409, '26400'),
(1124, 10, 266, '1'),
(1125, 12, 266, '1'),
(1126, 8, 278, '2600'),
(1127, 13, 266, '27'),
(1128, 9, 278, '28600'),
(1129, 10, 278, '1'),
(1130, 8, 166, '2300'),
(1131, 14, 266, '27'),
(1132, 12, 278, '1'),
(1133, 15, 266, '29700'),
(1134, 9, 166, '25300'),
(1135, 13, 278, '26'),
(1136, 14, 278, '26'),
(1137, 10, 166, '1'),
(1138, 15, 278, '28600'),
(1139, 8, 382, '2500'),
(1140, 9, 382, '27500'),
(1141, 10, 382, '1'),
(1142, 12, 166, '0'),
(1143, 8, 212, '2800'),
(1144, 13, 166, '23'),
(1145, 12, 382, '0'),
(1146, 9, 212, '30800'),
(1147, 13, 382, '25'),
(1148, 14, 382, '25'),
(1149, 14, 166, '23'),
(1150, 15, 382, '27500'),
(1151, 10, 212, '1'),
(1152, 12, 212, '0'),
(1153, 15, 166, '25300'),
(1154, 8, 187, '2300'),
(1155, 13, 212, '28'),
(1156, 9, 187, '25300'),
(1157, 14, 212, '28'),
(1158, 10, 187, '1'),
(1159, 15, 212, '30800'),
(1160, 12, 187, '1'),
(1161, 13, 187, '23'),
(1162, 8, 290, '2500'),
(1163, 14, 187, '23'),
(1164, 15, 187, '25300'),
(1165, 9, 290, '27500'),
(1166, 8, 412, '2600'),
(1167, 9, 412, '28600'),
(1168, 10, 412, '1'),
(1169, 10, 290, '1'),
(1170, 8, 410, '2600'),
(1171, 12, 412, '1'),
(1172, 12, 290, '0'),
(1173, 13, 412, '26'),
(1174, 9, 410, '28600'),
(1175, 8, 167, '2800'),
(1176, 14, 412, '26'),
(1177, 10, 410, '1'),
(1178, 13, 290, '25'),
(1179, 15, 412, '28600'),
(1180, 14, 290, '25'),
(1181, 9, 167, '30800'),
(1182, 8, 383, '2600'),
(1183, 15, 290, '27500'),
(1184, 9, 383, '28600'),
(1185, 10, 383, '1'),
(1186, 10, 167, '1'),
(1187, 12, 383, '0'),
(1188, 13, 383, '26'),
(1189, 14, 383, '26'),
(1190, 15, 383, '28600'),
(1191, 13, 167, '28'),
(1192, 14, 167, '28'),
(1193, 8, 255, '2500'),
(1194, 9, 255, '27500'),
(1195, 12, 410, '0'),
(1196, 12, 255, '1'),
(1197, 13, 410, '26'),
(1198, 13, 255, '25'),
(1199, 14, 255, '25'),
(1200, 14, 410, '26'),
(1201, 8, 279, '2800'),
(1202, 15, 410, '28600'),
(1203, 9, 279, '30800'),
(1204, 15, 255, '27500'),
(1205, 10, 279, '1'),
(1206, 12, 279, '0'),
(1207, 10, 255, '1'),
(1208, 13, 279, '28'),
(1209, 8, 384, '2400'),
(1210, 9, 384, '26400'),
(1211, 14, 279, '28'),
(1212, 10, 384, '1'),
(1213, 8, 213, '2800'),
(1214, 15, 279, '30800'),
(1215, 9, 213, '30800'),
(1216, 12, 384, '1'),
(1217, 10, 213, '1'),
(1218, 13, 384, '24'),
(1219, 14, 384, '24'),
(1220, 12, 213, '1'),
(1221, 15, 384, '26400'),
(1222, 13, 213, '28'),
(1223, 14, 213, '28'),
(1224, 8, 267, '2700'),
(1225, 15, 213, '30800'),
(1226, 8, 413, '2100'),
(1227, 9, 413, '23100'),
(1228, 9, 267, '29700'),
(1229, 8, 188, '2500'),
(1230, 10, 413, '1'),
(1231, 8, 168, '2700'),
(1232, 9, 188, '27500'),
(1233, 10, 188, '1'),
(1234, 12, 188, '0'),
(1235, 13, 188, '25'),
(1236, 14, 188, '25'),
(1237, 9, 168, '29700'),
(1238, 10, 267, '1'),
(1239, 15, 188, '27500'),
(1240, 10, 168, '1'),
(1241, 12, 413, '0'),
(1242, 13, 168, '27'),
(1243, 13, 413, '21'),
(1244, 12, 267, '0'),
(1245, 14, 168, '27'),
(1246, 14, 413, '21'),
(1247, 13, 267, '27'),
(1248, 15, 168, '29700'),
(1249, 15, 413, '23100'),
(1250, 14, 267, '27'),
(1251, 8, 385, '2400'),
(1252, 15, 267, '29700'),
(1253, 9, 385, '26400'),
(1254, 10, 385, '1'),
(1255, 12, 385, '1'),
(1256, 8, 406, '2000'),
(1257, 13, 385, '24'),
(1258, 9, 406, '22000'),
(1259, 14, 385, '24'),
(1260, 10, 406, '1'),
(1261, 15, 385, '26400'),
(1262, 8, 189, '2300'),
(1263, 12, 406, '0'),
(1264, 13, 406, '20'),
(1265, 9, 189, '25300'),
(1266, 10, 189, '1'),
(1267, 14, 406, '20'),
(1268, 12, 189, '1'),
(1270, 13, 189, '23'),
(1271, 14, 189, '23'),
(1272, 15, 189, '25300'),
(1273, 15, 406, '22000'),
(1274, 8, 169, '2200'),
(1276, 9, 169, '24200'),
(1277, 8, 280, '2400'),
(1278, 8, 214, '2600'),
(1279, 9, 280, '26400'),
(1280, 9, 214, '28600'),
(1281, 10, 214, '1'),
(1282, 10, 280, '1'),
(1283, 12, 214, '0'),
(1284, 12, 280, '0'),
(1285, 13, 214, '26'),
(1286, 14, 214, '26'),
(1287, 13, 280, '24'),
(1288, 15, 214, '28600'),
(1289, 14, 280, '24'),
(1290, 8, 190, '2500'),
(1291, 9, 190, '27500'),
(1292, 10, 190, '1'),
(1293, 12, 190, '0'),
(1294, 15, 280, '26400'),
(1295, 13, 190, '25'),
(1296, 14, 190, '25'),
(1297, 15, 190, '27500'),
(1298, 8, 256, '2600'),
(1299, 9, 256, '28600'),
(1300, 10, 256, '1'),
(1301, 12, 256, '0'),
(1302, 13, 256, '26'),
(1303, 8, 407, '2700'),
(1304, 8, 114, '2800'),
(1305, 9, 114, '30800'),
(1306, 9, 407, '29700'),
(1307, 10, 114, '1'),
(1308, 12, 114, '0'),
(1309, 10, 407, '1'),
(1310, 13, 114, '28'),
(1311, 14, 114, '28'),
(1312, 15, 114, '30800'),
(1313, 14, 256, '26'),
(1314, 12, 407, '1'),
(1315, 13, 407, '27'),
(1316, 15, 256, '28600'),
(1317, 14, 407, '27'),
(1318, 15, 407, '29700'),
(1319, 8, 291, '2500'),
(1320, 8, 102, '2400'),
(1321, 9, 102, '26400'),
(1322, 9, 291, '27500'),
(1323, 8, 257, '2600'),
(1324, 10, 102, '1'),
(1325, 10, 291, '1'),
(1326, 12, 102, '0'),
(1327, 9, 257, '28600'),
(1328, 12, 291, '0'),
(1329, 13, 102, '24'),
(1330, 13, 291, '25'),
(1331, 8, 281, '2500'),
(1332, 14, 102, '24'),
(1333, 10, 257, '1'),
(1334, 10, 281, '1'),
(1335, 12, 281, '1'),
(1336, 15, 102, '26400'),
(1337, 13, 281, '25'),
(1338, 14, 291, '25'),
(1339, 14, 281, '25'),
(1340, 8, 115, '2700'),
(1341, 9, 115, '29700'),
(1342, 10, 115, '1'),
(1343, 15, 281, '27500'),
(1344, 12, 115, '1'),
(1345, 13, 115, '27'),
(1346, 14, 115, '27'),
(1347, 15, 291, '27500'),
(1348, 15, 115, '29700'),
(1349, 8, 268, '2600'),
(1350, 9, 268, '28600'),
(1351, 10, 268, '1'),
(1352, 12, 268, '1'),
(1353, 13, 268, '26'),
(1354, 8, 402, '2600'),
(1355, 9, 402, '28600'),
(1356, 10, 402, '1'),
(1357, 12, 402, '1'),
(1358, 14, 268, '26'),
(1359, 13, 402, '26'),
(1360, 14, 402, '26'),
(1361, 15, 268, '28600'),
(1362, 15, 402, '28600'),
(1363, 8, 116, '3000'),
(1364, 9, 116, '33000'),
(1365, 10, 116, '1'),
(1366, 12, 116, '1'),
(1367, 13, 116, '30'),
(1368, 8, 215, '2800'),
(1369, 14, 116, '30'),
(1370, 15, 116, '33000'),
(1371, 9, 215, '30800'),
(1372, 10, 215, '1'),
(1373, 12, 257, '1'),
(1374, 12, 215, '1'),
(1375, 13, 257, '26'),
(1376, 13, 215, '28'),
(1377, 14, 257, '26'),
(1378, 14, 215, '28'),
(1379, 15, 257, '28600'),
(1380, 15, 215, '30800'),
(1381, 8, 216, '2500'),
(1382, 9, 216, '27500'),
(1383, 8, 408, '2800'),
(1384, 10, 216, '1'),
(1385, 9, 408, '30800'),
(1386, 12, 216, '0'),
(1387, 10, 408, '1'),
(1388, 13, 216, '25'),
(1389, 8, 117, '2700'),
(1390, 9, 117, '29700'),
(1391, 12, 408, '0'),
(1392, 10, 117, '1'),
(1393, 12, 117, '0'),
(1394, 13, 117, '27'),
(1395, 14, 216, '25'),
(1396, 14, 117, '27'),
(1397, 15, 117, '29700'),
(1398, 15, 216, '27500'),
(1399, 13, 408, '28'),
(1400, 8, 403, '2600'),
(1401, 14, 408, '28'),
(1402, 9, 403, '28600'),
(1403, 10, 403, '1'),
(1404, 12, 403, '0'),
(1405, 13, 403, '26'),
(1406, 14, 403, '26'),
(1407, 8, 282, '2600'),
(1408, 15, 408, '30800'),
(1409, 15, 403, '28600'),
(1410, 9, 282, '28600'),
(1411, 10, 282, '1'),
(1412, 12, 282, '1'),
(1413, 13, 282, '26'),
(1414, 14, 282, '26'),
(1415, 8, 103, '2500'),
(1416, 8, 118, '2900'),
(1417, 15, 282, '28600'),
(1418, 9, 91, '31900'),
(1419, 9, 103, '27500'),
(1424, 10, 103, '1'),
(1425, 12, 103, '0'),
(1426, 9, 118, '31900'),
(1427, 10, 118, '1'),
(1428, 13, 103, '25'),
(1429, 12, 118, '0'),
(1430, 13, 118, '29'),
(1431, 14, 118, '29'),
(1432, 14, 103, '25'),
(1433, 8, 404, '2500'),
(1434, 15, 118, '31900'),
(1435, 9, 404, '27500'),
(1436, 10, 404, '1'),
(1437, 12, 404, '0'),
(1438, 15, 103, '27500'),
(1439, 13, 404, '25'),
(1440, 14, 404, '25'),
(1441, 15, 404, '27500'),
(1442, 8, 119, '2200'),
(1443, 9, 119, '24200'),
(1444, 10, 119, '1'),
(1445, 12, 119, '1'),
(1446, 13, 119, '22'),
(1447, 14, 119, '22'),
(1448, 15, 119, '24200'),
(1449, 8, 120, '2100'),
(1450, 9, 120, '23100'),
(1451, 10, 120, '1'),
(1452, 12, 120, '0'),
(1453, 13, 120, '21'),
(1454, 14, 120, '21'),
(1455, 15, 120, '23100'),
(1456, 8, 258, '2400'),
(1457, 9, 258, '26400'),
(1458, 8, 292, '2600'),
(1459, 9, 292, '28600'),
(1460, 10, 292, '1'),
(1461, 12, 292, '00'),
(1462, 13, 292, '26'),
(1463, 10, 258, '1'),
(1464, 8, 121, '2800'),
(1465, 9, 121, '30800'),
(1466, 10, 121, '1'),
(1467, 12, 121, '1'),
(1468, 14, 292, '26'),
(1469, 12, 258, '0'),
(1470, 13, 121, '28'),
(1471, 14, 121, '28'),
(1472, 13, 258, '24'),
(1473, 15, 121, '30800'),
(1474, 15, 292, '28600'),
(1475, 14, 258, '24'),
(1476, 8, 405, '2300'),
(1477, 15, 258, '26400'),
(1478, 9, 405, '25300'),
(1479, 10, 405, '1'),
(1480, 12, 405, '1'),
(1481, 13, 405, '23'),
(1482, 14, 405, '23'),
(1483, 15, 405, '25300'),
(1484, 8, 414, '22000'),
(1485, 9, 414, '24200'),
(1486, 10, 414, '1'),
(1487, 10, 169, '1'),
(1488, 12, 414, '0'),
(1489, 8, 269, '2300'),
(1490, 13, 414, '22'),
(1491, 12, 169, '1'),
(1492, 8, 370, '2600'),
(1493, 14, 414, '22'),
(1494, 13, 169, '22'),
(1496, 9, 370, '28600'),
(1497, 15, 414, '24200'),
(1498, 14, 169, '22'),
(1499, 15, 169, '24200'),
(1500, 10, 370, '1'),
(1501, 12, 370, '1'),
(1502, 8, 122, '2900'),
(1503, 9, 122, '31900'),
(1504, 9, 269, '25300'),
(1505, 10, 122, '1'),
(1506, 8, 283, '2400'),
(1507, 12, 122, '1'),
(1508, 13, 122, '29'),
(1509, 9, 283, '26400'),
(1510, 10, 269, '1'),
(1511, 14, 122, '29'),
(1512, 13, 370, '26'),
(1513, 15, 122, '31900'),
(1514, 8, 312, '2200'),
(1515, 10, 283, '1'),
(1516, 12, 269, '1'),
(1517, 12, 283, '0'),
(1518, 9, 312, '24200'),
(1519, 13, 269, '23'),
(1520, 14, 370, '26'),
(1521, 13, 283, '24'),
(1522, 10, 312, '1'),
(1523, 14, 269, '23'),
(1524, 14, 283, '24'),
(1525, 12, 312, '1'),
(1526, 15, 283, '26400'),
(1527, 15, 370, '28600'),
(1528, 13, 312, '22'),
(1529, 14, 312, '22'),
(1530, 15, 269, '25300'),
(1531, 15, 312, '24200'),
(1532, 8, 170, '2400'),
(1533, 8, 313, '2800'),
(1534, 9, 313, '30800'),
(1535, 10, 313, '1'),
(1536, 9, 170, '26400'),
(1537, 12, 313, '0'),
(1538, 13, 313, '28'),
(1539, 14, 313, '28'),
(1540, 15, 313, '30800'),
(1541, 10, 170, '1'),
(1542, 8, 371, '2400'),
(1543, 8, 123, '2900'),
(1544, 9, 123, '31900'),
(1545, 10, 123, '1'),
(1546, 12, 123, '0'),
(1547, 13, 123, '29'),
(1548, 14, 123, '29'),
(1549, 9, 371, '26400'),
(1550, 15, 123, '31900'),
(1551, 12, 170, '0'),
(1552, 8, 293, '2400'),
(1553, 9, 293, '26400'),
(1554, 13, 170, '24'),
(1555, 10, 371, '1'),
(1556, 14, 170, '24'),
(1557, 15, 170, '26400'),
(1558, 10, 293, '1'),
(1559, 12, 371, '0'),
(1560, 12, 293, '1'),
(1561, 13, 371, '24'),
(1562, 13, 293, '24'),
(1563, 14, 371, '24'),
(1564, 14, 293, '24'),
(1565, 15, 371, '26400'),
(1566, 15, 293, '26400'),
(1567, 8, 171, '2300'),
(1568, 8, 124, '3000'),
(1569, 9, 124, '33000'),
(1570, 10, 124, '1'),
(1571, 12, 124, '1'),
(1572, 8, 104, '2500'),
(1573, 13, 124, '30'),
(1574, 14, 124, '30'),
(1575, 9, 104, '27500'),
(1576, 15, 124, '33000'),
(1577, 9, 171, '25300'),
(1578, 10, 104, '1'),
(1579, 12, 104, '1'),
(1580, 8, 284, '2600'),
(1581, 13, 104, '25'),
(1582, 9, 284, '28600'),
(1583, 14, 104, '25'),
(1584, 8, 415, '2500'),
(1585, 10, 284, '1'),
(1586, 15, 104, '27500'),
(1587, 8, 260, '2700'),
(1588, 10, 171, '1'),
(1589, 9, 415, '27500'),
(1590, 12, 284, '1'),
(1591, 10, 415, '1'),
(1592, 13, 284, '26'),
(1593, 9, 260, '29700'),
(1594, 12, 415, '1'),
(1595, 14, 284, '26'),
(1596, 13, 415, '25'),
(1597, 15, 284, '28600'),
(1598, 10, 260, '1'),
(1599, 14, 415, '25'),
(1600, 13, 171, '23'),
(1601, 15, 415, '27500'),
(1602, 12, 260, '0'),
(1603, 14, 171, '23'),
(1604, 15, 171, '25300'),
(1605, 8, 372, '2800'),
(1606, 14, 260, '27'),
(1607, 9, 372, '30800'),
(1608, 10, 372, '1'),
(1609, 15, 260, '29700'),
(1610, 15, 141, '25300'),
(1611, 8, 142, '2600'),
(1612, 12, 372, '1'),
(1613, 9, 142, '28600'),
(1614, 10, 142, '1'),
(1615, 12, 142, '1'),
(1616, 13, 142, '26'),
(1617, 14, 142, '26'),
(1618, 15, 142, '28600'),
(1619, 13, 372, '28'),
(1620, 14, 372, '28'),
(1621, 15, 372, '30800'),
(1622, 8, 373, '2500'),
(1623, 8, 270, '2600'),
(1624, 9, 373, '27500'),
(1625, 9, 270, '28600'),
(1626, 10, 373, '1'),
(1627, 13, 260, '27'),
(1628, 10, 270, '1'),
(1629, 12, 373, '0'),
(1630, 12, 270, '0'),
(1631, 8, 285, '2500'),
(1632, 13, 270, '26'),
(1633, 13, 373, '25'),
(1634, 9, 285, '27500'),
(1635, 10, 285, '1'),
(1636, 14, 373, '25'),
(1637, 8, 259, '2300'),
(1638, 12, 285, '0'),
(1639, 14, 270, '26'),
(1640, 13, 285, '25'),
(1641, 15, 373, '27500'),
(1642, 14, 285, '25'),
(1643, 15, 270, '28600'),
(1644, 15, 285, '27500'),
(1645, 8, 314, '2600'),
(1646, 10, 259, '1'),
(1647, 9, 314, '28600'),
(1648, 10, 314, '1'),
(1649, 12, 259, '0'),
(1650, 13, 259, '23'),
(1651, 14, 259, '23'),
(1652, 8, 416, '2800'),
(1653, 15, 259, '25300'),
(1654, 8, 374, '2500'),
(1655, 12, 314, '0'),
(1656, 9, 416, '30800'),
(1657, 13, 314, '26'),
(1658, 9, 259, '25300'),
(1659, 9, 374, '27500'),
(1660, 10, 416, '1'),
(1661, 14, 314, '26'),
(1662, 10, 374, '1'),
(1663, 8, 129, '2300'),
(1664, 9, 129, '25300'),
(1665, 12, 416, '0'),
(1666, 10, 129, '1'),
(1667, 12, 374, '1'),
(1668, 12, 129, '1'),
(1669, 15, 314, '28600'),
(1670, 13, 129, '23'),
(1671, 13, 416, '28'),
(1672, 13, 374, '25'),
(1673, 14, 129, '23'),
(1674, 15, 129, '25300'),
(1675, 8, 315, '2200'),
(1676, 14, 374, '25'),
(1677, 14, 416, '28'),
(1678, 9, 315, '24200'),
(1679, 15, 374, '27500'),
(1680, 15, 416, '30800'),
(1681, 10, 315, '1'),
(1682, 12, 315, '0'),
(1683, 13, 315, '22'),
(1684, 14, 315, '22'),
(1685, 15, 315, '24200'),
(1686, 8, 48, '2800'),
(1687, 9, 48, '30800'),
(1688, 8, 286, '2500'),
(1689, 9, 286, '27500'),
(1690, 8, 375, '2700'),
(1691, 10, 48, '1'),
(1692, 9, 375, '29700'),
(1693, 10, 286, '1'),
(1694, 12, 48, '00'),
(1695, 12, 286, '1'),
(1696, 10, 375, '1'),
(1697, 13, 48, '28'),
(1698, 12, 375, '0'),
(1699, 13, 286, '25'),
(1700, 14, 48, '28'),
(1701, 15, 48, '30800'),
(1702, 8, 130, '2800'),
(1703, 13, 375, '27'),
(1704, 14, 286, '25'),
(1705, 9, 130, '30800'),
(1706, 10, 130, '1'),
(1707, 15, 286, '27500'),
(1708, 14, 375, '27'),
(1709, 12, 130, '0'),
(1710, 13, 130, '28'),
(1711, 14, 130, '28'),
(1712, 15, 130, '30800'),
(1713, 15, 375, '29700'),
(1714, 8, 261, '2500'),
(1715, 9, 261, '27500'),
(1716, 8, 294, '2300'),
(1717, 9, 294, '25300'),
(1718, 10, 294, '1'),
(1719, 12, 294, '0'),
(1720, 10, 261, '1'),
(1721, 13, 294, '23'),
(1722, 8, 316, '2500'),
(1723, 14, 294, '23'),
(1724, 8, 131, '2800'),
(1725, 9, 316, '27500'),
(1726, 15, 294, '25300'),
(1727, 9, 131, '30800'),
(1728, 10, 316, '1'),
(1729, 8, 376, '2300'),
(1730, 10, 131, '1'),
(1731, 12, 261, '0'),
(1732, 9, 81, ' 15000'),
(1733, 12, 131, '1'),
(1734, 12, 316, '1'),
(1735, 9, 376, '25300'),
(1736, 13, 131, '28'),
(1737, 14, 131, '28'),
(1738, 10, 81, '1'),
(1739, 13, 316, '25'),
(1740, 15, 131, '30800'),
(1741, 13, 261, '25'),
(1742, 14, 316, '25'),
(1743, 12, 81, '1'),
(1744, 14, 261, '25'),
(1745, 13, 81, '24'),
(1746, 10, 376, '1'),
(1747, 15, 316, '27500'),
(1748, 15, 261, '27500'),
(1749, 14, 81, '24'),
(1750, 8, 287, '2400'),
(1751, 12, 376, '0'),
(1752, 13, 376, '23'),
(1753, 9, 287, '26400'),
(1754, 15, 81, '15000'),
(1755, 14, 376, '23'),
(1756, 10, 287, '1'),
(1757, 15, 376, '25300'),
(1758, 12, 287, '0'),
(1759, 13, 287, '24'),
(1760, 8, 377, '2200'),
(1761, 14, 287, '24'),
(1762, 15, 287, '26400'),
(1763, 9, 377, '24200'),
(1764, 10, 377, '1'),
(1765, 8, 271, '2400'),
(1766, 9, 271, '26400'),
(1767, 12, 377, '1'),
(1768, 12, 165, '1'),
(1769, 10, 271, '1'),
(1770, 13, 377, '22'),
(1771, 8, 49, '2400'),
(1772, 14, 377, '22'),
(1773, 9, 49, '26400'),
(1774, 15, 377, '24200'),
(1775, 10, 49, '1'),
(1776, 12, 271, '0'),
(1777, 12, 49, '1'),
(1778, 13, 271, '24'),
(1779, 13, 49, '24'),
(1780, 14, 271, '24'),
(1781, 8, 132, '2600'),
(1782, 14, 49, '24'),
(1783, 15, 271, '26400'),
(1784, 9, 132, '28600'),
(1785, 10, 132, '1'),
(1786, 12, 132, '0'),
(1787, 15, 49, '26400'),
(1788, 13, 132, '26'),
(1789, 14, 132, '26'),
(1790, 15, 132, '28600'),
(1791, 8, 288, '2200'),
(1792, 8, 262, '2300'),
(1793, 9, 262, '25300'),
(1794, 10, 262, '1'),
(1795, 12, 262, '1'),
(1796, 13, 262, '23'),
(1797, 14, 262, '23'),
(1798, 15, 262, '25300'),
(1799, 8, 358, '2500'),
(1800, 9, 358, '27500'),
(1801, 10, 358, '1'),
(1802, 12, 358, '0'),
(1803, 13, 358, '25'),
(1804, 14, 358, '25'),
(1805, 15, 358, '27500'),
(1806, 8, 317, '2500'),
(1807, 9, 317, '27500'),
(1808, 10, 317, '1'),
(1809, 12, 317, '1'),
(1810, 13, 317, '25'),
(1811, 14, 317, '25'),
(1812, 15, 317, '27500'),
(1813, 8, 359, '2700'),
(1814, 9, 359, '29700'),
(1815, 8, 133, '2400'),
(1816, 9, 288, '24200'),
(1817, 10, 359, '1'),
(1818, 9, 133, '26400'),
(1819, 10, 288, '1'),
(1820, 12, 359, '1'),
(1821, 13, 359, '27'),
(1822, 12, 288, '0'),
(1823, 8, 65, '1500'),
(1824, 14, 359, '27'),
(1825, 10, 133, '1'),
(1826, 13, 288, '22'),
(1827, 15, 359, '29700'),
(1828, 9, 65, '15625'),
(1829, 12, 133, '0'),
(1830, 8, 87, '2100'),
(1831, 14, 288, '22'),
(1832, 10, 65, '1'),
(1833, 8, 295, '2400'),
(1834, 13, 133, '24'),
(1835, 9, 87, '23100'),
(1836, 15, 288, '24200'),
(1837, 14, 133, '24'),
(1838, 12, 65, '0'),
(1839, 15, 133, '26400'),
(1840, 9, 295, '26400'),
(1841, 13, 65, '25'),
(1842, 10, 295, '1'),
(1843, 10, 87, '1'),
(1844, 14, 65, '25'),
(1845, 12, 295, '0'),
(1846, 15, 65, '15625'),
(1847, 12, 87, '1'),
(1848, 13, 295, '24'),
(1849, 13, 87, '21'),
(1850, 14, 295, '24'),
(1851, 14, 87, '21'),
(1852, 15, 295, '26400'),
(1853, 15, 87, '23100'),
(1854, 8, 272, '2500'),
(1855, 9, 272, '27500'),
(1856, 9, 143, '30800'),
(1857, 8, 360, '2600'),
(1858, 10, 143, '1'),
(1859, 9, 360, '28600'),
(1860, 10, 360, '1'),
(1861, 12, 143, '0'),
(1862, 12, 360, '0'),
(1863, 13, 143, '28'),
(1864, 13, 360, '26'),
(1865, 14, 143, '28'),
(1866, 14, 360, '26'),
(1867, 10, 272, '1'),
(1868, 15, 360, '28600'),
(1869, 15, 143, '30800'),
(1870, 12, 272, '1'),
(1871, 13, 272, '25'),
(1872, 14, 272, '25'),
(1873, 15, 272, '27500'),
(1874, 8, 289, '2500'),
(1875, 9, 289, '27500'),
(1876, 10, 289, '1'),
(1877, 12, 289, '1'),
(1878, 13, 289, '25'),
(1879, 14, 289, '25'),
(1880, 8, 66, '1320'),
(1881, 15, 289, '27500'),
(1882, 9, 66, '13750'),
(1883, 10, 66, '1'),
(1884, 8, 361, '2400'),
(1885, 9, 361, '26400'),
(1886, 8, 134, '2600'),
(1887, 10, 361, '1'),
(1888, 9, 134, '28600'),
(1889, 12, 66, '1'),
(1890, 12, 361, '0'),
(1891, 10, 134, '1'),
(1892, 13, 361, '24'),
(1893, 12, 134, '0'),
(1894, 13, 66, '22'),
(1895, 13, 134, '26'),
(1896, 14, 361, '24'),
(1897, 14, 134, '26'),
(1898, 15, 361, '26400'),
(1899, 15, 134, '28600'),
(1900, 8, 296, '2800'),
(1901, 9, 296, '30800'),
(1902, 14, 66, '22'),
(1903, 10, 296, '1'),
(1904, 15, 66, '13750'),
(1905, 12, 296, '1'),
(1906, 8, 88, '2700'),
(1907, 9, 88, '29700'),
(1908, 10, 88, '1'),
(1909, 13, 88, '27'),
(1910, 13, 296, '28'),
(1911, 14, 88, '27'),
(1912, 8, 92, '2700'),
(1913, 15, 88, '29700'),
(1914, 9, 92, '29700'),
(1915, 14, 296, '28'),
(1916, 8, 263, '2500'),
(1917, 10, 92, '1'),
(1918, 12, 92, '1'),
(1919, 13, 92, '1'),
(1920, 9, 263, '27500'),
(1921, 14, 92, '27'),
(1922, 10, 263, '1'),
(1923, 15, 92, '29700'),
(1924, 15, 296, '30800'),
(1925, 8, 50, '2400'),
(1926, 9, 50, '26400'),
(1927, 12, 263, '0'),
(1928, 8, 362, '2800'),
(1929, 10, 50, '1'),
(1930, 9, 362, '30800'),
(1931, 14, 263, '25'),
(1932, 10, 362, '1'),
(1933, 8, 144, '2500'),
(1934, 12, 362, '1'),
(1935, 9, 144, '27500'),
(1936, 13, 362, '28'),
(1937, 12, 50, '0'),
(1938, 14, 362, '28'),
(1939, 15, 263, '27500'),
(1940, 15, 362, '30800'),
(1941, 8, 273, '2400'),
(1942, 13, 50, '24'),
(1943, 13, 263, '25'),
(1944, 8, 67, '1440'),
(1945, 14, 50, '24'),
(1946, 10, 144, '1'),
(1947, 9, 67, '15000'),
(1948, 9, 273, '26400'),
(1949, 15, 50, '26400'),
(1950, 10, 67, '1'),
(1951, 12, 144, '1'),
(1952, 10, 273, '1'),
(1953, 13, 144, '25'),
(1954, 12, 67, '1'),
(1956, 12, 273, '1'),
(1957, 14, 144, '25'),
(1958, 8, 318, '2400'),
(1959, 13, 67, '24'),
(1960, 14, 67, '24'),
(1961, 8, 264, '2200'),
(1962, 13, 273, '24'),
(1963, 9, 318, '26400'),
(1964, 15, 144, '27500'),
(1965, 8, 93, '2200'),
(1966, 9, 264, '24200'),
(1967, 15, 67, '15000'),
(1968, 9, 93, '24200'),
(1969, 10, 264, '1'),
(1970, 10, 93, '1'),
(1971, 12, 93, '0'),
(1972, 10, 318, '1'),
(1973, 13, 93, '22'),
(1974, 12, 264, '1'),
(1975, 14, 93, '22'),
(1976, 14, 273, '24'),
(1977, 15, 93, '24200'),
(1978, 13, 264, '22'),
(1979, 12, 318, '1'),
(1980, 15, 273, '26400'),
(1981, 14, 264, '22'),
(1982, 13, 318, '24'),
(1983, 15, 264, '24200'),
(1984, 14, 318, '24'),
(1985, 15, 318, '26400'),
(1986, 8, 319, '2800'),
(1987, 8, 135, '2300'),
(1988, 9, 319, '30800'),
(1989, 9, 135, '25300'),
(1990, 8, 297, '2500'),
(1991, 10, 135, '1'),
(1992, 10, 319, '1'),
(1993, 9, 297, '27500'),
(1994, 8, 68, '1500'),
(1995, 12, 135, '0'),
(1996, 12, 319, '0'),
(1997, 13, 135, '23'),
(1998, 10, 297, '1'),
(1999, 12, 297, '1'),
(2000, 14, 135, '23'),
(2001, 9, 68, '15625'),
(2002, 13, 297, '25'),
(2003, 13, 319, '28'),
(2004, 15, 167, '30800'),
(2005, 15, 135, '25300'),
(2006, 8, 89, '2900'),
(2007, 10, 68, '1'),
(2008, 14, 297, '25'),
(2009, 8, 363, '2600'),
(2010, 9, 89, '31900'),
(2011, 14, 319, '28'),
(2012, 9, 363, '28600'),
(2013, 8, 94, '2200'),
(2014, 12, 68, '1'),
(2015, 10, 363, '1'),
(2016, 9, 94, '24200'),
(2017, 10, 89, '1'),
(2018, 15, 297, '27500'),
(2019, 15, 319, '30800'),
(2020, 12, 363, '0'),
(2021, 10, 94, '1'),
(2022, 12, 89, '1'),
(2023, 13, 363, '26'),
(2024, 12, 94, '1'),
(2025, 13, 68, '0'),
(2026, 14, 363, '26'),
(2027, 13, 94, '22'),
(2028, 13, 89, '29'),
(2029, 15, 363, '28600'),
(2030, 14, 94, '22'),
(2031, 14, 89, '29'),
(2032, 15, 94, '24200'),
(2033, 15, 89, '31900'),
(2034, 14, 68, '25'),
(2035, 8, 145, '2200'),
(2036, 9, 145, '24200'),
(2037, 10, 145, '1'),
(2038, 12, 145, '0'),
(2039, 13, 145, '22'),
(2040, 14, 145, '22'),
(2041, 15, 145, '24200'),
(2042, 12, 168, '1'),
(2043, 8, 95, '2400'),
(2044, 9, 95, '26400'),
(2045, 10, 95, '1'),
(2046, 12, 95, '1'),
(2047, 13, 95, '24'),
(2048, 14, 95, '24'),
(2049, 15, 95, '26400'),
(2050, 8, 136, '2400'),
(2051, 9, 136, '26400'),
(2052, 10, 136, '1'),
(2053, 15, 68, '15625'),
(2054, 12, 136, '1'),
(2055, 13, 136, '24'),
(2056, 14, 136, '24'),
(2057, 15, 136, '26400'),
(2058, 8, 69, '1560'),
(2059, 9, 69, '16250'),
(2060, 10, 69, '1'),
(2061, 8, 90, '2700'),
(2062, 8, 96, '2500'),
(2063, 9, 90, '29700'),
(2064, 9, 96, '27500'),
(2065, 12, 69, '1'),
(2066, 10, 90, '1'),
(2067, 10, 96, '1'),
(2068, 12, 96, '1'),
(2069, 13, 90, '27'),
(2070, 13, 96, '25'),
(2071, 14, 90, '27'),
(2072, 14, 96, '25'),
(2073, 13, 69, '26'),
(2074, 15, 96, '27500'),
(2075, 15, 90, '29700'),
(2076, 8, 137, '2600'),
(2077, 14, 69, '26'),
(2078, 8, 364, '2600'),
(2079, 9, 364, '28600'),
(2080, 10, 364, '1'),
(2081, 12, 364, '1'),
(2082, 13, 364, '26'),
(2083, 14, 364, '26'),
(2084, 15, 364, '28600'),
(2085, 15, 69, '16250'),
(2086, 8, 51, '2700'),
(2087, 9, 51, '29700'),
(2088, 8, 265, '2600'),
(2089, 8, 274, '2600'),
(2090, 10, 51, '1'),
(2091, 8, 146, '2800'),
(2092, 9, 274, '28600'),
(2093, 8, 299, '2300'),
(2094, 12, 51, '1'),
(2095, 9, 146, '30800'),
(2096, 10, 274, '1'),
(2097, 9, 299, '25.300'),
(2098, 10, 146, '1'),
(2099, 9, 265, '28600'),
(2100, 10, 299, '1'),
(2101, 12, 299, '1'),
(2102, 12, 146, '0'),
(2103, 12, 274, '1'),
(2104, 13, 299, '23'),
(2105, 13, 146, '28'),
(2106, 10, 265, '1'),
(2107, 14, 299, '23'),
(2108, 14, 146, '28'),
(2109, 8, 365, '2700'),
(2110, 9, 365, '29700'),
(2111, 15, 299, '25300'),
(2112, 13, 274, '26'),
(2113, 10, 365, '1'),
(2114, 15, 146, '30800'),
(2115, 8, 70, '1560'),
(2116, 12, 365, '0'),
(2117, 13, 51, '27'),
(2118, 13, 365, '27'),
(2119, 14, 365, '27'),
(2120, 9, 137, '38600'),
(2121, 14, 274, '26'),
(2122, 12, 265, '1'),
(2123, 15, 365, '29700'),
(2124, 14, 51, '27'),
(2125, 10, 137, '1'),
(2126, 8, 298, '2400'),
(2127, 12, 137, '1'),
(2128, 15, 51, '29700'),
(2129, 15, 274, '28600'),
(2130, 9, 298, '26400'),
(2131, 13, 265, '26'),
(2132, 13, 137, '26'),
(2133, 10, 298, '1'),
(2134, 14, 137, '26'),
(2135, 9, 70, '16250'),
(2136, 14, 265, '26'),
(2137, 10, 70, '1'),
(2139, 15, 265, '28600'),
(2141, 8, 91, '2600'),
(2142, 10, 91, '1'),
(2143, 13, 91, '26'),
(2144, 14, 91, '26'),
(2145, 15, 91, '28600'),
(2146, 15, 137, '28600'),
(2147, 12, 298, '0'),
(2148, 13, 298, '24'),
(2149, 8, 147, '2100'),
(2150, 9, 147, '23100'),
(2151, 14, 298, '24'),
(2152, 10, 147, '1'),
(2153, 15, 298, '26400'),
(2154, 12, 147, '0'),
(2155, 13, 147, '21'),
(2156, 14, 147, '21'),
(2157, 15, 147, '23100'),
(2158, 8, 366, '2800'),
(2159, 9, 366, '30800'),
(2160, 8, 52, '2700'),
(2161, 9, 52, '29700'),
(2162, 10, 52, '1'),
(2163, 12, 52, '0'),
(2164, 13, 52, '27'),
(2165, 14, 52, '27'),
(2166, 8, 320, '2300'),
(2167, 15, 52, '29700'),
(2168, 9, 320, '25300'),
(2169, 10, 320, '1'),
(2170, 8, 53, '2600'),
(2171, 10, 366, '1'),
(2172, 12, 366, '1'),
(2173, 9, 53, '28600'),
(2174, 13, 366, '28'),
(2175, 14, 366, '28'),
(2176, 12, 70, '0'),
(2177, 15, 366, '30800'),
(2178, 12, 320, '1'),
(2179, 8, 367, '2800'),
(2180, 13, 320, '23'),
(2181, 9, 367, '30800'),
(2182, 10, 367, '1'),
(2183, 10, 53, '1'),
(2184, 12, 367, '0'),
(2185, 14, 320, '23'),
(2186, 13, 367, '28'),
(2187, 14, 367, '28'),
(2188, 15, 367, '30800'),
(2189, 12, 53, '0'),
(2190, 8, 301, '2200'),
(2191, 13, 53, '26'),
(2192, 13, 70, '26'),
(2193, 9, 301, '24200'),
(2194, 14, 53, '26'),
(2195, 8, 138, '2200'),
(2196, 14, 70, '26'),
(2197, 9, 138, '24200'),
(2198, 15, 320, '25300'),
(2199, 15, 53, '28600'),
(2200, 10, 138, '1'),
(2201, 12, 138, '1'),
(2202, 13, 138, '22'),
(2203, 14, 138, '22'),
(2204, 15, 138, '24200'),
(2205, 10, 301, '1'),
(2206, 8, 368, '2600'),
(2207, 12, 301, '0'),
(2208, 15, 70, '16250'),
(2209, 8, 54, '2400'),
(2210, 9, 54, '26400'),
(2211, 10, 54, '1'),
(2212, 12, 54, '1'),
(2213, 13, 54, '24'),
(2214, 14, 54, '24'),
(2215, 15, 54, '26400'),
(2216, 8, 276, '2300'),
(2217, 9, 276, '25300'),
(2219, 13, 301, '22'),
(2220, 13, 276, '23'),
(2221, 8, 420, '2400'),
(2222, 8, 275, '2300'),
(2223, 14, 276, '23'),
(2224, 9, 420, '26400'),
(2225, 10, 420, '1'),
(2226, 12, 420, '0'),
(2227, 14, 301, '22'),
(2228, 13, 420, '24'),
(2229, 9, 275, '25300'),
(2230, 14, 420, '24'),
(2231, 15, 276, '25300'),
(2232, 15, 420, '26400'),
(2233, 10, 275, '1'),
(2234, 15, 301, '24200'),
(2235, 12, 275, '0'),
(2236, 13, 275, '23'),
(2237, 14, 275, '23'),
(2238, 8, 300, '2800'),
(2239, 15, 275, '25300'),
(2240, 8, 71, '1380'),
(2241, 9, 300, '30800'),
(2242, 10, 300, '1'),
(2243, 9, 368, '28600'),
(2244, 10, 368, '1'),
(2245, 12, 300, '0'),
(2246, 12, 368, '1'),
(2247, 13, 300, '28'),
(2248, 13, 368, '26'),
(2249, 14, 368, '26'),
(2250, 15, 368, '28600'),
(2251, 14, 300, '28'),
(2252, 15, 300, '30800'),
(2253, 9, 71, '14375'),
(2254, 10, 71, '1'),
(2255, 8, 421, '2700'),
(2256, 9, 421, '29700'),
(2257, 10, 421, '1'),
(2258, 12, 421, '0'),
(2259, 13, 421, '27'),
(2260, 14, 421, '27'),
(2261, 15, 421, '29700'),
(2262, 8, 148, '2100'),
(2263, 8, 321, '2700'),
(2264, 9, 148, '23100'),
(2265, 10, 148, '1'),
(2266, 12, 148, '0'),
(2267, 9, 321, '29700'),
(2268, 12, 71, '0'),
(2269, 10, 321, '1'),
(2270, 13, 148, '21'),
(2271, 14, 148, '21'),
(2272, 12, 321, '0'),
(2273, 13, 321, '27'),
(2274, 14, 321, '27'),
(2275, 15, 148, '23100'),
(2276, 15, 321, '29700'),
(2277, 8, 55, '2300'),
(2278, 13, 71, '23'),
(2279, 8, 277, '2600'),
(2280, 9, 277, '28600'),
(2281, 14, 71, '23'),
(2282, 10, 277, '1'),
(2283, 12, 277, '0'),
(2284, 13, 277, '26'),
(2285, 14, 277, '26'),
(2286, 8, 422, '2400'),
(2287, 15, 277, '28600'),
(2288, 9, 422, '26400'),
(2289, 15, 71, '14375'),
(2290, 10, 422, '1'),
(2291, 12, 422, '1'),
(2292, 13, 422, '24'),
(2293, 9, 55, '25300'),
(2294, 14, 422, '24'),
(2295, 15, 422, '26400'),
(2296, 10, 55, '1'),
(2297, 8, 327, '2500'),
(2298, 8, 72, '1500'),
(2299, 9, 327, '27500'),
(2300, 10, 327, '1'),
(2301, 12, 327, '1'),
(2302, 13, 327, '25'),
(2303, 14, 327, '25'),
(2304, 12, 55, '0'),
(2305, 15, 327, '27500'),
(2306, 13, 55, '23'),
(2307, 8, 325, '2100'),
(2308, 9, 325, '23100'),
(2309, 14, 55, '23'),
(2310, 10, 325, '1'),
(2311, 12, 325, '1'),
(2312, 13, 325, '21'),
(2313, 14, 325, '21'),
(2314, 15, 55, '25300'),
(2315, 15, 325, '23100'),
(2316, 9, 72, '15625'),
(2317, 8, 324, '2500'),
(2318, 9, 324, '27500'),
(2319, 10, 324, '1'),
(2320, 12, 324, '0'),
(2321, 10, 72, '1'),
(2322, 13, 324, '25'),
(2323, 14, 324, '25'),
(2324, 15, 324, '27500'),
(2325, 8, 56, '2200'),
(2327, 9, 56, '24200'),
(2328, 8, 326, '2400'),
(2329, 9, 326, '26400'),
(2330, 10, 326, '1'),
(2331, 12, 326, '0'),
(2332, 13, 326, '24'),
(2333, 14, 326, '24'),
(2334, 12, 72, '1'),
(2335, 15, 326, '26400'),
(2336, 10, 56, '1'),
(2337, 12, 56, '0'),
(2338, 13, 56, '22'),
(2339, 8, 302, '2100'),
(2340, 14, 56, '22'),
(2341, 13, 72, '25'),
(2342, 9, 302, '23100'),
(2343, 8, 172, '2700'),
(2344, 15, 56, '24200'),
(2345, 10, 302, '1'),
(2346, 9, 172, '29700'),
(2347, 10, 172, '1'),
(2348, 12, 302, '1'),
(2349, 12, 172, '0'),
(2350, 13, 172, '27'),
(2351, 13, 302, '21'),
(2352, 14, 172, '27'),
(2353, 14, 72, '25'),
(2354, 14, 302, '21'),
(2355, 15, 172, '29700'),
(2356, 15, 42, '24200'),
(2357, 8, 173, '2800'),
(2358, 15, 302, '23100'),
(2359, 9, 173, '30800'),
(2360, 10, 173, '1'),
(2361, 12, 173, '1'),
(2362, 13, 173, '28'),
(2363, 15, 72, '15625'),
(2364, 14, 173, '28'),
(2365, 14, 34, '28'),
(2366, 15, 173, '30800'),
(2367, 15, 34, '30800'),
(2368, 8, 174, '2700'),
(2369, 9, 174, '29700'),
(2370, 10, 174, '1'),
(2371, 12, 174, '0'),
(2372, 13, 174, '27'),
(2373, 8, 322, '2700'),
(2374, 8, 57, '2400'),
(2375, 14, 174, '27'),
(2376, 15, 174, '29700'),
(2377, 9, 322, '29700'),
(2378, 9, 57, '24200'),
(2379, 10, 322, '1'),
(2380, 8, 175, '2300'),
(2381, 9, 175, '25300'),
(2382, 12, 322, '1'),
(2383, 10, 175, '1'),
(2384, 10, 57, '1'),
(2385, 12, 175, '0'),
(2386, 13, 175, '23'),
(2387, 12, 57, '0'),
(2388, 14, 175, '23'),
(2389, 15, 175, '25300'),
(2390, 13, 322, '27'),
(2391, 8, 176, '2600'),
(2392, 14, 322, '27'),
(2393, 10, 227, '1'),
(2394, 9, 176, '28600'),
(2395, 15, 322, '29700'),
(2396, 10, 176, '1'),
(2397, 8, 73, '1440'),
(2398, 13, 57, '24'),
(2399, 8, 323, '2800'),
(2400, 12, 176, '1'),
(2401, 9, 323, '30800'),
(2402, 13, 176, '26'),
(2403, 14, 176, '26'),
(2404, 10, 323, '1'),
(2405, 14, 57, '24'),
(2406, 15, 176, '28600'),
(2407, 12, 323, '0'),
(2408, 8, 177, '2200'),
(2409, 9, 177, '24200'),
(2410, 13, 323, '28'),
(2411, 10, 177, '1'),
(2412, 31, 57, '26400');
INSERT INTO `spkbahan` (`id_spkbahan`, `id_kegiatan`, `id_petak`, `nilai_spkbahan`) VALUES
(2413, 14, 323, '28'),
(2414, 12, 177, '1'),
(2415, 13, 177, '22'),
(2416, 15, 323, '30800'),
(2417, 14, 177, '22'),
(2418, 15, 177, '24200'),
(2419, 8, 58, '2800'),
(2420, 8, 178, '2200'),
(2421, 9, 178, '24200'),
(2422, 10, 178, '1'),
(2423, 12, 178, '0'),
(2424, 13, 178, '22'),
(2425, 9, 58, '30800'),
(2426, 14, 178, '22'),
(2427, 15, 178, '24200'),
(2428, 10, 58, '1'),
(2429, 12, 58, '0'),
(2430, 13, 58, '24'),
(2431, 14, 58, '24'),
(2432, 15, 58, '26400'),
(2434, 9, 73, '15000'),
(2435, 10, 73, '1'),
(2436, 8, 306, '2700'),
(2437, 9, 306, '29700'),
(2438, 10, 306, '1'),
(2439, 12, 306, '1'),
(2440, 12, 73, '1'),
(2441, 13, 306, '27'),
(2442, 8, 304, '2900'),
(2443, 14, 306, '27'),
(2444, 9, 304, '31900'),
(2445, 10, 304, '1'),
(2446, 15, 306, '29700'),
(2447, 13, 304, '29'),
(2448, 8, 305, '2700'),
(2449, 14, 304, '29'),
(2450, 9, 305, '29700'),
(2451, 8, 303, '2700'),
(2452, 13, 73, '24'),
(2453, 15, 304, '31900'),
(2454, 10, 305, '1'),
(2455, 9, 303, '29700'),
(2456, 12, 305, '1'),
(2457, 13, 305, '27'),
(2458, 10, 303, '1'),
(2459, 14, 305, '27'),
(2460, 12, 303, '0'),
(2461, 13, 303, '27'),
(2462, 15, 305, '29700'),
(2463, 14, 303, '27'),
(2464, 15, 303, '29700'),
(2465, 14, 73, '24'),
(2466, 8, 307, '2600'),
(2467, 15, 73, '15000'),
(2468, 9, 307, '28600'),
(2469, 10, 307, '1'),
(2470, 12, 307, '0'),
(2471, 8, 308, '2400'),
(2472, 13, 307, '26'),
(2473, 9, 308, '26400'),
(2474, 10, 308, '1'),
(2475, 12, 308, '1'),
(2476, 13, 308, '24'),
(2477, 14, 308, '24'),
(2478, 15, 307, '26400'),
(2479, 8, 310, '2400'),
(2480, 9, 310, '26400'),
(2481, 10, 310, '1'),
(2482, 12, 310, '1'),
(2483, 13, 310, '24'),
(2484, 14, 310, '24'),
(2485, 15, 310, '26400'),
(2486, 15, 308, '26400'),
(2488, 8, 311, '2600'),
(2489, 9, 311, '28600'),
(2490, 10, 311, '1'),
(2491, 12, 311, '00'),
(2492, 13, 311, '26'),
(2493, 14, 311, '26'),
(2494, 15, 311, '28600'),
(2495, 8, 74, '1560'),
(2496, 9, 74, '16250'),
(2497, 10, 74, '1'),
(2498, 12, 74, '0'),
(2499, 13, 74, '26'),
(2500, 14, 74, '26'),
(2501, 15, 74, '16250'),
(2502, 8, 75, '1260'),
(2503, 9, 75, '13125'),
(2504, 10, 75, '1'),
(2505, 12, 75, '1'),
(2506, 13, 75, '21'),
(2507, 14, 75, '21'),
(2508, 15, 75, '13125'),
(2509, 8, 77, '1680'),
(2510, 9, 77, '17500'),
(2511, 8, 76, '1680'),
(2512, 9, 76, '17500'),
(2513, 10, 77, '1'),
(2514, 10, 76, '1'),
(2515, 12, 77, '0'),
(2516, 12, 76, '00'),
(2517, 13, 77, '28'),
(2518, 14, 77, '28'),
(2519, 13, 76, '28'),
(2520, 15, 77, '17500'),
(2521, 14, 76, '28'),
(2522, 15, 76, '17500'),
(2523, 8, 78, '1500'),
(2524, 9, 78, '15625'),
(2525, 10, 78, '1'),
(2526, 12, 78, '0'),
(2527, 13, 78, '25'),
(2528, 14, 78, '25'),
(2529, 15, 78, '15625'),
(2530, 8, 309, '2200'),
(2531, 9, 309, '24200'),
(2532, 10, 309, '1'),
(2533, 12, 309, '0'),
(2534, 13, 309, '22'),
(2535, 14, 309, '22'),
(2536, 15, 309, '24200'),
(2537, 8, 82, '1320'),
(2538, 9, 82, '13750'),
(2539, 10, 82, '1'),
(2540, 12, 82, '0'),
(2541, 13, 82, '22'),
(2542, 14, 82, '22'),
(2543, 15, 82, '13750'),
(2544, 8, 83, '1560'),
(2545, 10, 83, '1'),
(2546, 12, 83, '0'),
(2547, 13, 83, '26'),
(2548, 14, 83, '26'),
(2549, 15, 83, '16250'),
(2550, 8, 84, '1260'),
(2551, 9, 84, '13125'),
(2552, 10, 84, '1'),
(2553, 12, 84, '1'),
(2554, 13, 84, '21'),
(2555, 14, 84, '21'),
(2556, 15, 84, '13125'),
(2557, 8, 85, '1440'),
(2558, 9, 85, '15000'),
(2559, 10, 85, '1'),
(2560, 12, 85, '1'),
(2561, 13, 85, '24'),
(2562, 14, 85, '24'),
(2563, 15, 85, '15000'),
(2564, 8, 86, '1200'),
(2565, 9, 86, '12500'),
(2566, 10, 86, '1'),
(2567, 12, 86, '0'),
(2568, 13, 86, '20'),
(2569, 14, 86, '20'),
(2570, 15, 86, '12500'),
(2571, 8, 152, '2300'),
(2572, 9, 152, '25300'),
(2573, 10, 152, '1'),
(2574, 12, 152, '0'),
(2575, 13, 152, '23'),
(2576, 14, 152, '23'),
(2577, 15, 152, '25300'),
(2578, 8, 153, '2400'),
(2579, 9, 153, '26400'),
(2580, 10, 153, '1'),
(2581, 12, 153, '0'),
(2582, 13, 153, '24'),
(2583, 14, 153, '24'),
(2584, 15, 153, '26400'),
(2585, 8, 154, '2300'),
(2586, 9, 154, '25300'),
(2587, 10, 154, '1'),
(2588, 12, 154, '1'),
(2589, 13, 154, '23'),
(2590, 14, 154, '23'),
(2591, 15, 154, '25300'),
(2592, 8, 155, '2300'),
(2593, 9, 155, '25300'),
(2594, 10, 155, '1'),
(2595, 12, 155, '0'),
(2596, 13, 155, '23'),
(2597, 14, 155, '23'),
(2598, 15, 155, '25300'),
(2599, 8, 156, '2600'),
(2600, 9, 156, '28600'),
(2601, 10, 156, '1'),
(2602, 12, 156, '1'),
(2603, 13, 156, '26'),
(2604, 14, 156, '26'),
(2605, 15, 156, '28600');

-- --------------------------------------------------------

--
-- Struktur dari tabel `spkbibit`
--

CREATE TABLE `spkbibit` (
  `id_spkbibit` int(11) NOT NULL,
  `kategori` varchar(50) NOT NULL,
  `id_petak` int(11) NOT NULL,
  `nilai_spkbibit` varchar(11) NOT NULL,
  `satuan_spkbibit` varchar(50) NOT NULL
) ENGINE=InnoDB DEFAULT CHARSET=utf8mb4;

--
-- Dumping data untuk tabel `spkbibit`
--

INSERT INTO `spkbibit` (`id_spkbibit`, `kategori`, `id_petak`, `nilai_spkbibit`, `satuan_spkbibit`) VALUES
(1, 'Tanaman Kayu', 13, '2904', 'Batang'),
(2, 'Tanaman HHBK', 13, '26136', 'Batang'),
(4, 'Tanaman Kayu', 14, '2541', 'Batang'),
(6, 'Tanaman HHBK', 14, '22869', 'Batang'),
(7, 'Tanaman Kayu', 15, '2662', 'Batang'),
(9, 'Tanaman Kayu', 47, '5566', 'Batang'),
(10, 'Tanaman HHBK', 47, '22264', 'Batang'),
(11, 'Tanaman kayu', 63, '3300', 'Batang'),
(12, 'Tanaman HHBK', 63, '13200', 'Batang'),
(13, 'Tanaman Kayu', 226, '9075', 'batang '),
(14, 'tanaman kayu', 59, '3388', 'batang'),
(15, 'Tanaman kayu', 244, '8712', 'Batang'),
(16, 'tanaman HHBK', 226, '21175', 'batang'),
(17, 'HHBK', 244, '20328', 'Batang'),
(18, 'Tanaman HHBK', 15, '108900', 'Batang'),
(19, 'Tanaman Kayu', 16, '2783', 'Batang'),
(20, 'Tanaman HHBK', 16, '25047', 'Batang'),
(21, 'Tanaman Kayu', 36, '2904', 'Batang'),
(22, 'Tanaman HHBK', 36, '26136', 'Batang'),
(23, 'Tanaman kayu', 237, '10164', 'Batang'),
(24, 'Tanaman HHBK', 237, '23716', 'Batang'),
(25, 'Tanaman Kayu', 25, '2783', 'Batang'),
(26, 'tanaman kayu', 227, '7986', 'batang'),
(27, 'tanaman HHBk', 227, '18634', 'batang'),
(28, 'Tanaman kayu', 79, '880', 'Batang'),
(29, 'Tanaman hhbk', 79, '16307.50', 'Batang'),
(30, 'Tanaman HHBK', 25, '25047', 'Batang'),
(31, 'Tanaman HHBK', 59, '30492', 'batang'),
(32, 'Tanaman kayu', 80, '77440', 'Batang'),
(33, 'Tanaman Kayu', 37, '2783', 'Batang'),
(34, 'Tanaman HHBK', 37, '25047', 'Batang'),
(35, 'Tanaman hhbk', 80, '14350.60', 'Batang'),
(36, 'Tanaman kayu', 238, '7623', 'Batang'),
(37, 'Tanaman HHBK', 238, '17787', 'Batang'),
(38, 'tanaman kayu', 60, '2783', 'batang'),
(39, 'Kayu', 26, '3267', 'Batang'),
(40, 'Tanaman HHBK', 60, '25047', 'batang'),
(41, 'Tanaman kayu', 239, '7986', 'Batang'),
(42, 'Tanaman HHBK', 26, '29403', 'Batang'),
(43, 'Tanaman HHBK', 239, '18634', 'Batang'),
(44, 'Tanaman Kayu', 228, '9438', 'batang'),
(45, 'Tanaman HHBK', 228, '22022', 'batang '),
(46, 'Tanaman Kayu', 38, '3509', 'Batang'),
(47, 'Tanaman HHBK', 38, '31581', 'Batang'),
(48, 'Tanaman kayu', 240, '8712', 'Batang'),
(49, 'Tanaman HHBK', 240, '20328', 'Batang'),
(50, 'Tanaman kayu', 81, '84480', 'Batang'),
(51, 'Tanaman kayu', 245, '7623', 'Batang'),
(52, 'Kayu', 27, '2420', 'Batang'),
(53, 'Tanaman hhbk', 81, '15655.20', 'Batang'),
(54, 'Tanaman Kayu', 39, '2783', 'Batang'),
(55, 'Tanaman HHBK', 27, '21780', 'Batang'),
(56, 'Tanaman HHBK', 39, '25047', 'Batang'),
(57, 'Tanaman HHBK', 245, '17787', 'Batang'),
(58, 'Tanaman Kayu', 18, '3146', 'Batang'),
(59, 'Tanaman HHBK', 18, '28314', 'Batang'),
(60, 'tanaman kayu', 61, '2904', 'batang'),
(61, 'Tanaman kayu', 241, '9075', 'Batang'),
(62, 'Tanaman HHBK', 61, '26136', 'batang'),
(63, 'Tanaman HHBK', 241, '21175', 'Batang'),
(64, 'Tanaman Kayu', 229, '8349', 'batang'),
(65, 'Tanaman HHBK', 229, '19481', 'Batang'),
(66, 'Tanaman Kayu', 41, '3630', 'Batang'),
(67, 'Tanaman HHBK', 41, '32670', 'Batang'),
(68, 'tanaman kayu', 62, '3025', 'batang'),
(69, 'Tanaman kayu', 242, '10164', 'Batang'),
(70, 'Tanaman HHBK', 62, '27225', 'batang'),
(71, 'Tanaman HHBK', 242, '23716', 'Batang'),
(72, 'Tanaman kayu', 246, '10164', 'Batang'),
(73, 'Tanaman HHBK', 246, '23716', 'Batang'),
(74, 'Tanaman Kayu', 42, '2662', 'Batang'),
(75, 'Tanaman HHBK', 42, '23958', 'Batang'),
(76, 'Tanaman kayu', 243, '9801', 'Batang'),
(77, 'Tanaman HHBK', 243, '22869', 'Batang'),
(78, 'Tanaman Kayu', 230, '10164', 'Batang'),
(79, 'Tanaman HHBK', 230, '23716', 'Batang'),
(80, 'Kayu', 28, '2662', 'Batang'),
(81, 'Tanaman HHBK', 28, '23958', 'Batang'),
(82, 'Tanaman Kayu', 19, '2662', 'Batang'),
(83, 'Tanaman HHBK', 19, '23958', 'Batang'),
(84, 'tanaman kayu', 97, '25410', 'batang'),
(85, 'Tanaman HHBK', 97, '10890', 'batang'),
(86, 'Tanaman kayu', 217, '8712', 'Batang'),
(87, 'Tanaman HHBK', 217, '20328', 'Batang'),
(88, 'tanaman kayu', 157, '21175', 'batang'),
(89, 'Tanaman Kayu', 43, '3388', 'Batang'),
(90, 'Tanaman HHBK', 43, '30492', 'Batang'),
(91, 'Tanaman Kayu', 20, '3509', 'Batang'),
(92, 'Tanaman HHBK', 20, '31581', 'Batang'),
(93, 'Tanaman kayu', 218, '8712', 'Batang'),
(94, 'Tanaman HHBK', 218, '20328', 'Batang'),
(95, 'Tanaman kayu', 247, '8349', 'Batang'),
(96, 'Tanaman Kayu', 231, '8712', 'Batang'),
(97, 'Tanaman HHBK', 247, '19481', 'Batang'),
(98, 'Tanaman HHBK', 231, '20328', 'Batang'),
(99, 'Tanaman Kayu', 44, '3025', 'Batang'),
(100, 'Tanaman HHBK', 44, '27225', 'Batang'),
(101, 'Tanaman kayu', 219, '9438', 'Batang'),
(102, 'tanaman hhbk', 157, '9075', 'batang'),
(103, 'Tanaman HHBK', 219, '22022', 'Batang'),
(104, 'Tanaman Kayu', 21, '3509', 'Batang'),
(105, 'Tanaman HHBK', 21, '31581', 'Batang'),
(106, 'tanaman kayu', 98, '19481', 'batang'),
(107, 'tanaman kayu', 158, '18634', 'batang'),
(108, 'Tanaman HHBK', 98, '8349', 'batang'),
(109, 'Tanaman kayu', 220, '7986', 'Batang'),
(110, 'Tanaman HHBK', 220, '18634', 'Batang'),
(111, 'tanaman hhbk', 158, '7986', 'batang'),
(112, 'Tanaman Kayu', 22, '3388', 'Batang'),
(113, 'Tanaman HHBK', 22, '30492', 'Batang'),
(114, 'Tanaman kayu', 248, '8712', 'Batang'),
(115, 'Tanaman kayu', 221, '9438', 'Batang'),
(116, 'tanaman kayu', 159, '21175', 'batang'),
(117, 'Tanaman HHBK', 221, '22022', 'Batang'),
(118, 'Tanaman Kayu', 45, '2541', 'Batang'),
(119, 'Tanaman HHBK', 248, '20328', 'Batang'),
(120, 'Tanaman HHBK', 45, '22869', 'Batang'),
(121, 'tanaman hhbk', 159, '9075', 'batang'),
(122, 'Tanaman Kayu', 29, '3025', 'Batang'),
(123, 'Tanaman HHBK', 29, '27225', 'Batang'),
(124, 'Tanaman kayu', 222, '9075', 'Batang'),
(125, 'Tanaman HHBK', 222, '21175', 'Batang'),
(126, 'tanaman kayu', 160, '23716', 'batang'),
(127, 'Tanaman Kayu', 46, '3025', 'Batang'),
(128, 'tanaman hhbk', 160, '10164', 'batang'),
(129, 'Tanaman Kayu', 232, '9438', 'B atang'),
(130, 'Tanaman HHBK', 46, '27225', 'Batang'),
(131, 'tanaman kayu', 99, '21175', 'batang'),
(132, 'Tanaman HHBK', 99, '9075', 'batang'),
(133, 'Tanaman HHBK', 232, '22022', 'Batang'),
(134, 'Tanaman kayu', 23, '3509', 'Batang'),
(135, 'Tanaman HHBK', 23, '31581', 'Batang'),
(136, 'Tanaman Kayu', 30, '3267', 'Batang'),
(137, 'Tanaman Kayu', 101, '18876', 'Batang'),
(138, 'Tanaman HHBK', 30, '29670', 'Batang'),
(139, 'Tanaman HHBK', 101, '12584', 'Batang'),
(140, 'Tanaman kayu', 249, '9438', 'Batang'),
(141, 'Tanaman Kayu', 31, '2541', 'Batang'),
(142, 'Tanaman HHBK', 31, '22869', 'Batang'),
(143, 'Tanaman HHBK', 249, '22022', 'Batang'),
(144, 'tanaman kayu', 100, '18634', 'batang'),
(145, 'Tanaman HHBK', 100, '7986', 'batang'),
(146, 'tanaman kayu', 161, '17787', 'batang'),
(147, 'tanaman hhbk', 161, '7623', 'batang'),
(148, 'Tanaman Kayu', 396, '29403', 'Batang'),
(149, 'Tanaman Kayu', 105, '10648', 'Batang'),
(150, 'tanaman kayu', 162, '22022', 'batang'),
(151, 'tanaman hhbk', 162, '9438', 'batang'),
(152, 'Tanaman HHBK', 105, '15972', 'Batang'),
(153, 'Tanaman HHBK', 396, '3267', 'Batang'),
(154, 'Tanaman Kayu', 397, '27225', 'Batang'),
(155, 'Tanaman HHBK', 397, '3025', 'Batang'),
(156, 'Tanaman Kayu', 398, '29403', 'Batang'),
(157, 'Tanaman Kayu', 106, '10648', 'Batang'),
(158, 'Tanaman HHBK', 106, '15972', 'Batang'),
(159, 'Tanaman HHBK', 398, '3267', 'Batang'),
(160, 'Tanaman Kayu', 107, '13552', 'Batang'),
(161, 'tanaman hhbk', 107, '20328', 'batang'),
(162, 'Tanaman kayu', 223, '8349', 'Batang'),
(163, 'Tanaman Kayu', 399, '26136', 'Batang'),
(164, 'Tanaman HHBK', 223, '19481', 'Batang'),
(165, 'Tanaman Kayu', 108, '13552', 'Batang'),
(166, 'Tanaman HHBK', 399, '2904', 'Batang'),
(167, 'Tanaman HHBK', 108, '20328', 'Batang'),
(168, 'tanaman kayu', 163, '22869', 'batang'),
(169, 'tanaman hhbk', 163, '9801', 'batang'),
(170, 'Tanaman kayu', 224, '9438', 'Batang'),
(171, 'Tanaman Kayu', 179, '6534', 'Batang'),
(172, 'Tanaman Kayu', 32, '2662', 'Batang'),
(173, 'Tanaman HHBK', 179, '26136', 'Batang'),
(174, 'Tanaman HHBK', 32, '23958', 'Batang'),
(175, 'Tanaman HHBK', 224, '22022', 'Batang'),
(176, 'tanaman kayu', 125, '5082', 'batang'),
(177, 'tanaman hhbk', 125, '20328', 'batang'),
(178, 'Tanaman kayu', 225, '10527', 'Batang'),
(179, 'Tanaman HHBK', 225, '24563', 'Batang'),
(180, 'tanaman kayu', 164, '22022', 'batang'),
(181, 'tanaman hhbk', 164, '9438', 'batang'),
(182, 'Tanaman Kayu', 126, '6534', 'Batang'),
(183, 'Tanaman HHBK', 126, '26136', 'Batang'),
(184, 'Tanaman kayu', 233, '9075', 'Batang'),
(185, 'Tanaman Kayu', 64, '3850', 'Batang'),
(186, 'Tanaman HHBK', 233, '21175', 'Batang'),
(187, 'tanaman kayu', 201, '6776', 'batang'),
(188, 'Tanaman HHBK', 64, '15400', 'Batang'),
(189, 'Tanaman HHBK', 201, '27104', 'batang'),
(190, 'Tanaman kayu', 250, '10164', 'Batang'),
(191, 'Tanaman Kayu', 400, '26136', 'Batang'),
(192, 'Tanaman HHBK', 250, '23716', 'Batang'),
(193, 'Tanaman kayu', 234, '9801', 'Batang'),
(194, 'Tanaman HHBK', 234, '22869', 'Batang'),
(195, 'Tanaman kayu', 235, '9438', 'Batang'),
(196, 'Tanaman HHBK', 235, '22022', 'Batang'),
(197, 'tanaman kayu', 35, '2662', 'batang'),
(198, 'tanaman hhbk', 35, '23958', 'batang'),
(199, 'tanaman kayu', 202, '7018', 'batang'),
(200, 'Tanaman HHBK', 202, '28072', 'batang'),
(201, 'Tanaman HHBK', 400, '2904', 'Batang'),
(202, 'Tanaman Kayu', 236, '8349', 'batang'),
(203, 'Tanaman HHBK', 236, '19481', 'batang'),
(204, 'Tanaman Kayu', 401, '25047', 'Batang'),
(205, 'Tanaman kayu', 149, '7018', 'Batang'),
(206, 'tanaman kayu', 203, '7018', 'batang'),
(207, 'Tanaman HHBK', 401, '2783', 'Batang'),
(208, 'Tanaman HHBK', 203, '28072', 'batang'),
(209, 'Tanaman hhbk', 149, '28072', 'Batang'),
(210, 'Tanaman Kayu', 251, '9438', 'Batang'),
(211, 'Tanaman HHBK', 251, '22022', 'Batang'),
(212, 'Tanaman Kayu', 33, '3388', 'batang'),
(213, 'Tanaman HHBK', 33, '30492', 'batang'),
(214, 'Tanaman Kayu', 386, '24200', 'Batang'),
(215, 'Tanaman kayu', 252, '9801', 'Batang'),
(216, 'Tanaman HHBK', 252, '22869', 'Batang'),
(217, 'Tanaman HHBK', 386, '6050', 'Batang'),
(218, 'Tanaman Kayu', 34, '3388', 'batang'),
(219, 'Tanaman HHBK', 34, '30492', 'batang'),
(220, 'tanaman kayu', 204, '7018', 'batang'),
(221, 'Tanaman HHBK', 204, '28072', 'batang'),
(222, 'Tanaman Kayu', 387, '23232', 'Batang'),
(223, 'Tanaman HHBK', 387, '5808', 'Batang'),
(224, 'Tanaman kayu', 253, '8349', 'Batang'),
(225, 'Tanaman HHBK', 253, '19481', 'Batang'),
(226, 'Tanaman Kayu', 191, '6776', 'batang'),
(227, 'Tanaman HHBK', 191, '27104', 'batang'),
(228, 'Tanaman Kayu', 388, '23232', 'Batang'),
(229, 'Tanaman HHBK', 388, '5808', 'Batang'),
(230, 'Tanaman kayu', 109, '5808', 'Batang'),
(231, 'Tanaman HHBK', 109, '23232', 'Batang'),
(232, 'Tanaman Kayu', 192, '6050', 'batang'),
(233, 'Tanaman HHBK', 192, '24200', 'batang'),
(234, 'tanaman kayu', 205, '7260', 'batang'),
(235, 'Tanaman HHBK', 205, '29040', 'batang'),
(236, 'Tanaman Kayu', 193, '5324', 'batang'),
(237, 'Tanaman HHBK', 193, '21296', 'batang'),
(238, 'Tanaman kayu', 110, '6292', 'Batang'),
(239, 'Tanaman HHBK', 110, '25168', 'Batang'),
(240, 'Tanaman kayu', 150, '6776', 'batang'),
(241, 'Tanaman Kayu', 389, '25168', 'Batang'),
(242, 'Tanaman Kayu', 194, '5808', 'batang'),
(243, 'Tanaman HHBK', 389, '6292', 'Batang'),
(244, 'Tanaman HHBK', 194, '23232', 'batang'),
(245, 'tanaman HHBK', 150, '27104', 'batang'),
(246, 'Tanaman kayu', 111, '6534', 'Batang'),
(247, 'Tanaman HHBK', 111, '17500', 'Batang'),
(248, 'Tanaman Kayu', 195, '5082', 'batang'),
(249, 'Tanaman HHBK', 195, '20328', 'batang'),
(250, 'tanaman kayu', 206, '6776', 'batang'),
(251, 'Tanaman Kayu', 390, '31460', 'Batang'),
(252, 'Tanaman HHBK', 206, '27104', 'batang'),
(253, 'Tanaman HHBK', 390, '0', 'Batang'),
(254, 'Tanaman kayu', 112, '6534', 'b'),
(255, 'Tanaman HHBK', 112, '26136', 'Batang'),
(256, 'Tanaman Kayu', 196, '6776', 'batang'),
(257, 'Tanaman HHBK', 196, '27104', 'batang'),
(258, 'Tanaman Kayu', 391, '35090', 'Batang'),
(259, 'Tanaman HHBK', 391, '0', 'Batang'),
(260, 'Tanaman Kayu', 197, '6292', 'batang'),
(261, 'Tanaman kayu', 113, '5082', 'Batang'),
(262, 'Tanaman HHBK', 197, '25168', 'batang'),
(263, 'Tanaman HHBK', 113, '20328', 'Batang'),
(264, 'tanaman kayu', 207, '6776', 'batang'),
(265, 'Tanaman HHBK', 207, '27104', 'batang'),
(266, 'Tanaman Kayu', 392, '29040', 'Batang'),
(267, 'Tanaman Kayu', 198, '6534', 'batang'),
(268, 'Tanaman HHBK', 392, '0', 'Batang'),
(269, 'Tanaman HHBK', 198, '26136', 'batang'),
(270, 'Tanaman kayu', 139, '7018', 'Batang'),
(271, 'Tanaman HHBK', 139, '28072', 'Batang'),
(272, 'Tanaman Kayu', 199, '6292', 'batang'),
(273, 'Tanaman HHBK', 199, '25168', 'batang'),
(274, 'tanaman kayu', 208, '6776', 'batang'),
(275, 'Tanaman HHBK', 208, '27104', 'batang'),
(276, 'Tanaman Kayu', 200, '5566', 'batang'),
(277, 'Tanaman HHBK', 200, '22264', 'batang'),
(278, 'Tanaman Kayu', 151, '5566', 'Batang'),
(279, 'Tanaman HHBK', 151, '22264', 'Batang'),
(280, 'Tanaman kayu', 140, '7018', 'Batang'),
(281, 'Tanaman HHBK', 140, '28072', 'Batang'),
(282, 'Tanaman Kayu', 180, '6534', 'batang'),
(283, 'Tanaman HHBK', 180, '26136', 'batang'),
(284, 'Tanaman kayu', 141, '5566', 'Batang'),
(285, 'Tanaman Kayu', 393, '27830', 'Batang'),
(286, 'Tanaman HHBK', 141, '22264', 'Batang'),
(287, 'Tanaman HHBK', 393, '0', 'Batang'),
(288, 'tanaman kayu', 209, '7018', 'batang'),
(289, 'Tanaman HHBK', 209, '28072', 'batang'),
(290, 'Tanaman Kayu', 181, '6776', 'batang'),
(291, 'Tanaman HHBK', 181, '27104', 'batang'),
(292, 'Tanaman Kayu', 394, '27830', 'Batang'),
(293, 'Tanaman HHBK', 394, '0', 'Batang'),
(294, 'Tanaman kayu', 142, '6292', 'Batang'),
(295, 'Tanaman HHBK', 142, '25168', 'Batang'),
(296, 'Tanaman Kayu', 395, '30250', 'Batang'),
(297, 'Tanaman Kayu', 182, '6050', 'batang'),
(298, 'Tanaman HHBK', 182, '24200', 'batang'),
(299, 'Tanaman HHBK', 395, '0', 'Batang'),
(300, 'Tanaman kayu', 127, '5808', 'Batang'),
(301, 'Tanaman HHBK', 127, '23232', 'Batang'),
(302, 'Tanaman Kayu', 378, '22264', 'Batang'),
(303, 'Tanaman HHBK', 378, '5566', 'Batang'),
(304, 'Tanaman Kayu', 183, '6776', 'batang'),
(305, 'Tanaman HHBK', 183, '27104', 'batang'),
(306, 'tanaman kayu', 128, '6776', 'batang'),
(307, 'tanaman HHBK', 128, '27104', 'batang'),
(308, 'Tanaman Kayu', 379, '25168', 'Batang'),
(309, 'Tanaman Kayu', 184, '5808', 'batang'),
(310, 'Tanaman HHBK', 184, '23232', 'batang'),
(311, 'Tanaman HHBK', 379, '6292', 'Batang'),
(312, 'tanaman kayu', 211, '6776', 'batang'),
(313, 'Tanaman HHBK', 211, '27104', 'batang'),
(314, 'Tanaman Kayu', 185, '5808', 'batang'),
(315, 'Tanaman HHBK', 185, '23232', 'batang'),
(316, 'tanaman kayu', 210, '7018', 'batang'),
(317, 'Tanaman HHBK', 210, '28072', 'batang'),
(318, 'Tanaman Kayu', 186, '5082', 'batang'),
(319, 'Tanaman HHBK', 186, '20328', 'batang'),
(320, 'Tanaman Kayu', 380, '25168', 'Batang'),
(321, 'Tanaman HHBK', 380, '6292', 'Batang'),
(322, 'Tanaman Kayu', 165, '10000', 'batang'),
(323, 'tanaman kayu', 290, '21175', 'batang'),
(324, 'Tanaman HHBK', 165, '17500', 'batang'),
(325, 'Tanaman Kayu', 381, '25168', 'Batang'),
(326, 'Tanaman HHBK', 381, '6292', 'Batang'),
(327, 'Kayu', 411, '23716', 'Batang'),
(328, 'Tanaman HHBK', 411, '10164', 'Batang'),
(329, 'Tanaman kayu', 254, '23716', 'Batang'),
(330, 'Tanaman Kayu', 409, '29040', 'Batang'),
(331, 'Tanaman HHBK', 409, '0', 'Batang'),
(332, 'Tanaman Kayu', 166, '23716', 'batang'),
(333, 'Tanaman HHBK', 166, '8349', 'batang'),
(334, 'Tanaman Kayu', 266, '22869', 'Batang'),
(335, 'TANAMAN KAYU', 278, '22022', 'BATANG'),
(336, 'Tanaman Kayu', 382, '24200', 'Batang'),
(337, 'Tanaman HHBK', 254, '10164', 'Batang'),
(338, 'Tanaman HHBK', 266, '9801', 'Batang'),
(339, 'Tanaman HHBK', 382, '6050', 'Batang'),
(340, 'HHBK', 278, '9438', 'BATANG'),
(341, 'tanaman kayu', 212, '6776', 'batang'),
(342, 'Tanaman HHBK', 212, '27104', 'batang'),
(343, 'Tanaman Kayu', 187, '5566', 'Batang'),
(344, 'Tanaman HHBK', 187, '22264', 'Batang'),
(345, 'Tanaman Kayu', 167, '23716', 'batang'),
(346, 'Tanaman HHBK', 167, '10164', 'batang'),
(347, 'Kayu', 412, '22022', 'Batang'),
(348, 'Tanaman Kayu', 383, '25168', 'Batang'),
(349, 'Tanaman HHBK', 412, '9438', 'Batang'),
(350, 'Tanaman HHBK', 383, '6292', 'Batang'),
(351, 'Tanaman Kayu', 410, '31460', 'Batang'),
(352, 'Tanaman HHBK', 410, '0', 'Batang'),
(353, 'Tanaman kayu', 255, '21175', 'Batang'),
(354, 'TANAMAN KAYU', 279, '23716', 'batang'),
(355, 'Tanaman Kayu', 384, '23232', 'Batang'),
(356, 'Tanaman HHBK', 255, '9075', 'Batang'),
(357, 'tanaman hhbk', 290, '9075', 'batang'),
(358, 'tanaman kayu', 213, '6776', 'batang'),
(359, 'Tanaman HHBK', 384, '5808', 'Batang'),
(360, 'Tanaman HHBK', 213, '27104', 'batang'),
(362, 'HHBK', 279, '10164', 'batang'),
(363, 'Tanaman Kayu', 188, '6050', 'Batang'),
(364, 'Tanaman HHBK', 188, '24200', 'Batang'),
(365, 'Tanaman Kayu', 168, '22869', 'batang'),
(366, 'Kayu', 413, '17787', 'Batang'),
(367, 'Tanaman HHBK', 168, '9801', 'batang'),
(368, 'tanaman kayu', 214, '6292', 'batang'),
(369, 'Tanaman HHBK', 413, '7623', 'Batang'),
(370, 'Tanaman HHBK', 214, '25168', 'batang'),
(371, 'Tanaman Kayu', 267, '22869', 'Batang'),
(372, 'Tanaman HHBK', 267, '9801', 'Batang'),
(373, 'Tanaman Kayu', 385, '23232', 'Batang'),
(374, 'Tanaman HHBK', 385, '5808', 'Batang'),
(375, 'Tanaman Kayu', 189, '5566', 'Batang'),
(376, 'Tanaman HHBK', 189, '22264', 'Batang'),
(377, 'Tanaman Kayu', 169, '18634', 'batang'),
(378, 'Tanaman Kayu', 406, '24200', 'Batang'),
(379, 'Tanaman HHBK', 406, '0', 'Batang'),
(380, 'Tanaman HHBK', 169, '7986', 'batang'),
(381, 'TANAMAN KAYU', 280, '20328', 'batang'),
(382, 'Tanaman Kayu', 190, '6050', 'Batang'),
(383, 'Tanaman HHBK', 190, '24200', 'Batang'),
(384, 'HHBK', 280, '8712', 'batang'),
(385, 'Tanaman kayu', 256, '22022', 'Batang'),
(386, 'Tanaman Kayu', 114, '6776', 'Batang'),
(387, 'Tanaman HHBK', 114, '27104', 'Batang'),
(388, 'Tanaman HHBK', 256, '9438', 'Batang'),
(389, 'Tanaman Kayu', 407, '32670', 'Batang'),
(390, 'Tanaman HHBK', 407, '0', 'Batang'),
(391, 'Kayu', 102, '17424', 'Batang'),
(392, 'TANAMAN KAYU', 281, '21175', 'batang'),
(393, 'Tanaman Kayu', 115, '6534', 'Batang'),
(394, 'Tanaman HHBK', 115, '26136', 'Batang'),
(396, 'HHBK', 281, '9075', 'batang'),
(397, 'tanaman kayu', 291, '21175', 'batang'),
(398, 'Tanaman HHBK', 102, '11616', 'Batang'),
(399, 'Tanaman Kayu', 402, '28314', 'Batang'),
(400, 'Tanaman Kayu', 268, '22022', 'Batang'),
(401, 'Tanaman Kayu', 116, '7260', 'Batang'),
(402, 'Tanaman HHBK', 116, '29040', 'Batang'),
(403, 'Tanaman HHBK', 402, '3146', 'Batang'),
(404, 'Tanaman HHBK', 268, '9438', 'Batang'),
(405, 'Tanaman kayu', 257, '22022', 'Batang'),
(406, 'tanaman hhbk', 291, '9075', 'batang'),
(407, 'Tanaman Kayu', 117, '6534', 'Batang'),
(408, 'Tanaman HHBK', 117, '26136', 'Batang'),
(409, 'tanaman kayu', 215, '6776', 'batang'),
(410, 'tanaman kayu', 216, '6050', 'batang'),
(411, 'Tanaman HHBK', 257, '9438', 'Batang'),
(412, 'Tanaman HHBK', 215, '27104', 'batang'),
(413, 'Tanaman Kayu', 403, '28314', 'Batang'),
(414, 'Tanaman HHBK', 216, '24200', 'batang'),
(415, 'Tanaman Kayu', 408, '33880', 'Batang'),
(416, 'Tanaman HHBK', 403, '3146', 'Batang'),
(417, 'Tanaman HHBK', 408, '0', 'Batang'),
(418, 'TANAMAN KAYU', 282, '22022', 'batang'),
(419, 'Tanaman Kayu', 118, '7018', 'Batang'),
(420, 'Tanaman HHBK', 118, '28072', 'Batang'),
(421, 'HHBK', 282, '9438', 'batang'),
(422, 'Tanaman Kayu', 404, '27225', 'Batang'),
(423, 'Tanaman HHBK', 404, '3025', 'Batang'),
(424, 'Tanaman Kayu', 119, '5324', 'Batang'),
(425, 'Tanaman HHBK', 119, '21296', 'Batang'),
(426, 'Tanaman Kayu', 120, '5082', 'Batang'),
(427, 'Tanaman HHBK', 120, '20328', 'Batang'),
(428, 'Kayu', 103, '18150', 'Batang'),
(429, 'Tanaman HHBK', 103, '12100', 'Batang'),
(430, 'Tanaman Kayu', 121, '6776', 'Batang'),
(431, 'Tanaman HHBK', 121, '27104', 'Batang'),
(432, 'tanaman kayu', 292, '22002', 'batang'),
(433, 'Tanaman Kayu', 405, '25047', 'Batang'),
(434, 'Tanaman HHBK', 405, '2783', 'Batang'),
(435, 'tanaman hhbk', 292, '9438', 'batang'),
(436, 'Tanaman kayu', 258, '20328', 'Batang'),
(437, 'Tanaman HHBK', 258, '8712', 'Batang'),
(438, 'Tanaman Kayu', 414, '18634', 'Batang'),
(439, 'Tanaman HHBK', 414, '7986', 'Batang'),
(440, 'Tanaman kayu', 259, '19481', 'Batang'),
(441, 'Tanaman Kayu', 122, '7018', 'Batang'),
(442, 'Tanaman HHBK', 122, '28072', 'Batang'),
(443, 'TANAMAN KAYU', 283, '20328', 'batang'),
(444, 'Tanaman HHBK', 259, '8349', 'Batang'),
(445, 'Tanaman Kayu', 370, '31460', 'Batang'),
(446, 'Tanaman Kayu', 170, '20328', 'batang'),
(447, 'Tanaman Kayu', 269, '19481', 'Batang'),
(448, 'Tanaman HHBK', 370, '0', 'Batang'),
(449, 'Tanaman HHBK', 269, '8349', 'Batang'),
(450, 'Tanaman HHBK', 170, '8712', 'batang'),
(451, 'HHBK', 283, '8712', 'batang'),
(452, 'tanaman kayu', 312, '18634', 'batang'),
(453, 'Tanaman HHBK', 312, '7986', 'batang'),
(454, 'tanaman kayu', 313, '23716', 'batang'),
(455, 'Tanaman Kayu', 123, '7018', 'Batang'),
(456, 'Tanaman HHBK', 313, '10164', 'batang'),
(457, 'Tanaman HHBK', 123, '28072', 'Batang'),
(458, 'Tanaman Kayu', 371, '29040', 'Batang'),
(459, 'Tanaman Kayu', 171, '19481', 'batang'),
(460, 'tanaman kayu', 293, '20328', 'batang'),
(461, 'Tanaman Kayu', 124, '7260', 'Batang'),
(462, 'Tanaman HHBK', 171, '8349', 'batang'),
(463, 'Tanaman HHBK', 124, '29040', 'Batang'),
(464, 'Tanaman HHBK', 371, '0', 'Batang'),
(465, 'Kayu', 104, '18150', 'Batang'),
(466, 'Tanaman HHBK', 104, '12100', 'Batang'),
(467, 'TANAMAN KAYU', 284, '22022', 'batang'),
(468, 'tanaman hhbk', 293, '8712', 'batang'),
(469, 'Tanaman Kayu', 415, '21175', 'Batang'),
(470, 'Tanaman HHBK', 415, '9075', 'Batang'),
(471, 'HHBK', 284, '9438', 'batang'),
(472, 'Tanaman Kayu', 372, '33880', 'Batang'),
(473, 'Tanaman HHBK', 372, '0', 'Batang'),
(474, 'Tanaman Kayu', 373, '30250', 'Batang'),
(475, 'TANAMAN KAYU', 285, '21175', 'batang'),
(476, 'Tanaman Kayu', 270, '22022', 'Batang'),
(477, 'Tanaman HHBK', 373, '0', 'Batang'),
(478, 'Tanaman HHBK', 270, '9438', 'Batang'),
(479, 'HHBK', 285, '9075', 'batang'),
(480, 'Tanaman kayu', 260, '22869', 'Batang'),
(481, 'Tanaman Kayu', 129, '5566', 'Batang'),
(482, 'Tanaman HHBK', 129, '22264', 'Batang'),
(483, 'Tanaman Kayu', 374, '30250', 'Batang'),
(484, 'Tanaman Kayu', 416, '23716', 'Batang'),
(485, 'Tanaman HHBK', 416, '10164', 'Batang'),
(486, 'Tanaman HHBK', 374, '0', 'Batang'),
(487, 'Tanaman HHBK', 260, '9801', 'Batang'),
(488, 'tanaman kayu', 314, '22022', 'batang'),
(489, 'Tanaman HHBK', 314, '9438', 'batang'),
(490, 'tanaman kayu', 315, '18634', 'batang'),
(491, 'Tanaman HHBK', 315, '7986', 'batang'),
(492, 'TANAMAN KAYU', 286, '21175', 'batang'),
(493, 'tanaman kayu', 48, '6776', 'batang'),
(494, 'Tanaman Kayu', 130, '6776', 'Batang'),
(495, 'Tanaman Kayu', 375, '32670', 'Batang'),
(496, 'Tanaman HHBK', 130, '27104', 'Batang'),
(497, 'tanaman hhbk', 48, '27104', 'batang'),
(498, 'HHBK', 286, '9075', 'batang'),
(499, 'tanaman kayu', 316, '21175', 'batang'),
(500, 'Tanaman HHBK', 375, '0', 'Batang'),
(501, 'Tanaman HHBK', 316, '9075', 'batang'),
(502, 'Tanaman Kayu', 376, '27830', 'Batang'),
(503, 'Kayu', 294, '8349', 'Batang'),
(504, 'Tanaman Kayu', 131, '6776', 'Batang'),
(505, 'Tanaman HHBK', 294, '19481', 'Batang'),
(506, 'Tanaman HHBK', 131, '27104', 'Batang'),
(507, 'Tanaman HHBK', 376, '0', 'Batang'),
(508, 'TANAMAN KAYU', 287, '20328', 'batang'),
(509, 'HHBK', 287, '8712', 'batang'),
(510, 'Tanaman kayu', 261, '21175', 'Batang'),
(511, 'Tanaman Kayu', 377, '26620', 'Batang'),
(512, 'Tanaman HHBK', 377, '0', 'Batang'),
(513, 'Tanaman Kayu', 132, '6292', 'Batang'),
(514, 'Tanaman HHBK', 261, '9075', 'Batang'),
(515, 'Tanaman HHBK', 132, '25168', 'Batang'),
(516, 'tanaman kayu', 49, '5808', 'batang'),
(517, 'Tanaman Kayu', 271, '20328', 'Batang'),
(518, 'Tanaman HHBK', 271, '8712', 'Batang'),
(519, 'tanaman hhbk', 49, '23232', 'batang'),
(520, 'Tanaman kayu', 262, '19481', 'Batang'),
(521, 'Tanaman HHBK', 262, '8349', 'Batang'),
(522, 'Tanaman Kayu', 358, '24200', 'Batang'),
(523, 'Tanaman HHBK', 358, '6050', 'Batang'),
(524, 'tanaman kayu', 317, '21175', 'batang'),
(525, 'Tanaman HHBK', 317, '9075', 'batang'),
(526, 'Tanaman Kayu', 65, '3473.5', 'Batang'),
(527, 'Tanaman HHBK', 65, '13750', 'Batang'),
(528, 'Tanaman Kayu', 359, '26136', 'Batang'),
(529, 'Tanaman Kayu', 288, '18634', 'Batang'),
(530, 'Tanaman HHBK', 359, '6534', 'Batang'),
(531, 'Tanaman Kayu', 133, '5808', 'Batang'),
(532, 'Tanaman HHBK', 133, '23232', 'Batang'),
(533, 'Tanaman HHBK', 288, '7986', 'Batang'),
(534, 'Kayu', 295, '8712', 'Batang'),
(535, 'Tanaman Kayu', 87, '7623', 'Batang'),
(536, 'Tanaman HHBK', 295, '20328', 'Batang'),
(537, 'Tanaman HHBK', 87, '17787', 'Batang'),
(538, 'Tanaman Kayu', 360, '25168', 'Batang'),
(539, 'Tanaman HHBK', 360, '6292', 'Batang'),
(540, 'Tanaman Kayu', 143, '6776', 'Batang'),
(541, 'Tanaman HHBK', 143, '27104', 'Batang'),
(542, 'Tanaman Kayu', 272, '21175', 'Batang'),
(543, 'Tanaman HHBK', 272, '9075', 'Batang'),
(544, 'Tanaman Kayu', 66, '3025', 'Batang'),
(545, 'Tanaman kayu', 263, '21175', 'Batang'),
(546, 'Tanaman Kayu', 289, '21175', 'Batang'),
(547, 'Tanaman HHBK', 66, '12100', 'Batang'),
(548, 'Tanaman Kayu', 361, '23232', 'Batang'),
(549, 'Tanaman HHBK', 263, '9075', 'Batang'),
(550, 'Tanaman HHBK', 289, '9075', 'Batang'),
(551, 'Tanaman HHBK', 361, '5808', 'Batang'),
(552, 'Tanaman Kayu', 134, '6292', 'Batang'),
(553, 'Tanaman HHBK', 134, '25168', 'Batang'),
(554, 'Tanaman Kayu', 362, '27104', 'Batang'),
(555, 'Tanaman Kayu', 88, '9801', 'Batang'),
(556, 'Tanaman Kayu', 92, '9801', 'Batang'),
(557, 'Kayu', 296, '10164', 'Batang'),
(558, 'Tanaman HHBK', 362, '6776', 'Batang'),
(559, 'Tanaman HHBK', 296, '23716', 'Batang'),
(560, 'Tanaman HHBK', 88, '22869', 'Batang'),
(561, 'Tanaman HHBK', 92, '22869', 'Batang'),
(562, 'Tanaman Kayu', 67, '3300', 'Batang'),
(563, 'Tanaman HHBK', 67, '13200', 'Batang'),
(564, 'Tanaman Kayu', 50, '5808', 'Batang'),
(565, 'Tanaman hhbk', 50, '23232', 'Batang'),
(566, 'Tanaman Kayu', 144, '6050', 'Batang'),
(567, 'Tanaman HHBK', 144, '24200', 'Batang'),
(568, 'Tanaman Kayu', 93, '7986', 'Batang'),
(569, 'Tanaman kayu', 51, '6534', 'Batang'),
(570, 'Tanaman HHBK', 93, '18634', 'Batang'),
(571, 'Tanaman hhbk', 51, '26136', 'Batang'),
(572, 'Tanaman Kayu', 273, '20328', 'Batang'),
(573, 'Tanaman HHBK', 273, '8712', 'Batang'),
(574, 'Tanaman kayu', 264, '18634', 'Batang'),
(575, 'Tanaman Kayu', 135, '5566', 'Batang'),
(576, 'Tanaman HHBK', 135, '22264', 'Batang'),
(577, 'Kayu', 297, '9075', 'Batang'),
(578, 'tanaman kayu', 318, '20328', 'batang'),
(579, 'Tanaman Kayu', 363, '25168', 'Batang'),
(580, 'Tanaman HHBK', 297, '21175', 'Batang'),
(581, 'Tanaman HHBK', 318, '8712', 'batang'),
(582, 'Tanaman Kayu', 94, '7986', 'Batang'),
(583, 'tanaman kayu', 319, '23716', 'batang'),
(584, 'Tanaman HHBK', 94, '18634', 'Batang'),
(585, 'Tanaman Kayu', 89, '10527', 'Batang'),
(586, 'Tanaman HHBK', 319, '10164', 'batang'),
(587, 'Tanaman HHBK', 363, '6292', 'Batang'),
(588, 'Tanaman HHBK', 89, '24563', 'Batang'),
(589, 'Tanaman Kayu', 68, '3437.5', 'Batang'),
(590, 'Tanaman HHBK', 264, '7896', 'Batang'),
(591, 'Tanaman HHBK', 68, '13750', 'Batang'),
(592, 'Tanaman Kayu', 95, '8712', 'Batang'),
(593, 'Tanaman HHBK', 95, '20328', 'Batang'),
(594, 'Kayu', 298, '8712', 'Batang'),
(595, 'Tanaman HHBK', 298, '20328', 'Batang'),
(596, 'Tanaman Kayu', 136, '5808', 'Batang'),
(597, 'Tanaman Kayu', 69, '3575', 'Batang'),
(598, 'Tanaman Kayu', 145, '5324', 'Batang'),
(599, 'Tanaman HHBK', 136, '23232', 'Batang'),
(600, 'Tanaman HHBK', 145, '21296', 'Batang'),
(601, 'Tanaman HHBK', 69, '14300', 'Batang'),
(602, 'Tanaman Kayu', 96, '9075', 'Batang'),
(603, 'Tanaman HHBK', 96, '21175', 'Batang'),
(604, 'Tanaman Kayu', 90, '9801', 'Batang'),
(605, 'Tanaman HHBK', 90, '22869', 'Batang'),
(606, 'Tanaman Kayu', 364, '25168', 'Batang'),
(607, 'Tanaman HHBK', 364, '6292', 'Batang'),
(608, 'Tanaman Kayu', 70, '3575', 'Batang'),
(609, 'Tanaman HHBK', 70, '14300', 'Batang'),
(610, 'Tanaman Kayu', 365, '26136', 'Batang'),
(611, 'Tanaman Kayu', 146, '6776', 'Batang'),
(612, 'Tanaman HHBK', 146, '27104', 'Batang'),
(613, 'Tanaman kayu', 265, '22022', 'Bibit'),
(614, 'Tanaman Kayu', 52, '6534', 'b'),
(615, 'Tanaman Kayu', 274, '22022', 'Batang'),
(616, 'Tanaman HHBK', 52, '26136', 'Batang'),
(617, 'Tanaman HHBK', 274, '9438', 'Batang'),
(618, 'Tanaman HHBK', 265, '9438', 'Batang'),
(619, 'Tanaman HHBK', 365, '6534', 'Batang'),
(620, 'Tanaman Kayu', 91, '9438', 'Batang'),
(621, 'Tanaman HHBK', 91, '22022', 'Batang'),
(622, 'Tanaman Kayu', 137, '6292', 'Batang'),
(623, 'Tanaman HHBK', 137, '25168', 'Batang'),
(624, 'Kayu', 299, '8349', 'Batang'),
(625, 'Tanaman HHBK', 299, '19481', 'Batang'),
(626, 'Tanaman Kayu', 366, '27104', 'Batang'),
(627, 'Tanaman HHBK', 366, '6776', 'Batang'),
(628, 'Tanaman Kayu', 53, '6292', 'Batang'),
(629, 'Tanaman HHBK', 53, '25168', 'Batang'),
(630, 'Tanaman Kayu', 147, '5082', 'Batang'),
(631, 'Tanaman HHBK', 147, '20328', 'Batang'),
(632, 'Tanaman Kayu', 367, '27104', 'Batang'),
(633, 'Tanaman HHBK', 367, '6776', 'Batang'),
(634, 'tanaman kayu', 320, '19481', 'batang'),
(635, 'Tanaman Kayu', 138, '5324', 'Batang'),
(636, 'Tanaman HHBK', 320, '8349', 'batang'),
(637, 'Tanaman HHBK', 138, '21296', 'Batang'),
(638, 'Tanaman Kayu', 54, '5808', 'Batang'),
(639, 'Tanaman Kayu', 301, '7986', 'Batang'),
(640, 'Tanaman HHBK', 54, '23232', 'Batang'),
(641, 'Tanaman Kayu', 420, '20328', 'Batang'),
(642, 'Tanaman Kayu', 276, '19481', 'Batang'),
(643, 'Tanaman HHBK', 420, '8712', 'Batang'),
(644, 'Tanaman Kayu', 71, '3162.5', 'Batang'),
(645, 'Tanaman HHBK', 71, '12650', 'Batang'),
(646, 'Tanaman Kayu', 275, '19481', 'Batang'),
(647, 'Tanaman HHBK', 275, '8349', 'Batang'),
(648, 'Tanaman HHBK', 276, '8349', 'Batang'),
(649, 'Tanaman Kayu', 368, '25168', 'Batang'),
(650, 'Tanaman HHBK', 301, '18634', 'Batang'),
(651, 'Tanaman HHBK', 368, '6292', 'Batang'),
(652, 'Kayu', 300, '10164', 'Batang'),
(653, 'Tanaman HHBK', 300, '23716', 'Batang'),
(654, 'Tanaman Kayu', 421, '22869', 'Batang'),
(655, 'Tanaman HHBK', 421, '9801', 'Batang'),
(656, 'Tanaman Kayu', 148, '5082', 'Batang'),
(657, 'Tanaman HHBK', 148, '20328', 'Batang'),
(658, 'tanaman kayu', 321, '22869', 'batang'),
(659, 'Tanaman HHBK', 321, '9801', 'batang'),
(660, 'Tanaman Kayu', 277, '22022', 'Batang'),
(661, 'Tanaman HHBK', 277, '9438', 'Batang'),
(662, 'Tanaman Kayu', 422, '20328', 'Batang'),
(663, 'Tanaman HHBK', 422, '8712', 'Batang'),
(664, 'Tanaman Kayu', 55, '5566', 'Batang'),
(665, 'Tanaman HHBK', 55, '21296', 'Batang'),
(666, 'Tanaman Kayu', 327, '21175', 'Batang'),
(667, 'Tanaman HHBK', 327, '9075', 'Batang'),
(668, 'Tanaman Kayu', 72, '3437.5', 'Batang'),
(669, 'Tanaman Kayu', 325, '17787', 'Batang'),
(670, 'Tanaman HHBK', 325, '7623', 'Batang'),
(671, 'Tanaman Kayu', 56, '5324', 'Batang'),
(672, 'Tanaman HHBK', 72, '13750', 'Batang'),
(673, 'Tanaman HHBK', 56, '21296', 'Batang'),
(674, 'Tanaman Kayu', 324, '21175', 'Batang'),
(675, 'Tanaman HHBK', 324, '9075', 'Batang'),
(676, 'Tanaman Kayu', 326, '20328', 'Batang'),
(677, 'Tanaman HHBK', 326, '8712', 'Batang'),
(678, 'Tanaman Kayu', 302, '7623', 'Batang'),
(679, 'Tanaman HHBK', 302, '17787', 'Batang'),
(680, 'Tanaman Kayu', 73, '3300', 'Batang'),
(681, 'Tanaman HHBK', 73, '13200', 'Batang'),
(682, 'tanaman kayu', 322, '22869', 'batang'),
(683, 'Tanaman HHBK', 322, '9801', 'batang'),
(684, 'tanaman kayu', 323, '23716', 'batang'),
(685, 'Tanaman HHBK', 323, '10164', 'batang'),
(686, 'Tanaman Kayu', 172, '22869', 'batang'),
(687, 'Tanaman HHBK', 172, '9801', 'batang'),
(688, 'Tanaman Kayu', 173, '23716', 'batang'),
(689, 'Tanaman HHBK', 173, '10164', 'batang'),
(690, 'Tanaman Kayu', 174, '22869', 'batang'),
(691, 'Tanaman HHBK', 174, '9801', 'batang'),
(692, 'Tanaman Kayu', 175, '19481', 'batang'),
(693, 'Tanaman HHBK', 175, '8349', 'batang'),
(694, 'Tanaman Kayu', 176, '22022', 'batang'),
(695, 'Tanaman HHBK', 176, '9438', 'batang'),
(696, 'Tanaman Kayu', 177, '18634', 'batang'),
(697, 'Tanaman HHBK', 177, '7986', 'batang'),
(698, 'Tanaman Kayu', 178, '18634', 'batang'),
(699, 'Tanaman HHBK', 178, '7986', 'batang'),
(700, 'Tanaman Kayu', 57, '5808', 'Batang'),
(701, 'Tanaman HHBK', 57, '23232', 'Batang'),
(702, 'Tanaman Kayu', 306, '9801', 'Batang'),
(703, 'Tanaman Kayu', 304, '10527', 'Batang'),
(704, 'Tanaman HHBK', 306, '22869', 'Batang'),
(705, 'Tanaman HHBK', 304, '24563', 'Batang'),
(706, 'Tanaman Kayu', 303, '9801', 'Batang'),
(707, 'Kayu', 305, '9801', 'Batang'),
(708, 'Tanaman HHBK', 305, '22869', 'Batang'),
(709, 'Tanaman Kayu', 58, '6776', 'Batang'),
(710, 'Tanaman HHBK', 58, '27104', 'Batang'),
(711, 'Tanaman HHBK', 303, '22869', 'Batang'),
(712, 'Tanaman Kayu', 310, '8712', 'Batang'),
(713, 'Tanaman HHBK', 310, '20328', 'Batang'),
(714, 'tanaman kayu', 311, '9438', 'batang'),
(715, 'Tanaman Kayu', 308, '8712', 'Batang'),
(716, 'Tanaman HHBK', 308, '20328', 'Batang'),
(717, 'Tanaman HHBK', 311, '22022', 'batang'),
(718, 'Tanaman Kayu', 309, '7986', 'Batang'),
(719, 'Tanaman HHBK', 309, '18634', 'Batang'),
(720, 'Tanaman Kayu', 74, '3575', 'batang'),
(721, 'Tanaman HHBK', 74, '14300', 'batang'),
(722, 'Tanaman Kayu', 77, '3850', 'Batang'),
(723, 'Tanaman HHBK', 77, '15400', 'Batang'),
(724, 'Tanaman Kayu', 76, '3850', 'Batang'),
(725, 'Tanaman HHBK', 76, '15400', 'Batang'),
(726, 'Tanaman Kayu', 78, '34375', 'Batang'),
(727, 'Tanaman Kayu', 75, '2887.5', 'batang'),
(728, 'Tanaman HHBK', 78, '13750', 'Batang'),
(729, 'Tanaman HHBK', 75, '11550', 'batang'),
(730, 'Tanaman Kayu', 82, '774.40', 'batang'),
(731, 'Tanaman HHBK', 82, '14350.60', 'batang'),
(732, 'Tanaman Kayu', 83, '915.20', 'batang'),
(733, 'Tanaman HHBK', 83, '16959.80', 'batang'),
(734, 'Tanaman Kayu', 84, '739.20', 'batang'),
(735, 'Tanaman HHBK', 84, '13698.30', 'batang'),
(736, 'Tanaman Kayu', 85, '844.80', 'batang'),
(737, 'Tanaman HHBK', 85, '15655.20', 'batang'),
(738, 'Tanaman Kayu', 86, '704', 'batang'),
(739, 'Tanaman HHBK', 86, '13046', 'batang'),
(740, 'Tanaman Kayu', 152, '5566', 'Batang'),
(741, 'Tanaman HHBK', 152, '22264', 'Batang'),
(742, 'Tanaman Kayu', 153, '5808', 'Batang'),
(743, 'Tanaman HHBK', 153, '23232', 'Batang'),
(744, 'Tanaman Kayu', 154, '5566', 'Batang'),
(745, 'Tanaman HHBK', 154, '22264', 'Batang'),
(746, 'Tanaman Kayu', 155, '5566', 'Batang'),
(747, 'Tanaman HHBK', 155, '22264', 'Batang'),
(748, 'Tanaman Kayu', 156, '6292', 'Batang'),
(749, 'Tanaman HHBK', 156, '25168', 'Batang'),
(750, 'Tanaman Kayu', 307, '9438', 'Batang'),
(751, 'Tanaman HHBK', 307, '22022', 'Batang');

-- --------------------------------------------------------

--
-- Struktur dari tabel `spkbibit_bantu`
--

CREATE TABLE `spkbibit_bantu` (
  `id_bibitbantu` int(11) NOT NULL,
  `id_spkbibit` int(11) NOT NULL,
  `id_bibit` int(11) NOT NULL
) ENGINE=InnoDB DEFAULT CHARSET=utf8mb4;

--
-- Dumping data untuk tabel `spkbibit_bantu`
--

INSERT INTO `spkbibit_bantu` (`id_bibitbantu`, `id_spkbibit`, `id_bibit`) VALUES
(1, 1, 1),
(2, 1, 2),
(3, 2, 4),
(4, 2, 5),
(5, 2, 6),
(6, 2, 7),
(7, 4, 1),
(8, 4, 2),
(10, 6, 4),
(11, 6, 5),
(12, 6, 6),
(13, 6, 7),
(14, 7, 1),
(16, 10, 4),
(17, 10, 7),
(18, 11, 1),
(20, 13, 8),
(21, 15, 8),
(22, 7, 2),
(23, 15, 9),
(24, 15, 10),
(25, 16, 12),
(26, 13, 9),
(27, 13, 10),
(28, 16, 6),
(29, 16, 13),
(30, 17, 12),
(31, 18, 4),
(32, 18, 5),
(33, 18, 6),
(34, 18, 7),
(35, 17, 6),
(36, 17, 13),
(37, 19, 1),
(38, 19, 2),
(39, 20, 4),
(40, 20, 5),
(41, 20, 6),
(42, 20, 7),
(43, 21, 1),
(44, 21, 2),
(45, 22, 4),
(46, 22, 5),
(47, 22, 6),
(48, 22, 7),
(49, 23, 8),
(50, 23, 9),
(51, 23, 10),
(52, 24, 12),
(53, 24, 6),
(54, 24, 13),
(55, 26, 8),
(56, 26, 6),
(57, 26, 13),
(58, 26, 12),
(59, 27, 6),
(60, 27, 13),
(61, 14, 11),
(62, 25, 1),
(63, 28, 16),
(64, 25, 2),
(65, 28, 11),
(66, 14, 1),
(69, 29, 14),
(70, 29, 4),
(71, 29, 6),
(72, 31, 15),
(74, 31, 5),
(75, 31, 7),
(76, 29, 17),
(77, 30, 4),
(78, 29, 18),
(79, 30, 5),
(80, 30, 6),
(81, 30, 7),
(82, 32, 16),
(83, 32, 11),
(84, 33, 1),
(85, 33, 2),
(86, 34, 4),
(87, 34, 5),
(88, 35, 14),
(89, 34, 7),
(90, 35, 4),
(91, 34, 6),
(92, 35, 6),
(93, 35, 6),
(95, 35, 18),
(96, 36, 8),
(97, 36, 9),
(98, 36, 10),
(99, 37, 12),
(100, 37, 6),
(101, 37, 13),
(102, 38, 11),
(103, 39, 1),
(104, 38, 1),
(105, 39, 2),
(106, 41, 8),
(107, 40, 15),
(108, 41, 9),
(109, 40, 5),
(110, 41, 10),
(111, 42, 4),
(112, 40, 7),
(113, 42, 5),
(114, 43, 12),
(115, 42, 6),
(116, 43, 6),
(117, 43, 13),
(118, 42, 7),
(119, 44, 8),
(120, 44, 9),
(121, 44, 10),
(122, 45, 12),
(123, 45, 6),
(124, 45, 13),
(125, 46, 1),
(126, 46, 2),
(127, 47, 4),
(128, 47, 5),
(129, 47, 6),
(130, 47, 7),
(131, 48, 8),
(132, 48, 9),
(133, 48, 10),
(134, 49, 12),
(135, 49, 6),
(136, 49, 13),
(137, 50, 16),
(138, 51, 8),
(139, 50, 11),
(140, 51, 9),
(141, 52, 1),
(142, 52, 2),
(143, 51, 10),
(144, 54, 1),
(145, 54, 2),
(146, 33, 10),
(147, 53, 14),
(148, 55, 4),
(149, 53, 4),
(150, 56, 4),
(151, 55, 5),
(152, 56, 5),
(153, 53, 6),
(154, 55, 6),
(155, 56, 6),
(156, 56, 7),
(157, 53, 17),
(158, 55, 7),
(159, 57, 12),
(160, 53, 18),
(161, 57, 6),
(162, 57, 13),
(163, 58, 1),
(164, 58, 2),
(165, 59, 4),
(166, 59, 5),
(167, 59, 6),
(168, 59, 7),
(169, 60, 11),
(170, 60, 1),
(171, 61, 8),
(172, 61, 9),
(173, 61, 10),
(174, 62, 15),
(175, 62, 5),
(176, 62, 7),
(177, 63, 12),
(178, 63, 6),
(179, 63, 13),
(180, 64, 8),
(181, 64, 9),
(182, 64, 10),
(183, 65, 12),
(184, 65, 6),
(185, 65, 13),
(186, 66, 1),
(187, 66, 2),
(188, 67, 4),
(189, 67, 5),
(190, 67, 6),
(191, 67, 7),
(192, 68, 11),
(193, 68, 1),
(194, 69, 8),
(195, 70, 15),
(196, 69, 9),
(197, 70, 5),
(198, 69, 10),
(199, 70, 7),
(200, 71, 12),
(201, 71, 6),
(202, 71, 13),
(203, 72, 8),
(204, 72, 9),
(205, 72, 10),
(206, 73, 12),
(207, 73, 6),
(208, 73, 13),
(209, 74, 1),
(210, 74, 2),
(211, 75, 4),
(212, 67, 5),
(213, 75, 6),
(214, 75, 7),
(215, 76, 8),
(216, 76, 9),
(217, 76, 10),
(218, 77, 12),
(219, 77, 6),
(220, 77, 13),
(221, 78, 8),
(222, 78, 9),
(223, 78, 10),
(224, 79, 12),
(225, 79, 6),
(226, 79, 13),
(227, 80, 1),
(228, 80, 2),
(229, 81, 4),
(230, 82, 1),
(231, 81, 5),
(232, 82, 2),
(233, 81, 6),
(234, 83, 4),
(235, 81, 7),
(236, 83, 5),
(237, 83, 6),
(238, 83, 7),
(239, 84, 22),
(240, 84, 23),
(241, 84, 2),
(242, 86, 2),
(243, 85, 7),
(244, 86, 10),
(245, 85, 14),
(246, 86, 9),
(247, 86, 20),
(248, 87, 21),
(249, 87, 6),
(250, 87, 12),
(251, 89, 1),
(252, 89, 2),
(253, 90, 4),
(254, 90, 5),
(255, 90, 6),
(256, 90, 7),
(257, 88, 29),
(258, 88, 8),
(259, 91, 1),
(260, 91, 2),
(261, 92, 4),
(262, 92, 5),
(263, 92, 6),
(264, 92, 7),
(265, 93, 2),
(266, 93, 10),
(267, 93, 9),
(268, 93, 20),
(269, 94, 21),
(270, 94, 6),
(271, 94, 12),
(272, 95, 8),
(273, 95, 9),
(274, 95, 10),
(275, 96, 8),
(276, 96, 9),
(277, 97, 12),
(278, 96, 10),
(279, 97, 6),
(280, 97, 13),
(281, 98, 12),
(282, 98, 6),
(283, 98, 13),
(284, 88, 30),
(285, 99, 1),
(286, 99, 2),
(287, 100, 4),
(288, 88, 2),
(289, 100, 5),
(290, 100, 6),
(291, 100, 7),
(292, 101, 2),
(293, 101, 10),
(294, 101, 9),
(295, 101, 20),
(296, 103, 21),
(297, 103, 6),
(298, 103, 12),
(299, 102, 12),
(300, 104, 1),
(301, 102, 13),
(302, 104, 2),
(303, 105, 4),
(305, 105, 5),
(306, 105, 6),
(307, 105, 7),
(308, 102, 33),
(309, 102, 4),
(310, 102, 32),
(311, 102, 21),
(312, 102, 17),
(313, 102, 18),
(314, 106, 22),
(315, 106, 23),
(316, 106, 2),
(317, 108, 7),
(318, 108, 14),
(319, 106, 29),
(320, 109, 2),
(321, 109, 10),
(322, 109, 9),
(323, 107, 8),
(324, 109, 20),
(325, 110, 21),
(326, 110, 12),
(328, 107, 30),
(329, 110, 6),
(330, 107, 10),
(331, 107, 2),
(332, 111, 12),
(333, 111, 13),
(334, 112, 1),
(335, 111, 33),
(336, 111, 4),
(337, 112, 2),
(338, 113, 4),
(339, 111, 32),
(340, 113, 5),
(341, 111, 21),
(342, 113, 6),
(343, 113, 7),
(344, 111, 17),
(345, 111, 17),
(346, 111, 18),
(347, 114, 8),
(348, 115, 2),
(349, 114, 9),
(350, 115, 10),
(351, 115, 9),
(352, 115, 20),
(353, 114, 10),
(354, 117, 21),
(355, 117, 6),
(356, 117, 12),
(357, 118, 1),
(358, 118, 2),
(359, 119, 12),
(360, 120, 4),
(361, 119, 6),
(362, 120, 5),
(364, 120, 6),
(365, 120, 7),
(366, 121, 12),
(367, 119, 13),
(368, 116, 29),
(369, 121, 13),
(370, 121, 13),
(371, 121, 33),
(372, 122, 1),
(373, 122, 2),
(374, 123, 4),
(375, 123, 5),
(376, 123, 6),
(377, 121, 4),
(378, 123, 7),
(379, 116, 8),
(380, 116, 30),
(381, 116, 10),
(382, 124, 2),
(383, 124, 10),
(384, 116, 2),
(385, 124, 9),
(386, 124, 20),
(387, 125, 21),
(388, 125, 6),
(389, 125, 12),
(390, 121, 32),
(391, 121, 21),
(392, 121, 17),
(393, 121, 18),
(394, 127, 1),
(395, 127, 2),
(396, 129, 8),
(397, 126, 29),
(398, 129, 9),
(399, 130, 4),
(400, 96, 10),
(401, 130, 5),
(402, 128, 8),
(403, 130, 6),
(404, 130, 7),
(405, 131, 22),
(406, 126, 30),
(407, 133, 12),
(408, 131, 23),
(409, 133, 6),
(410, 131, 2),
(411, 126, 2),
(412, 133, 13),
(413, 132, 7),
(414, 128, 12),
(415, 132, 14),
(416, 128, 13),
(417, 128, 33),
(418, 128, 4),
(419, 128, 4),
(420, 128, 32),
(421, 134, 1),
(422, 128, 21),
(423, 134, 2),
(424, 135, 4),
(425, 135, 5),
(426, 128, 17),
(427, 135, 6),
(428, 135, 7),
(429, 128, 18),
(430, 136, 1),
(431, 136, 2),
(432, 137, 22),
(433, 138, 4),
(434, 138, 5),
(435, 137, 23),
(436, 138, 6),
(437, 137, 9),
(438, 138, 7),
(439, 139, 7),
(440, 139, 14),
(441, 139, 6),
(442, 140, 8),
(443, 140, 9),
(444, 140, 10),
(445, 141, 1),
(446, 141, 2),
(447, 143, 12),
(448, 142, 4),
(449, 143, 6),
(450, 143, 13),
(451, 142, 5),
(452, 142, 6),
(454, 141, 7),
(455, 144, 22),
(456, 144, 23),
(457, 144, 2),
(458, 145, 7),
(459, 145, 14),
(460, 146, 29),
(461, 146, 8),
(462, 146, 30),
(463, 146, 10),
(464, 146, 2),
(465, 147, 12),
(466, 147, 13),
(467, 147, 33),
(468, 147, 4),
(469, 147, 32),
(470, 147, 21),
(471, 147, 17),
(472, 147, 18),
(473, 148, 24),
(474, 148, 22),
(475, 149, 11),
(476, 150, 29),
(477, 148, 2),
(478, 150, 8),
(479, 152, 14),
(480, 150, 30),
(481, 153, 18),
(482, 152, 18),
(483, 150, 10),
(484, 150, 2),
(485, 153, 33),
(486, 151, 12),
(487, 152, 5),
(488, 152, 6),
(489, 154, 24),
(490, 154, 22),
(491, 154, 2),
(492, 155, 18),
(493, 155, 33),
(494, 156, 24),
(495, 157, 11),
(496, 156, 22),
(497, 158, 14),
(498, 156, 2),
(499, 158, 5),
(500, 158, 18),
(502, 158, 18),
(503, 158, 6),
(504, 159, 18),
(505, 159, 33),
(506, 160, 11),
(507, 162, 2),
(508, 162, 10),
(509, 162, 9),
(510, 162, 20),
(511, 161, 14),
(512, 161, 18),
(513, 164, 21),
(514, 161, 5),
(515, 163, 24),
(516, 164, 6),
(517, 164, 12),
(518, 163, 22),
(519, 161, 6),
(520, 163, 2),
(521, 166, 18),
(522, 151, 13),
(523, 151, 33),
(524, 165, 11),
(525, 151, 4),
(526, 166, 33),
(527, 165, 11),
(528, 151, 32),
(529, 167, 14),
(530, 151, 21),
(531, 151, 17),
(532, 167, 5),
(533, 151, 18),
(534, 167, 18),
(535, 151, 18),
(536, 167, 6),
(537, 168, 29),
(538, 169, 8),
(539, 169, 30),
(540, 168, 10),
(541, 168, 2),
(542, 170, 2),
(543, 169, 12),
(544, 170, 10),
(545, 170, 9),
(546, 170, 20),
(547, 169, 13),
(548, 175, 21),
(549, 172, 1),
(550, 172, 2),
(551, 171, 2),
(552, 175, 6),
(553, 169, 33),
(554, 175, 12),
(555, 174, 4),
(556, 174, 5),
(557, 174, 6),
(558, 173, 12),
(559, 174, 7),
(560, 173, 6),
(561, 173, 5),
(562, 173, 7),
(563, 149, 2),
(564, 157, 2),
(565, 160, 2),
(566, 165, 2),
(567, 165, 2),
(568, 165, 2),
(569, 176, 11),
(570, 176, 9),
(571, 177, 7),
(572, 177, 6),
(573, 177, 21),
(574, 177, 17),
(575, 178, 2),
(576, 177, 12),
(577, 178, 10),
(578, 178, 9),
(579, 178, 20),
(580, 149, 40),
(581, 179, 21),
(582, 179, 6),
(583, 179, 12),
(584, 149, 36),
(585, 149, 34),
(586, 152, 38),
(587, 157, 40),
(588, 157, 36),
(589, 157, 34),
(590, 158, 38),
(591, 160, 40),
(592, 160, 36),
(593, 160, 34),
(594, 161, 38),
(595, 180, 29),
(596, 165, 40),
(597, 180, 8),
(598, 165, 36),
(599, 165, 34),
(600, 167, 38),
(601, 180, 30),
(602, 180, 10),
(603, 180, 2),
(604, 181, 12),
(605, 177, 42),
(606, 181, 13),
(607, 182, 11),
(608, 181, 33),
(609, 181, 4),
(610, 181, 32),
(611, 181, 21),
(612, 182, 9),
(614, 181, 17),
(615, 181, 18),
(616, 183, 7),
(617, 183, 6),
(619, 171, 34),
(621, 11, 23),
(622, 173, 35),
(623, 12, 4),
(624, 12, 5),
(625, 12, 14),
(626, 12, 7),
(627, 184, 8),
(628, 184, 9),
(629, 184, 10),
(630, 148, 39),
(631, 186, 12),
(632, 186, 6),
(633, 186, 13),
(634, 185, 1),
(635, 185, 23),
(637, 188, 4),
(638, 187, 2),
(639, 188, 5),
(640, 188, 14),
(641, 154, 41),
(642, 187, 34),
(643, 188, 7),
(644, 189, 38),
(645, 189, 6),
(646, 156, 41),
(647, 189, 21),
(648, 156, 39),
(649, 154, 39),
(650, 189, 13),
(651, 163, 41),
(652, 189, 37),
(653, 190, 8),
(654, 189, 12),
(655, 163, 39),
(656, 190, 9),
(657, 189, 7),
(658, 190, 10),
(659, 192, 12),
(660, 192, 6),
(661, 191, 24),
(662, 192, 13),
(663, 193, 8),
(664, 193, 9),
(665, 193, 10),
(666, 194, 12),
(667, 194, 6),
(668, 194, 13),
(669, 191, 22),
(670, 195, 8),
(671, 195, 9),
(672, 195, 10),
(673, 196, 12),
(674, 196, 6),
(675, 196, 13),
(676, 197, 1),
(677, 197, 2),
(678, 198, 4),
(679, 148, 41),
(680, 198, 5),
(681, 198, 6),
(682, 198, 7),
(683, 191, 41),
(684, 191, 2),
(685, 191, 39),
(686, 199, 2),
(688, 199, 34),
(689, 200, 38),
(691, 200, 6),
(693, 200, 21),
(694, 200, 13),
(695, 203, 12),
(696, 203, 6),
(697, 200, 37),
(698, 201, 18),
(699, 203, 13),
(700, 202, 10),
(701, 201, 33),
(702, 200, 12),
(703, 200, 7),
(704, 202, 8),
(705, 204, 24),
(706, 202, 9),
(707, 204, 22),
(708, 204, 41),
(709, 204, 2),
(710, 204, 39),
(711, 207, 18),
(712, 207, 33),
(713, 206, 2),
(714, 206, 34),
(715, 208, 38),
(716, 208, 6),
(717, 205, 22),
(718, 208, 21),
(719, 210, 8),
(720, 205, 29),
(721, 205, 9),
(722, 205, 9),
(723, 208, 13),
(724, 210, 9),
(725, 210, 10),
(726, 205, 11),
(727, 208, 37),
(728, 208, 12),
(729, 208, 7),
(730, 209, 7),
(731, 209, 6),
(732, 211, 12),
(733, 209, 5),
(734, 211, 6),
(735, 211, 13),
(736, 209, 21),
(737, 209, 17),
(738, 209, 12),
(739, 209, 42),
(740, 212, 1),
(741, 212, 2),
(742, 213, 4),
(743, 213, 5),
(744, 213, 6),
(745, 213, 7),
(746, 215, 8),
(747, 214, 22),
(748, 215, 9),
(749, 214, 41),
(750, 215, 10),
(751, 216, 12),
(752, 216, 6),
(753, 216, 13),
(754, 217, 21),
(755, 217, 18),
(756, 218, 1),
(757, 218, 2),
(758, 219, 4),
(759, 219, 5),
(760, 219, 6),
(761, 219, 7),
(762, 220, 2),
(763, 220, 34),
(764, 221, 38),
(765, 221, 21),
(766, 221, 6),
(767, 221, 13),
(768, 221, 37),
(769, 221, 12),
(770, 221, 7),
(771, 222, 22),
(772, 222, 41),
(773, 223, 21),
(774, 223, 18),
(775, 224, 8),
(776, 224, 9),
(777, 224, 10),
(778, 225, 12),
(779, 225, 6),
(780, 225, 13),
(781, 226, 2),
(782, 226, 34),
(783, 227, 12),
(784, 227, 5),
(785, 228, 22),
(786, 228, 41),
(787, 229, 21),
(788, 229, 18),
(789, 230, 23),
(791, 230, 11),
(792, 231, 4),
(793, 231, 18),
(794, 232, 2),
(795, 231, 14),
(796, 232, 34),
(797, 231, 7),
(798, 233, 12),
(800, 233, 5),
(801, 230, 34),
(802, 234, 2),
(803, 234, 34),
(804, 235, 38),
(805, 235, 6),
(806, 235, 21),
(807, 235, 13),
(808, 235, 37),
(809, 235, 12),
(810, 235, 7),
(811, 236, 2),
(812, 236, 34),
(813, 237, 12),
(814, 237, 5),
(815, 238, 34),
(816, 238, 23),
(817, 238, 11),
(818, 239, 4),
(819, 239, 18),
(820, 239, 14),
(821, 239, 7),
(824, 241, 22),
(825, 241, 41),
(826, 243, 21),
(827, 242, 2),
(828, 243, 18),
(829, 242, 34),
(831, 244, 12),
(832, 244, 5),
(833, 182, 5),
(834, 183, 21),
(835, 183, 17),
(836, 246, 34),
(837, 246, 23),
(838, 183, 12),
(839, 246, 11),
(840, 183, 42),
(841, 247, 4),
(842, 247, 18),
(845, 247, 14),
(846, 247, 7),
(851, 248, 2),
(853, 248, 34),
(854, 249, 12),
(855, 249, 5),
(857, 183, 42),
(858, 251, 22),
(859, 251, 41),
(860, 251, 27),
(861, 250, 2),
(862, 251, 2),
(863, 250, 34),
(864, 252, 38),
(865, 252, 6),
(866, 252, 21),
(867, 214, 43),
(868, 252, 13),
(869, 222, 43),
(870, 254, 34),
(871, 252, 37),
(872, 228, 43),
(873, 254, 23),
(874, 241, 43),
(875, 252, 12),
(876, 254, 11),
(877, 252, 7),
(878, 255, 4),
(879, 255, 18),
(880, 255, 14),
(881, 255, 7),
(882, 256, 2),
(883, 256, 34),
(884, 257, 12),
(885, 257, 5),
(886, 240, 22),
(887, 258, 22),
(888, 258, 41),
(889, 240, 29),
(890, 258, 27),
(891, 258, 2),
(892, 240, 9),
(893, 240, 11),
(895, 261, 34),
(896, 260, 2),
(897, 245, 7),
(898, 260, 34),
(899, 261, 23),
(900, 257, 12),
(901, 261, 11),
(902, 262, 5),
(903, 245, 6),
(904, 263, 4),
(905, 262, 12),
(906, 263, 18),
(907, 263, 14),
(908, 245, 5),
(909, 263, 7),
(910, 245, 21),
(911, 245, 12),
(912, 264, 2),
(913, 264, 34),
(914, 265, 38),
(915, 245, 42),
(916, 265, 6),
(917, 265, 21),
(918, 265, 13),
(919, 266, 22),
(920, 266, 41),
(921, 265, 37),
(922, 266, 27),
(923, 266, 2),
(924, 265, 12),
(925, 265, 7),
(926, 267, 2),
(927, 267, 34),
(928, 269, 12),
(929, 269, 5),
(930, 270, 22),
(931, 270, 29),
(932, 270, 9),
(933, 271, 7),
(934, 240, 6),
(935, 271, 5),
(936, 271, 21),
(937, 271, 17),
(938, 272, 2),
(939, 272, 34),
(941, 273, 12),
(942, 271, 42),
(943, 273, 5),
(944, 274, 2),
(945, 274, 34),
(946, 275, 38),
(947, 276, 2),
(948, 276, 34),
(949, 275, 6),
(950, 277, 12),
(951, 277, 5),
(952, 275, 21),
(953, 275, 13),
(954, 275, 37),
(955, 278, 22),
(956, 275, 12),
(957, 278, 29),
(958, 280, 22),
(959, 275, 7),
(960, 278, 9),
(961, 280, 29),
(962, 280, 9),
(963, 278, 11),
(964, 279, 7),
(965, 281, 7),
(966, 281, 6),
(967, 279, 5),
(968, 281, 5),
(969, 279, 21),
(970, 281, 21),
(971, 279, 17),
(972, 281, 17),
(973, 279, 12),
(974, 281, 12),
(975, 279, 42),
(976, 281, 42),
(977, 279, 6),
(978, 282, 2),
(979, 282, 34),
(980, 283, 12),
(981, 283, 6),
(982, 284, 9),
(983, 283, 5),
(984, 283, 7),
(985, 284, 22),
(986, 283, 35),
(987, 284, 29),
(988, 285, 22),
(989, 285, 41),
(990, 286, 7),
(991, 285, 27),
(992, 286, 6),
(993, 285, 2),
(994, 286, 5),
(995, 286, 21),
(996, 286, 17),
(997, 286, 12),
(998, 286, 42),
(999, 288, 2),
(1000, 288, 34),
(1001, 289, 38),
(1002, 289, 6),
(1003, 289, 21),
(1004, 289, 13),
(1005, 289, 37),
(1006, 289, 12),
(1007, 290, 2),
(1008, 292, 22),
(1009, 289, 7),
(1010, 292, 41),
(1011, 290, 34),
(1012, 292, 27),
(1013, 291, 12),
(1014, 292, 2),
(1015, 291, 6),
(1016, 291, 5),
(1017, 291, 7),
(1018, 291, 35),
(1019, 294, 9),
(1020, 294, 22),
(1022, 295, 7),
(1023, 295, 6),
(1024, 295, 5),
(1025, 295, 21),
(1026, 295, 17),
(1027, 295, 12),
(1028, 295, 42),
(1029, 296, 22),
(1030, 296, 41),
(1031, 296, 27),
(1032, 296, 2),
(1033, 297, 2),
(1034, 297, 34),
(1036, 298, 12),
(1037, 298, 6),
(1038, 298, 5),
(1039, 298, 7),
(1040, 298, 35),
(1041, 300, 10),
(1042, 300, 9),
(1043, 301, 7),
(1044, 301, 6),
(1045, 301, 21),
(1046, 301, 17),
(1047, 301, 12),
(1048, 301, 42),
(1049, 302, 39),
(1050, 302, 2),
(1051, 302, 24),
(1052, 302, 43),
(1053, 303, 21),
(1054, 303, 17),
(1055, 303, 6),
(1056, 304, 2),
(1057, 304, 34),
(1059, 305, 12),
(1060, 305, 6),
(1061, 305, 5),
(1062, 305, 7),
(1063, 305, 35),
(1064, 306, 11),
(1065, 306, 9),
(1066, 307, 7),
(1067, 307, 6),
(1068, 307, 21),
(1070, 307, 17),
(1071, 307, 12),
(1072, 308, 39),
(1073, 308, 2),
(1074, 309, 2),
(1075, 309, 34),
(1076, 310, 12),
(1077, 307, 42),
(1078, 310, 6),
(1079, 308, 24),
(1080, 310, 5),
(1081, 310, 7),
(1082, 308, 43),
(1083, 310, 35),
(1084, 311, 21),
(1085, 311, 17),
(1086, 311, 6),
(1087, 312, 2),
(1088, 312, 34),
(1089, 313, 38),
(1090, 313, 6),
(1092, 314, 2),
(1093, 314, 34),
(1094, 313, 21),
(1095, 315, 12),
(1096, 315, 6),
(1097, 313, 13),
(1098, 315, 5),
(1099, 315, 7),
(1100, 313, 37),
(1101, 315, 35),
(1102, 313, 12),
(1103, 313, 7),
(1104, 316, 2),
(1105, 316, 34),
(1106, 317, 38),
(1107, 317, 6),
(1108, 317, 21),
(1109, 317, 13),
(1110, 317, 37),
(1111, 317, 12),
(1112, 317, 7),
(1113, 318, 2),
(1114, 318, 34),
(1115, 319, 12),
(1116, 319, 6),
(1117, 319, 5),
(1118, 319, 7),
(1119, 319, 35),
(1120, 320, 39),
(1121, 320, 2),
(1122, 320, 24),
(1123, 320, 43),
(1124, 321, 21),
(1125, 321, 17),
(1126, 321, 6),
(1127, 322, 34),
(1130, 322, 29),
(1131, 324, 38),
(1132, 325, 39),
(1133, 325, 2),
(1134, 324, 42),
(1135, 325, 24),
(1136, 325, 43),
(1137, 326, 21),
(1138, 324, 12),
(1139, 326, 17),
(1140, 326, 6),
(1142, 324, 35),
(1143, 324, 21),
(1144, 327, 43),
(1145, 327, 9),
(1146, 328, 21),
(1147, 329, 40),
(1148, 330, 43),
(1149, 330, 24),
(1150, 329, 23),
(1151, 225, 10),
(1152, 332, 34),
(1154, 329, 25),
(1155, 332, 29),
(1157, 334, 40),
(1158, 333, 38),
(1159, 335, 40),
(1160, 334, 23),
(1161, 334, 10),
(1162, 335, 23),
(1163, 334, 25),
(1164, 335, 10),
(1165, 333, 42),
(1166, 335, 25),
(1167, 336, 39),
(1168, 336, 2),
(1169, 336, 24),
(1170, 336, 43),
(1171, 333, 12),
(1172, 337, 7),
(1173, 329, 10),
(1174, 201, 21),
(1175, 339, 17),
(1177, 333, 35),
(1178, 339, 6),
(1180, 338, 7),
(1181, 340, 7),
(1182, 333, 35),
(1183, 333, 21),
(1184, 343, 2),
(1185, 341, 2),
(1186, 343, 34),
(1187, 341, 34),
(1188, 344, 12),
(1189, 342, 38),
(1190, 344, 6),
(1191, 342, 6),
(1192, 342, 21),
(1193, 344, 5),
(1194, 344, 7),
(1195, 342, 13),
(1196, 342, 37),
(1197, 342, 12),
(1198, 342, 7),
(1199, 344, 35),
(1200, 345, 34),
(1201, 347, 43),
(1202, 347, 9),
(1203, 348, 39),
(1204, 345, 29),
(1205, 348, 2),
(1206, 348, 24),
(1207, 348, 43),
(1208, 349, 21),
(1209, 350, 21),
(1210, 350, 17),
(1211, 346, 38),
(1212, 350, 6),
(1213, 346, 42),
(1214, 346, 12),
(1215, 346, 35),
(1216, 346, 35),
(1217, 346, 21),
(1218, 323, 40),
(1219, 323, 23),
(1220, 323, 10),
(1221, 323, 25),
(1222, 351, 43),
(1223, 351, 24),
(1224, 353, 40),
(1225, 353, 23),
(1226, 353, 10),
(1227, 353, 25),
(1229, 355, 39),
(1230, 356, 7),
(1231, 355, 2),
(1232, 354, 40),
(1233, 355, 24),
(1234, 355, 43),
(1235, 354, 23),
(1236, 359, 21),
(1237, 354, 10),
(1238, 359, 17),
(1239, 359, 6),
(1240, 358, 2),
(1241, 354, 25),
(1242, 358, 34),
(1243, 360, 2),
(1244, 360, 6),
(1245, 362, 7),
(1246, 363, 2),
(1247, 363, 34),
(1248, 364, 12),
(1249, 364, 6),
(1250, 354, 45),
(1251, 364, 5),
(1252, 360, 21),
(1253, 364, 7),
(1254, 357, 7),
(1255, 364, 35),
(1256, 360, 13),
(1257, 360, 37),
(1258, 365, 34),
(1259, 360, 12),
(1260, 365, 29),
(1261, 360, 7),
(1262, 366, 43),
(1263, 367, 38),
(1264, 367, 42),
(1265, 366, 9),
(1266, 367, 42),
(1267, 369, 21),
(1268, 367, 12),
(1269, 367, 35),
(1270, 367, 21),
(1271, 371, 40),
(1272, 368, 2),
(1273, 367, 46),
(1274, 373, 39),
(1275, 371, 23),
(1276, 373, 2),
(1277, 324, 46),
(1278, 368, 34),
(1279, 373, 24),
(1280, 333, 46),
(1281, 371, 10),
(1282, 370, 38),
(1283, 373, 43),
(1284, 346, 46),
(1285, 370, 6),
(1286, 371, 25),
(1287, 374, 21),
(1288, 370, 21),
(1289, 374, 17),
(1290, 371, 45),
(1291, 374, 6),
(1292, 334, 45),
(1293, 370, 13),
(1294, 372, 7),
(1295, 370, 37),
(1296, 375, 2),
(1297, 375, 34),
(1298, 370, 12),
(1299, 376, 12),
(1300, 376, 6),
(1301, 339, 21),
(1302, 370, 7),
(1303, 376, 5),
(1304, 376, 7),
(1305, 376, 35),
(1306, 378, 43),
(1307, 378, 24),
(1308, 382, 2),
(1309, 382, 34),
(1310, 381, 40),
(1311, 383, 12),
(1312, 383, 6),
(1313, 383, 5),
(1314, 381, 23),
(1315, 383, 7),
(1316, 383, 35),
(1317, 381, 10),
(1318, 381, 25),
(1319, 381, 45),
(1320, 384, 7),
(1321, 385, 40),
(1322, 385, 23),
(1323, 385, 10),
(1324, 385, 25),
(1325, 385, 45),
(1326, 329, 45),
(1327, 353, 45),
(1328, 386, 34),
(1329, 386, 11),
(1330, 386, 2),
(1331, 388, 7),
(1332, 387, 6),
(1333, 387, 12),
(1334, 389, 43),
(1335, 387, 17),
(1336, 387, 5),
(1337, 389, 24),
(1338, 387, 46),
(1339, 386, 47),
(1340, 392, 40),
(1341, 393, 34),
(1342, 392, 23),
(1343, 393, 11),
(1344, 393, 2),
(1345, 391, 22),
(1346, 392, 10),
(1347, 393, 47),
(1348, 394, 6),
(1349, 394, 12),
(1350, 391, 23),
(1351, 394, 17),
(1352, 394, 5),
(1353, 392, 25),
(1354, 394, 46),
(1355, 391, 9),
(1356, 392, 45),
(1357, 396, 7),
(1358, 398, 7),
(1359, 397, 40),
(1360, 158, 14),
(1361, 398, 6),
(1362, 399, 22),
(1363, 397, 23),
(1364, 398, 14),
(1365, 399, 2),
(1366, 399, 24),
(1367, 401, 34),
(1368, 397, 10),
(1369, 401, 11),
(1370, 401, 2),
(1371, 401, 47),
(1372, 403, 33),
(1373, 397, 25),
(1374, 402, 6),
(1375, 400, 40),
(1376, 402, 12),
(1377, 402, 17),
(1378, 402, 5),
(1379, 397, 45),
(1380, 402, 46),
(1381, 400, 23),
(1382, 400, 10),
(1383, 400, 25),
(1384, 400, 45),
(1385, 326, 7),
(1386, 404, 7),
(1387, 405, 40),
(1388, 405, 23),
(1389, 405, 10),
(1390, 405, 25),
(1392, 407, 34),
(1393, 406, 7),
(1395, 405, 45),
(1396, 407, 11),
(1397, 407, 2),
(1398, 407, 47),
(1399, 408, 6),
(1400, 408, 12),
(1401, 408, 17),
(1402, 408, 5),
(1403, 408, 46),
(1404, 411, 7),
(1405, 413, 22),
(1406, 413, 2),
(1407, 352, 24),
(1408, 416, 33),
(1409, 409, 2),
(1410, 409, 34),
(1411, 415, 43),
(1412, 412, 38),
(1413, 415, 24),
(1414, 412, 6),
(1415, 412, 21),
(1416, 412, 13),
(1417, 418, 40),
(1418, 412, 37),
(1419, 412, 12),
(1420, 418, 23),
(1421, 418, 10),
(1422, 412, 7),
(1423, 418, 10),
(1424, 410, 2),
(1425, 418, 25),
(1426, 410, 34),
(1427, 418, 45),
(1428, 414, 38),
(1429, 419, 34),
(1430, 419, 11),
(1431, 419, 2),
(1432, 419, 47),
(1433, 414, 6),
(1434, 420, 6),
(1435, 420, 12),
(1436, 420, 17),
(1437, 420, 5),
(1438, 414, 21),
(1439, 420, 46),
(1440, 422, 22),
(1441, 422, 2),
(1442, 414, 13),
(1443, 422, 24),
(1445, 414, 37),
(1446, 423, 33),
(1447, 414, 12),
(1448, 414, 7),
(1449, 424, 34),
(1450, 424, 11),
(1451, 424, 2),
(1452, 424, 47),
(1453, 425, 6),
(1454, 425, 12),
(1455, 425, 17),
(1456, 425, 5),
(1457, 425, 46),
(1458, 426, 34),
(1459, 426, 11),
(1460, 426, 2),
(1461, 426, 47),
(1462, 427, 6),
(1463, 427, 12),
(1464, 427, 17),
(1466, 427, 46),
(1467, 427, 5),
(1468, 430, 34),
(1469, 430, 11),
(1470, 430, 2),
(1471, 430, 47),
(1472, 431, 6),
(1473, 431, 12),
(1474, 431, 17),
(1475, 431, 5),
(1476, 431, 46),
(1477, 432, 40),
(1478, 432, 23),
(1479, 433, 22),
(1480, 432, 10),
(1481, 433, 2),
(1482, 433, 24),
(1483, 432, 25),
(1484, 434, 33),
(1485, 432, 45),
(1486, 413, 24),
(1487, 428, 22),
(1488, 428, 23),
(1489, 435, 7),
(1490, 428, 9),
(1491, 429, 7),
(1492, 436, 40),
(1493, 429, 14),
(1494, 436, 23),
(1495, 429, 6),
(1496, 436, 10),
(1497, 436, 25),
(1498, 436, 45),
(1499, 437, 7),
(1500, 377, 34),
(1501, 377, 29),
(1502, 380, 38),
(1503, 440, 40),
(1504, 438, 9),
(1505, 380, 42),
(1506, 440, 23),
(1507, 438, 22),
(1508, 380, 12),
(1509, 441, 34),
(1510, 440, 10),
(1511, 380, 46),
(1512, 441, 11),
(1513, 441, 2),
(1514, 440, 25),
(1515, 441, 47),
(1516, 380, 35),
(1517, 442, 6),
(1518, 440, 45),
(1519, 442, 12),
(1520, 380, 21),
(1521, 442, 17),
(1522, 442, 5),
(1523, 442, 46),
(1524, 444, 7),
(1525, 438, 39),
(1526, 443, 40),
(1527, 439, 6),
(1528, 443, 23),
(1529, 439, 46),
(1530, 445, 22),
(1531, 443, 10),
(1532, 445, 41),
(1533, 443, 25),
(1534, 443, 45),
(1535, 447, 40),
(1536, 451, 7),
(1537, 447, 23),
(1538, 447, 10),
(1539, 447, 25),
(1540, 447, 45),
(1541, 446, 34),
(1542, 449, 7),
(1543, 309, 29),
(1544, 455, 34),
(1545, 455, 11),
(1546, 455, 2),
(1547, 455, 47),
(1548, 457, 6),
(1550, 452, 23),
(1551, 310, 38),
(1552, 457, 12),
(1553, 457, 17),
(1554, 457, 5),
(1555, 454, 23),
(1556, 457, 46),
(1557, 450, 42),
(1558, 453, 6),
(1559, 453, 7),
(1560, 450, 12),
(1561, 453, 28),
(1562, 450, 46),
(1563, 453, 18),
(1564, 450, 35),
(1565, 456, 6),
(1566, 450, 21),
(1567, 456, 7),
(1568, 456, 28),
(1569, 456, 18),
(1570, 458, 22),
(1571, 458, 41),
(1572, 460, 40),
(1573, 460, 23),
(1574, 461, 34),
(1575, 461, 11),
(1576, 461, 2),
(1577, 460, 10),
(1578, 461, 47),
(1579, 463, 6),
(1580, 463, 12),
(1581, 463, 17),
(1582, 463, 5),
(1583, 459, 34),
(1584, 460, 25),
(1585, 463, 46),
(1586, 460, 45),
(1587, 465, 22),
(1588, 465, 23),
(1589, 467, 40),
(1590, 467, 23),
(1591, 459, 29),
(1592, 465, 9),
(1593, 466, 7),
(1594, 468, 7),
(1595, 467, 10),
(1596, 466, 14),
(1597, 462, 38),
(1598, 467, 25),
(1599, 466, 6),
(1600, 462, 42),
(1601, 467, 45),
(1602, 462, 12),
(1603, 469, 9),
(1604, 462, 46),
(1605, 471, 7),
(1606, 469, 22),
(1607, 462, 35),
(1608, 323, 45),
(1609, 462, 21),
(1610, 469, 39),
(1611, 470, 6),
(1612, 470, 46),
(1613, 271, 6),
(1614, 271, 12),
(1615, 472, 22),
(1616, 472, 41),
(1617, 294, 29),
(1618, 9, 1),
(1619, 474, 22),
(1620, 474, 41),
(1621, 475, 40),
(1622, 475, 23),
(1623, 475, 10),
(1624, 475, 25),
(1625, 476, 40),
(1626, 475, 45),
(1628, 479, 7),
(1630, 480, 40),
(1631, 480, 23),
(1632, 480, 10),
(1633, 481, 22),
(1634, 476, 23),
(1635, 481, 29),
(1636, 481, 9),
(1637, 480, 25),
(1638, 476, 10),
(1639, 482, 7),
(1641, 482, 6),
(1642, 483, 22),
(1643, 482, 5),
(1644, 482, 21),
(1645, 476, 25),
(1646, 482, 17),
(1647, 482, 12),
(1648, 483, 41),
(1649, 482, 42),
(1650, 480, 45),
(1651, 476, 45),
(1652, 484, 9),
(1653, 63, 7),
(1654, 484, 22),
(1655, 478, 7),
(1656, 484, 39),
(1657, 487, 7),
(1658, 485, 6),
(1659, 485, 46),
(1660, 488, 23),
(1661, 490, 23),
(1662, 489, 6),
(1663, 489, 7),
(1664, 489, 28),
(1665, 489, 18),
(1666, 491, 6),
(1667, 491, 7),
(1668, 492, 40),
(1669, 491, 28),
(1670, 491, 18),
(1671, 493, 1),
(1672, 492, 23),
(1673, 495, 22),
(1674, 494, 22),
(1675, 492, 10),
(1676, 494, 29),
(1677, 494, 9),
(1678, 492, 25),
(1679, 496, 7),
(1681, 492, 45),
(1682, 496, 6),
(1683, 496, 5),
(1684, 497, 4),
(1685, 496, 21),
(1686, 496, 17),
(1687, 496, 12),
(1688, 497, 7),
(1689, 496, 42),
(1690, 498, 7),
(1691, 495, 41),
(1692, 499, 23),
(1693, 501, 6),
(1694, 501, 7),
(1695, 501, 28),
(1696, 501, 18),
(1697, 502, 22),
(1698, 502, 41),
(1699, 504, 22),
(1700, 503, 24),
(1701, 504, 29),
(1702, 503, 40),
(1703, 504, 9),
(1704, 506, 7),
(1705, 505, 7),
(1706, 506, 6),
(1707, 506, 5),
(1708, 506, 21),
(1709, 506, 17),
(1710, 506, 12),
(1711, 506, 42),
(1712, 505, 48),
(1713, 508, 40),
(1714, 508, 23),
(1715, 505, 21),
(1716, 508, 10),
(1717, 508, 25),
(1718, 508, 45),
(1719, 509, 7),
(1720, 510, 40),
(1721, 511, 22),
(1722, 510, 23),
(1723, 511, 41),
(1724, 510, 10),
(1725, 510, 25),
(1726, 510, 45),
(1727, 513, 22),
(1728, 306, 29),
(1730, 513, 9),
(1731, 515, 7),
(1732, 515, 6),
(1733, 515, 5),
(1734, 515, 21),
(1735, 517, 40),
(1736, 515, 17),
(1737, 514, 7),
(1738, 515, 12),
(1739, 516, 1),
(1740, 517, 23),
(1741, 515, 42),
(1742, 513, 29),
(1743, 517, 10),
(1744, 519, 4),
(1745, 517, 25),
(1746, 519, 7),
(1747, 517, 45),
(1748, 518, 7),
(1749, 520, 40),
(1750, 520, 23),
(1751, 520, 10),
(1752, 520, 25),
(1753, 520, 45),
(1754, 521, 7),
(1755, 522, 39),
(1756, 522, 2),
(1757, 522, 9),
(1758, 522, 43),
(1759, 523, 21),
(1760, 523, 17),
(1761, 523, 6),
(1762, 523, 38),
(1764, 524, 23),
(1765, 526, 1),
(1767, 526, 23),
(1768, 527, 4),
(1770, 527, 5),
(1771, 527, 14),
(1773, 527, 7),
(1774, 500, 18),
(1775, 525, 6),
(1776, 528, 39),
(1777, 528, 9),
(1778, 525, 7),
(1779, 528, 2),
(1780, 525, 28),
(1781, 528, 43),
(1782, 525, 18),
(1783, 530, 21),
(1784, 529, 40),
(1785, 530, 17),
(1786, 529, 23),
(1787, 531, 22),
(1788, 529, 10),
(1789, 530, 6),
(1790, 529, 25),
(1791, 530, 38),
(1792, 531, 29),
(1793, 529, 45),
(1794, 531, 9),
(1795, 532, 7),
(1796, 533, 7),
(1797, 532, 6),
(1798, 534, 24),
(1799, 532, 5),
(1800, 532, 21),
(1801, 534, 40),
(1802, 532, 17),
(1803, 536, 7),
(1804, 532, 12),
(1805, 536, 48),
(1806, 532, 42),
(1807, 536, 21),
(1808, 535, 22),
(1809, 535, 1),
(1810, 537, 4),
(1811, 537, 6),
(1812, 538, 39),
(1813, 537, 21),
(1814, 538, 9),
(1815, 538, 2),
(1816, 538, 43),
(1817, 539, 21),
(1818, 539, 17),
(1819, 539, 6),
(1820, 539, 38),
(1821, 540, 22),
(1822, 540, 29),
(1823, 542, 40),
(1824, 540, 9),
(1825, 542, 23),
(1826, 540, 11),
(1827, 542, 10),
(1828, 541, 7),
(1829, 541, 6),
(1830, 541, 5),
(1831, 542, 25),
(1832, 541, 21),
(1833, 542, 45),
(1834, 541, 17),
(1835, 543, 7),
(1836, 540, 12),
(1837, 541, 42),
(1838, 545, 40),
(1839, 546, 40),
(1840, 545, 23),
(1841, 546, 23),
(1842, 545, 10),
(1843, 544, 1),
(1844, 545, 25),
(1845, 546, 10),
(1846, 541, 12),
(1847, 546, 10),
(1848, 545, 45),
(1849, 546, 25),
(1850, 546, 45),
(1851, 549, 7),
(1852, 548, 39),
(1853, 550, 7),
(1854, 544, 23),
(1855, 548, 9),
(1856, 548, 2),
(1857, 547, 4),
(1858, 548, 43),
(1859, 551, 21),
(1860, 547, 5),
(1861, 551, 17),
(1862, 551, 6),
(1863, 551, 38),
(1864, 547, 14),
(1865, 552, 22),
(1866, 547, 7),
(1867, 552, 29),
(1868, 554, 39),
(1869, 552, 9),
(1870, 554, 9),
(1871, 553, 7),
(1872, 554, 2),
(1873, 553, 6),
(1874, 553, 5),
(1875, 554, 43),
(1876, 553, 21),
(1877, 555, 22),
(1878, 553, 17),
(1879, 555, 1),
(1880, 556, 22),
(1881, 556, 1),
(1882, 553, 12),
(1883, 560, 4),
(1884, 553, 42),
(1885, 557, 24),
(1886, 561, 4),
(1887, 557, 40),
(1888, 561, 6),
(1889, 560, 6),
(1890, 561, 21),
(1891, 559, 7),
(1892, 560, 21),
(1893, 559, 48),
(1895, 559, 21),
(1896, 558, 21),
(1897, 558, 17),
(1898, 558, 6),
(1899, 558, 38),
(1900, 562, 1),
(1901, 562, 23),
(1902, 547, 4),
(1903, 563, 5),
(1904, 564, 1),
(1905, 563, 14),
(1906, 565, 4),
(1907, 563, 7),
(1908, 565, 7),
(1909, 568, 22),
(1910, 568, 1),
(1911, 566, 22),
(1912, 563, 4),
(1913, 566, 29),
(1914, 570, 4),
(1915, 570, 6),
(1916, 566, 9),
(1917, 570, 21),
(1918, 566, 11),
(1919, 567, 7),
(1920, 567, 6),
(1921, 567, 5),
(1922, 569, 1),
(1923, 567, 21),
(1924, 567, 17),
(1925, 571, 4),
(1926, 567, 12),
(1927, 571, 7),
(1928, 567, 42),
(1929, 572, 40),
(1930, 572, 23),
(1931, 572, 10),
(1932, 574, 40),
(1933, 542, 10),
(1934, 542, 25),
(1935, 574, 23),
(1936, 572, 45),
(1937, 573, 7),
(1938, 575, 22),
(1939, 575, 29),
(1940, 574, 10),
(1941, 575, 9),
(1942, 577, 24),
(1943, 576, 7),
(1944, 577, 40),
(1945, 576, 6),
(1946, 579, 39),
(1947, 579, 9),
(1948, 580, 7),
(1949, 576, 5),
(1950, 579, 2),
(1951, 579, 43),
(1952, 582, 22),
(1953, 580, 48),
(1954, 576, 21),
(1955, 585, 22),
(1956, 582, 1),
(1957, 584, 4),
(1958, 576, 17),
(1959, 587, 21),
(1960, 580, 21),
(1961, 585, 1),
(1962, 584, 6),
(1963, 576, 12),
(1964, 587, 17),
(1965, 584, 21),
(1966, 576, 42),
(1967, 578, 23),
(1968, 587, 6),
(1969, 587, 38),
(1970, 588, 4),
(1971, 583, 23),
(1972, 588, 6),
(1973, 581, 6),
(1974, 588, 21),
(1975, 581, 7),
(1977, 574, 25),
(1978, 581, 28),
(1979, 574, 45),
(1980, 581, 18),
(1982, 586, 6),
(1983, 586, 7),
(1984, 589, 1),
(1985, 589, 23),
(1986, 586, 28),
(1987, 591, 4),
(1988, 586, 18),
(1989, 591, 5),
(1990, 592, 22),
(1991, 591, 14),
(1992, 592, 1),
(1993, 593, 4),
(1994, 593, 4),
(1995, 593, 6),
(1996, 594, 24),
(1997, 591, 7),
(1998, 593, 21),
(1999, 594, 40),
(2000, 595, 7),
(2001, 595, 48),
(2002, 596, 22),
(2003, 595, 21),
(2004, 596, 29),
(2005, 598, 22),
(2006, 596, 9),
(2007, 599, 7),
(2008, 599, 6),
(2009, 598, 29),
(2010, 599, 5),
(2011, 598, 9),
(2012, 599, 21),
(2013, 598, 11),
(2014, 599, 17),
(2015, 597, 1),
(2016, 599, 12),
(2017, 600, 7),
(2018, 599, 42),
(2019, 600, 6),
(2020, 600, 5),
(2021, 600, 21),
(2023, 600, 17),
(2024, 597, 23),
(2025, 601, 4),
(2026, 600, 12),
(2027, 600, 42),
(2028, 590, 7),
(2031, 602, 22),
(2032, 602, 1),
(2033, 603, 4),
(2034, 603, 6),
(2035, 601, 5),
(2036, 603, 21),
(2037, 604, 22),
(2038, 604, 1),
(2039, 601, 14),
(2040, 605, 4),
(2041, 605, 6),
(2042, 605, 21),
(2043, 606, 39),
(2044, 601, 7),
(2045, 606, 9),
(2046, 606, 2),
(2047, 606, 43),
(2048, 607, 21),
(2049, 607, 17),
(2050, 607, 6),
(2051, 607, 38),
(2052, 610, 39),
(2053, 610, 9),
(2054, 610, 2),
(2055, 608, 1),
(2056, 611, 22),
(2057, 611, 9),
(2058, 611, 29),
(2059, 611, 11),
(2060, 612, 7),
(2061, 612, 6),
(2062, 612, 5),
(2063, 612, 21),
(2065, 612, 17),
(2066, 613, 40),
(2067, 612, 12),
(2068, 612, 42),
(2069, 613, 23),
(2070, 613, 10),
(2071, 619, 21),
(2072, 615, 40),
(2073, 613, 25),
(2075, 615, 23),
(2076, 619, 17),
(2077, 615, 10),
(2078, 560, 20),
(2080, 537, 1),
(2081, 615, 25),
(2082, 619, 6),
(2083, 618, 7),
(2085, 615, 45),
(2086, 560, 4),
(2087, 617, 7),
(2088, 621, 6),
(2089, 622, 22),
(2090, 621, 21),
(2091, 622, 29),
(2092, 621, 4),
(2093, 624, 24),
(2094, 622, 9),
(2095, 622, 9),
(2096, 626, 39),
(2097, 614, 1),
(2098, 524, 40),
(2099, 625, 7),
(2100, 625, 48),
(2101, 616, 4),
(2102, 626, 9),
(2103, 625, 21),
(2104, 626, 2),
(2105, 624, 40),
(2106, 626, 43),
(2107, 623, 7),
(2108, 571, 7),
(2109, 627, 21),
(2110, 623, 6),
(2111, 627, 17),
(2112, 627, 6),
(2113, 627, 38),
(2114, 623, 5),
(2115, 623, 21),
(2116, 628, 1),
(2117, 623, 17),
(2118, 630, 22),
(2119, 623, 12),
(2120, 630, 29),
(2121, 629, 4),
(2122, 623, 42),
(2123, 630, 9),
(2124, 608, 23),
(2125, 630, 11),
(2126, 629, 7),
(2127, 609, 4),
(2128, 631, 7),
(2129, 631, 6),
(2130, 632, 39),
(2131, 631, 5),
(2132, 632, 9),
(2133, 631, 21),
(2134, 632, 2),
(2135, 631, 17),
(2136, 632, 43),
(2137, 631, 12),
(2138, 609, 5),
(2139, 631, 42),
(2140, 633, 21),
(2141, 633, 17),
(2142, 633, 6),
(2143, 633, 38),
(2144, 635, 22),
(2145, 635, 29),
(2146, 635, 9),
(2147, 609, 14),
(2148, 637, 7),
(2149, 637, 6),
(2150, 637, 5),
(2151, 637, 21),
(2152, 637, 17),
(2153, 637, 12),
(2154, 637, 42),
(2156, 634, 23),
(2157, 636, 6),
(2159, 636, 7),
(2160, 636, 28),
(2161, 636, 18),
(2162, 609, 7),
(2163, 639, 40),
(2164, 641, 43),
(2165, 641, 8),
(2166, 642, 40),
(2167, 643, 21),
(2168, 642, 23),
(2169, 642, 10),
(2170, 642, 25),
(2171, 645, 4),
(2172, 639, 24),
(2173, 642, 45),
(2174, 646, 40),
(2175, 646, 23),
(2176, 648, 7),
(2177, 649, 39),
(2178, 646, 10),
(2179, 649, 9),
(2180, 649, 2),
(2181, 646, 25),
(2182, 644, 1),
(2183, 649, 43),
(2184, 646, 45),
(2185, 651, 21),
(2186, 651, 17),
(2187, 647, 7),
(2188, 651, 6),
(2189, 651, 38),
(2190, 644, 23),
(2191, 652, 24),
(2193, 645, 5),
(2194, 610, 43),
(2195, 645, 14),
(2196, 619, 38),
(2197, 654, 43),
(2198, 654, 9),
(2199, 645, 7),
(2200, 652, 40),
(2201, 655, 21),
(2202, 653, 7),
(2203, 638, 1),
(2204, 653, 48),
(2205, 653, 21),
(2206, 640, 4),
(2207, 640, 7),
(2208, 656, 22),
(2209, 656, 29),
(2210, 656, 9),
(2211, 658, 23),
(2212, 656, 11),
(2213, 659, 6),
(2214, 659, 7),
(2215, 660, 40),
(2216, 657, 7),
(2217, 660, 23),
(2218, 657, 6),
(2219, 659, 28),
(2220, 659, 18),
(2221, 657, 5),
(2222, 660, 10),
(2223, 657, 21),
(2224, 662, 43),
(2225, 662, 9),
(2226, 660, 25),
(2227, 663, 21),
(2228, 657, 17),
(2229, 660, 45),
(2230, 657, 12),
(2231, 661, 7),
(2232, 657, 42),
(2233, 664, 1),
(2234, 105, 4),
(2235, 666, 23),
(2236, 667, 6),
(2237, 667, 7),
(2238, 668, 1),
(2240, 665, 7),
(2241, 669, 23),
(2242, 665, 4),
(2243, 670, 6),
(2244, 668, 23),
(2245, 670, 7),
(2246, 670, 28),
(2247, 670, 18),
(2248, 650, 7),
(2249, 650, 48),
(2250, 650, 21),
(2251, 672, 4),
(2252, 672, 5),
(2253, 674, 23),
(2254, 675, 6),
(2255, 672, 14),
(2256, 675, 7),
(2257, 675, 28),
(2258, 675, 18),
(2259, 676, 23),
(2260, 672, 7),
(2261, 677, 6),
(2262, 677, 7),
(2263, 677, 28),
(2264, 677, 18),
(2265, 671, 1),
(2266, 673, 4),
(2267, 678, 24),
(2268, 31, 7),
(2269, 678, 40),
(2270, 679, 7),
(2271, 679, 48),
(2272, 679, 21),
(2273, 680, 1),
(2274, 680, 23),
(2275, 681, 4),
(2276, 681, 5),
(2277, 681, 14),
(2278, 681, 7),
(2279, 682, 23),
(2280, 684, 23),
(2281, 683, 6),
(2282, 683, 7),
(2283, 683, 28),
(2284, 673, 7),
(2285, 683, 18),
(2286, 685, 6),
(2287, 685, 7),
(2288, 685, 28),
(2289, 685, 18),
(2290, 686, 34),
(2291, 686, 29),
(2292, 667, 28),
(2293, 687, 38),
(2294, 667, 18),
(2295, 687, 42),
(2296, 687, 12),
(2297, 687, 46),
(2298, 687, 35),
(2299, 687, 21),
(2300, 700, 1),
(2301, 688, 34),
(2302, 688, 29),
(2303, 701, 4),
(2304, 689, 38),
(2305, 701, 7),
(2306, 689, 42),
(2307, 689, 12),
(2308, 689, 46),
(2309, 689, 35),
(2310, 689, 21),
(2311, 690, 34),
(2312, 690, 29),
(2313, 691, 38),
(2314, 691, 42),
(2315, 691, 12),
(2316, 691, 46),
(2317, 691, 35),
(2318, 691, 21),
(2319, 692, 34),
(2320, 692, 29),
(2321, 693, 38),
(2322, 693, 42),
(2323, 693, 12),
(2324, 693, 46),
(2325, 703, 24),
(2326, 702, 24),
(2327, 693, 35),
(2328, 693, 21),
(2329, 702, 40),
(2330, 703, 40),
(2331, 694, 34),
(2332, 694, 29),
(2333, 705, 7),
(2334, 704, 7),
(2335, 695, 38),
(2336, 705, 48),
(2337, 704, 48),
(2338, 695, 42),
(2339, 704, 21),
(2340, 705, 21),
(2341, 695, 12),
(2342, 695, 46),
(2343, 695, 35),
(2344, 695, 21),
(2345, 696, 34),
(2347, 696, 29),
(2348, 706, 40),
(2349, 697, 38),
(2350, 707, 24),
(2351, 697, 42),
(2352, 707, 40),
(2353, 697, 12),
(2355, 709, 1),
(2356, 697, 46),
(2357, 711, 7),
(2359, 710, 4),
(2360, 697, 35),
(2361, 697, 21),
(2364, 710, 7),
(2365, 698, 34),
(2366, 698, 29),
(2367, 711, 21),
(2368, 699, 38),
(2369, 699, 42),
(2370, 699, 42),
(2371, 708, 7),
(2372, 706, 24),
(2373, 699, 12),
(2374, 711, 48),
(2375, 712, 24),
(2376, 712, 40),
(2377, 713, 7),
(2378, 713, 48),
(2379, 713, 21),
(2380, 699, 46),
(2381, 699, 35),
(2382, 699, 21),
(2383, 714, 24),
(2384, 715, 24),
(2385, 714, 40),
(2386, 715, 40),
(2387, 716, 7),
(2388, 716, 48),
(2389, 716, 21),
(2390, 717, 7),
(2391, 717, 48),
(2392, 717, 21),
(2393, 718, 24),
(2394, 718, 40),
(2395, 719, 7),
(2396, 719, 48),
(2397, 719, 21),
(2398, 720, 1),
(2399, 720, 23),
(2400, 722, 1),
(2401, 722, 23),
(2402, 723, 4),
(2403, 723, 5),
(2404, 723, 14),
(2405, 723, 7),
(2406, 724, 1),
(2407, 724, 23),
(2408, 725, 4),
(2409, 725, 5),
(2410, 725, 14),
(2411, 725, 7),
(2412, 721, 4),
(2413, 367, 5),
(2414, 721, 14),
(2415, 721, 7),
(2416, 547, 5),
(2417, 726, 1),
(2418, 726, 23),
(2419, 728, 4),
(2420, 728, 5),
(2421, 728, 14),
(2422, 728, 7),
(2423, 727, 1),
(2424, 727, 23),
(2425, 727, 23),
(2426, 729, 4),
(2427, 729, 5),
(2428, 729, 14),
(2429, 729, 7),
(2430, 730, 16),
(2431, 730, 11),
(2432, 731, 14),
(2433, 731, 4),
(2434, 731, 6),
(2435, 731, 17),
(2436, 731, 18),
(2437, 732, 16),
(2438, 732, 11),
(2439, 733, 14),
(2440, 733, 4),
(2441, 733, 6),
(2442, 733, 17),
(2443, 733, 18),
(2444, 734, 16),
(2445, 734, 11),
(2446, 735, 14),
(2447, 735, 4),
(2448, 735, 6),
(2449, 735, 17),
(2450, 735, 18),
(2451, 736, 16),
(2452, 736, 11),
(2453, 737, 14),
(2454, 737, 4),
(2455, 737, 6),
(2456, 737, 17),
(2457, 737, 18),
(2458, 738, 16),
(2459, 738, 11),
(2460, 739, 14),
(2461, 739, 4),
(2462, 739, 6),
(2463, 739, 17),
(2464, 739, 18),
(2465, 740, 22),
(2466, 740, 29),
(2467, 740, 9),
(2468, 740, 11),
(2469, 741, 7),
(2470, 741, 6),
(2471, 741, 5),
(2472, 741, 21),
(2474, 741, 12),
(2475, 741, 42),
(2476, 742, 22),
(2477, 742, 29),
(2478, 742, 9),
(2479, 742, 11),
(2480, 743, 7),
(2482, 743, 5),
(2483, 743, 21),
(2484, 743, 17),
(2485, 743, 12),
(2486, 743, 42),
(2487, 743, 6),
(2488, 741, 17),
(2489, 744, 22),
(2490, 744, 29),
(2491, 744, 9),
(2493, 745, 7),
(2494, 745, 6),
(2495, 745, 5),
(2496, 745, 21),
(2497, 745, 17),
(2498, 745, 12),
(2499, 745, 42),
(2500, 744, 11),
(2501, 746, 22),
(2502, 746, 29),
(2503, 746, 9),
(2504, 746, 11),
(2505, 747, 7),
(2506, 747, 6),
(2507, 747, 5),
(2508, 747, 21),
(2509, 747, 17),
(2510, 747, 12),
(2511, 747, 42),
(2512, 748, 22),
(2513, 748, 29),
(2514, 748, 9),
(2515, 748, 11),
(2516, 749, 7),
(2517, 749, 6),
(2518, 749, 5),
(2519, 749, 21),
(2520, 749, 17),
(2521, 749, 12),
(2522, 749, 42),
(2523, 750, 24),
(2524, 750, 40),
(2525, 751, 7),
(2526, 751, 48),
(2527, 751, 21);

-- --------------------------------------------------------

--
-- Struktur dari tabel `spklapangan`
--

CREATE TABLE `spklapangan` (
  `id_spklapangan` int(11) NOT NULL,
  `id_kegiatan` int(11) NOT NULL,
  `id_petak` int(11) NOT NULL,
  `nilai_spklapangan` varchar(11) NOT NULL
) ENGINE=InnoDB DEFAULT CHARSET=utf8mb4;

--
-- Dumping data untuk tabel `spklapangan`
--

INSERT INTO `spklapangan` (`id_spklapangan`, `id_kegiatan`, `id_petak`, `nilai_spklapangan`) VALUES
(8, 11, 13, '24'),
(9, 17, 13, '24'),
(12, 19, 13, '24'),
(13, 21, 13, '26400'),
(14, 23, 13, '1'),
(17, 26, 13, '26400'),
(18, 27, 13, '26400'),
(19, 28, 13, '24'),
(20, 29, 13, '24'),
(21, 30, 13, '26400'),
(22, 31, 13, '2.40'),
(23, 11, 14, '21'),
(24, 17, 14, '21'),
(25, 18, 14, '21'),
(26, 19, 14, '21'),
(27, 21, 14, '23100'),
(28, 23, 14, '1'),
(29, 24, 14, '0'),
(30, 25, 14, '23100'),
(31, 26, 14, '23100'),
(32, 27, 14, '23100'),
(33, 28, 14, '21'),
(34, 29, 14, '21'),
(35, 30, 14, '2310'),
(36, 31, 14, '2.10'),
(38, 11, 59, '28'),
(39, 11, 15, '22'),
(40, 11, 47, '23'),
(41, 17, 47, '23'),
(42, 18, 47, '23'),
(43, 19, 47, '23'),
(44, 21, 47, '25300'),
(45, 23, 47, '1'),
(46, 24, 47, '1'),
(47, 25, 47, '25300'),
(48, 26, 47, '25300'),
(49, 27, 47, '25300'),
(50, 28, 47, '23'),
(51, 29, 47, '23'),
(52, 30, 47, '2530'),
(54, 31, 47, '2.30'),
(55, 11, 48, '28'),
(56, 11, 312, '22'),
(57, 11, 63, '24'),
(58, 11, 226, '25'),
(59, 11, 237, '28'),
(60, 11, 79, '25'),
(61, 11, 36, '24'),
(62, 11, 25, '23'),
(63, 17, 79, '25'),
(64, 18, 79, '25'),
(65, 17, 25, '23'),
(66, 17, 36, '24'),
(67, 19, 79, '25'),
(68, 18, 36, '24'),
(69, 18, 25, '23'),
(70, 19, 36, '24'),
(71, 21, 79, '15625'),
(72, 19, 25, '23'),
(73, 21, 36, '26400'),
(74, 21, 25, '25300'),
(75, 23, 79, '1'),
(76, 24, 36, '1'),
(77, 25, 36, '26400'),
(78, 11, 244, '24'),
(79, 24, 79, '1'),
(80, 17, 59, '28'),
(81, 17, 237, '28'),
(83, 18, 59, '28'),
(84, 25, 79, '15625'),
(85, 24, 25, '1'),
(86, 26, 79, '15625'),
(87, 27, 79, '15625'),
(88, 25, 25, '25300'),
(89, 28, 79, '25'),
(90, 26, 36, '26400'),
(91, 26, 25, '25300'),
(92, 27, 36, '26400'),
(93, 19, 59, '28'),
(94, 17, 226, '25'),
(95, 29, 79, '25'),
(96, 21, 59, '30800'),
(97, 28, 36, '24'),
(98, 18, 237, '28'),
(99, 18, 226, '25'),
(100, 29, 36, '24'),
(101, 19, 237, '28'),
(102, 23, 59, '1'),
(103, 30, 79, '1562'),
(104, 30, 36, '2640'),
(105, 27, 25, '25300'),
(106, 19, 226, '25'),
(107, 31, 36, '2.4'),
(108, 31, 79, '2.50'),
(109, 21, 237, '30800'),
(110, 21, 226, '27500'),
(111, 23, 237, '1'),
(112, 23, 36, '1'),
(113, 28, 25, '23'),
(114, 23, 226, '1'),
(115, 24, 237, '1'),
(116, 17, 244, '24'),
(117, 24, 59, '1'),
(118, 29, 25, '23'),
(119, 25, 226, '27500'),
(120, 18, 244, '24'),
(121, 25, 237, '30800'),
(122, 26, 226, '27500'),
(123, 25, 59, '30800'),
(124, 30, 25, '2530'),
(125, 26, 237, '30800'),
(126, 27, 226, '27500'),
(127, 27, 237, '30800'),
(128, 26, 59, '30800'),
(129, 31, 25, '2.30'),
(130, 28, 237, '28'),
(131, 28, 226, '25'),
(132, 27, 59, '30800'),
(133, 29, 237, '28'),
(134, 19, 244, '24'),
(135, 29, 226, '25'),
(136, 30, 237, '3080'),
(137, 30, 226, '2750'),
(138, 28, 59, '28'),
(139, 31, 226, '2.50'),
(140, 31, 237, '2.80'),
(142, 21, 244, '26400'),
(144, 29, 59, '28'),
(145, 23, 244, '1'),
(148, 24, 244, '1'),
(149, 30, 59, '3080'),
(150, 17, 15, '22'),
(151, 11, 37, '23'),
(153, 17, 37, '23'),
(154, 31, 59, '2.80'),
(155, 18, 15, '22'),
(156, 18, 37, '23'),
(157, 19, 37, '23'),
(158, 21, 37, '25300'),
(159, 19, 15, '22'),
(160, 21, 15, '24200'),
(161, 11, 238, '21'),
(162, 23, 37, '1'),
(163, 23, 15, '1'),
(164, 17, 238, '21'),
(166, 24, 15, '0'),
(167, 25, 37, '25300'),
(168, 11, 227, '22'),
(169, 25, 15, '24200'),
(170, 17, 227, '22'),
(171, 18, 227, '22'),
(172, 26, 37, '25300'),
(173, 26, 15, '24200'),
(174, 19, 227, '22'),
(175, 27, 37, '25300'),
(176, 27, 15, '24200'),
(177, 21, 227, '24200'),
(178, 28, 37, '23'),
(179, 28, 15, '22'),
(180, 29, 37, '23'),
(181, 23, 227, '1'),
(182, 30, 37, '2530'),
(183, 29, 15, '22'),
(184, 25, 227, '24200'),
(185, 31, 37, '2.3'),
(186, 26, 227, '24200'),
(187, 30, 15, '2420'),
(188, 31, 15, '2.20'),
(189, 18, 238, '21'),
(190, 27, 227, '24200'),
(192, 19, 238, '21'),
(193, 25, 244, '26400'),
(194, 29, 227, '22'),
(195, 30, 227, '2420'),
(196, 26, 244, '26400'),
(197, 31, 227, '2.20'),
(198, 21, 238, '23100'),
(199, 27, 244, '26400'),
(200, 23, 238, '1'),
(201, 28, 244, '24'),
(202, 24, 238, '0'),
(203, 11, 26, '27'),
(204, 29, 244, '24'),
(205, 28, 227, '22'),
(206, 17, 26, '27'),
(207, 25, 238, '23100'),
(208, 30, 244, '2640'),
(209, 18, 26, '27'),
(210, 24, 226, '0'),
(211, 26, 238, '23100'),
(212, 31, 244, '2.40'),
(213, 24, 227, '0'),
(214, 27, 238, '23100'),
(215, 19, 26, '27'),
(216, 11, 60, '23'),
(217, 28, 238, '21'),
(218, 21, 26, '29700'),
(219, 17, 60, '23'),
(220, 29, 238, '21'),
(221, 30, 238, '2310'),
(222, 23, 26, '1'),
(223, 18, 60, '23'),
(224, 31, 238, '2.10'),
(225, 11, 38, '29'),
(226, 24, 26, '0'),
(227, 19, 60, '23'),
(228, 17, 38, '29'),
(229, 11, 228, '26'),
(230, 25, 26, '29700'),
(231, 18, 38, '29'),
(232, 21, 60, '25300'),
(233, 17, 228, '26'),
(234, 19, 38, '29'),
(235, 26, 26, '29700'),
(236, 23, 60, '1'),
(237, 11, 80, '22'),
(238, 18, 228, '26'),
(239, 21, 38, '31900'),
(240, 27, 26, '29700'),
(241, 24, 60, '0'),
(242, 19, 228, '26'),
(243, 23, 38, '1'),
(244, 11, 16, '23'),
(245, 17, 80, '22'),
(246, 25, 60, '25300'),
(247, 21, 228, '28600'),
(248, 24, 38, '1'),
(249, 28, 26, '27'),
(250, 17, 16, '23'),
(251, 18, 80, '22'),
(252, 26, 60, '25300'),
(253, 23, 228, '1'),
(254, 25, 38, '31900'),
(255, 18, 16, '23'),
(256, 19, 80, '22'),
(257, 29, 26, '27'),
(258, 24, 228, '1'),
(259, 26, 38, '31900'),
(260, 27, 60, '25300'),
(261, 19, 16, '23'),
(262, 30, 26, '2970'),
(263, 25, 228, '28600'),
(264, 27, 38, '31900'),
(265, 11, 239, '22'),
(266, 28, 60, '23'),
(267, 21, 16, '25300'),
(268, 31, 26, '2.70'),
(269, 21, 80, '13750'),
(270, 17, 239, '22'),
(271, 26, 228, '28600'),
(272, 28, 38, '29'),
(273, 29, 60, '23'),
(274, 18, 239, '22'),
(275, 23, 16, '1'),
(276, 27, 228, '28600'),
(277, 19, 239, '22'),
(278, 30, 60, '2530'),
(279, 11, 245, '21'),
(280, 24, 16, '0'),
(281, 21, 239, '24200'),
(282, 23, 80, '1'),
(283, 28, 228, '26'),
(284, 29, 38, '29'),
(285, 31, 60, '2.30'),
(286, 23, 239, '1'),
(287, 29, 228, '26'),
(288, 25, 16, '25300'),
(289, 25, 239, '24200'),
(290, 30, 38, '3190'),
(291, 25, 80, '13750'),
(292, 26, 16, '25300'),
(293, 26, 239, '24200'),
(294, 17, 245, '21'),
(295, 31, 38, '2.9'),
(296, 30, 228, '2860'),
(297, 27, 239, '24200'),
(298, 27, 16, '25300'),
(299, 18, 245, '21'),
(300, 28, 239, '22'),
(301, 31, 228, '2.60'),
(302, 28, 16, '23'),
(303, 29, 239, '22'),
(304, 30, 239, '2420'),
(305, 29, 16, '23'),
(306, 31, 239, '2.20'),
(307, 30, 16, '2530'),
(308, 31, 16, '2.3'),
(309, 19, 245, '21'),
(310, 21, 245, '23100'),
(311, 23, 245, '1'),
(312, 24, 245, '0'),
(313, 25, 245, '23100'),
(314, 26, 245, '23100'),
(315, 11, 240, '24'),
(316, 17, 240, '24'),
(317, 11, 27, '20'),
(318, 27, 245, '23100'),
(319, 11, 61, '24'),
(320, 18, 240, '24'),
(321, 17, 27, '20'),
(322, 19, 240, '24'),
(323, 26, 80, '13750'),
(324, 17, 61, '24'),
(325, 21, 240, '26400'),
(326, 18, 27, '20'),
(327, 23, 240, '1'),
(328, 18, 61, '24'),
(329, 27, 80, '13750'),
(330, 25, 240, '26400'),
(331, 28, 245, '21'),
(332, 19, 27, '20'),
(333, 26, 240, '27500'),
(334, 19, 61, '24'),
(335, 21, 27, '22000'),
(336, 27, 240, '26400'),
(337, 23, 27, '1'),
(338, 29, 245, '21'),
(339, 21, 61, '26400'),
(340, 28, 240, '24'),
(341, 28, 80, '22'),
(342, 24, 27, '1'),
(343, 29, 240, '24'),
(344, 30, 245, '2310'),
(345, 23, 61, '1'),
(346, 11, 229, '23'),
(347, 30, 240, '2640'),
(348, 25, 27, '22000'),
(349, 31, 245, '2.1'),
(350, 11, 18, '26'),
(351, 31, 240, '2.40'),
(352, 29, 80, '22'),
(353, 24, 61, '0'),
(354, 17, 229, '23'),
(355, 17, 18, '26'),
(356, 26, 27, '22000'),
(357, 11, 39, '23'),
(358, 30, 80, '1375'),
(359, 25, 61, '26400'),
(360, 18, 18, '26'),
(361, 17, 39, '23'),
(362, 18, 229, '23'),
(363, 27, 27, '22000'),
(364, 19, 229, '23'),
(365, 31, 80, '2.20'),
(366, 18, 39, '23'),
(367, 28, 27, '20'),
(368, 26, 61, '26400'),
(369, 19, 39, '23'),
(370, 29, 27, '20'),
(371, 19, 18, '26'),
(372, 21, 229, '25300'),
(373, 21, 39, '25300'),
(374, 23, 39, '1'),
(375, 21, 18, '28600'),
(376, 30, 27, '2200'),
(377, 27, 61, '26400'),
(378, 25, 39, '25300'),
(379, 23, 18, '1'),
(380, 24, 18, '1'),
(381, 26, 39, '25300'),
(382, 25, 229, '25300'),
(383, 31, 27, '2'),
(384, 25, 18, '28600'),
(385, 27, 39, '25300'),
(386, 11, 241, '25'),
(387, 28, 39, '23'),
(388, 26, 18, '28600'),
(389, 26, 229, '25300'),
(390, 29, 39, '23'),
(391, 27, 18, '28600'),
(392, 28, 61, '24'),
(393, 27, 229, '25300'),
(394, 17, 241, '25'),
(395, 28, 18, '26'),
(396, 30, 39, '2530'),
(397, 18, 241, '25'),
(398, 29, 18, '26'),
(399, 31, 39, '2.3'),
(400, 29, 61, '24'),
(401, 19, 241, '25'),
(402, 28, 229, '23'),
(403, 30, 18, '2860'),
(404, 21, 241, '27500'),
(405, 30, 61, '2640'),
(406, 31, 18, '2.6'),
(407, 23, 241, '1'),
(408, 29, 229, '23'),
(409, 24, 241, '1'),
(410, 31, 61, '2.40'),
(411, 25, 241, '27500'),
(412, 30, 229, '2530'),
(413, 26, 241, '26400'),
(414, 27, 241, '26400'),
(415, 28, 241, '25'),
(416, 31, 229, '2.30'),
(417, 29, 241, '25'),
(418, 30, 241, '2750'),
(419, 31, 241, '2.50'),
(420, 11, 41, '30'),
(421, 17, 41, '30'),
(422, 11, 28, '22'),
(423, 11, 81, '24'),
(424, 18, 41, '30'),
(425, 17, 28, '22'),
(426, 19, 41, '30'),
(427, 21, 41, '33000'),
(428, 17, 81, '24'),
(429, 11, 246, '28'),
(430, 23, 41, '1'),
(431, 17, 246, '28'),
(432, 18, 28, '22'),
(433, 24, 41, '1'),
(434, 18, 246, '28'),
(435, 18, 81, '24'),
(436, 25, 41, '33000'),
(437, 26, 41, '33000'),
(438, 19, 246, '28'),
(439, 19, 81, '24'),
(440, 11, 62, '25'),
(441, 27, 41, '33000'),
(442, 21, 246, '30800'),
(443, 17, 62, '25'),
(444, 28, 41, '30'),
(446, 23, 246, '1'),
(447, 21, 81, '15000'),
(448, 29, 41, '30'),
(449, 18, 62, '25'),
(451, 11, 242, '28'),
(452, 30, 41, '3300'),
(453, 19, 62, '25'),
(454, 31, 41, '3'),
(455, 23, 81, '1'),
(456, 25, 246, '30800'),
(457, 9, 62, '27500'),
(458, 24, 81, '1'),
(459, 23, 62, '1'),
(460, 26, 246, '30800'),
(461, 17, 242, '28'),
(462, 25, 81, '15000'),
(463, 18, 242, '28'),
(464, 24, 62, '1'),
(465, 27, 246, '30800'),
(466, 19, 242, '28'),
(467, 26, 81, '15000'),
(468, 25, 62, '27500'),
(469, 21, 242, '30800'),
(470, 28, 246, '28'),
(471, 27, 81, '15000'),
(472, 26, 62, '27500'),
(473, 23, 242, '1'),
(475, 25, 242, '30800'),
(476, 27, 62, '27500'),
(477, 28, 81, '24'),
(478, 29, 246, '28'),
(479, 19, 28, '22'),
(480, 28, 62, '25'),
(481, 30, 246, '3080'),
(482, 21, 28, '24200'),
(483, 26, 242, '30800'),
(484, 23, 28, '1'),
(485, 29, 62, '25'),
(486, 31, 246, '2.8'),
(487, 27, 242, '30800'),
(488, 11, 42, '22'),
(489, 28, 242, '28'),
(490, 30, 62, '2750'),
(491, 29, 242, '28'),
(492, 17, 42, '22'),
(493, 24, 246, '0'),
(494, 31, 62, '2.50'),
(495, 18, 42, '22'),
(496, 30, 242, '3080'),
(497, 19, 42, '22'),
(498, 31, 242, '2.80'),
(499, 21, 42, '24200'),
(500, 23, 42, '1'),
(501, 24, 28, '1'),
(502, 24, 42, '1'),
(503, 25, 28, '24200'),
(504, 25, 42, '24200'),
(505, 26, 28, '24200'),
(506, 26, 42, '24200'),
(507, 27, 28, '24200'),
(508, 27, 42, '24200'),
(509, 28, 42, '22'),
(510, 28, 28, '22'),
(511, 29, 42, '22'),
(512, 30, 42, '2420'),
(513, 29, 28, '22'),
(514, 11, 243, '27'),
(515, 31, 42, '2.2'),
(516, 30, 28, '2420'),
(517, 17, 243, '27'),
(518, 18, 243, '27'),
(519, 31, 28, '2.20'),
(520, 19, 243, '27'),
(521, 29, 81, '24'),
(522, 21, 243, '29700'),
(523, 23, 243, '1'),
(524, 30, 81, '1500'),
(525, 24, 243, '1'),
(526, 25, 243, '29700'),
(527, 31, 81, '2.4'),
(528, 11, 52, '27'),
(529, 11, 97, '30'),
(530, 11, 19, '22'),
(531, 17, 19, '22'),
(532, 11, 230, '28'),
(533, 18, 19, '22'),
(534, 26, 243, '29700'),
(535, 17, 97, '30'),
(536, 17, 230, '28'),
(537, 27, 243, '29700'),
(538, 18, 230, '28'),
(539, 28, 243, '27'),
(540, 29, 243, '27'),
(541, 19, 230, '28'),
(542, 19, 19, '22'),
(543, 21, 19, '24200'),
(544, 21, 230, '30800'),
(545, 30, 243, '2970'),
(546, 18, 97, '30'),
(547, 31, 243, '2.70'),
(548, 23, 19, '1'),
(549, 23, 230, '1'),
(550, 24, 19, '0'),
(551, 25, 19, '24200'),
(552, 19, 97, '30'),
(553, 24, 230, '1'),
(554, 26, 19, '24200'),
(555, 27, 19, '24200'),
(556, 21, 97, '33000'),
(557, 25, 230, '30800'),
(558, 28, 19, '22'),
(559, 23, 97, '1'),
(560, 26, 230, '30800'),
(561, 27, 230, '30800'),
(562, 28, 230, '28'),
(563, 11, 43, '28'),
(564, 24, 97, '1'),
(565, 29, 19, '22'),
(566, 17, 43, '28'),
(567, 30, 230, '3080'),
(568, 25, 97, '33000'),
(569, 30, 19, '2420'),
(570, 26, 97, '33000'),
(571, 18, 43, '28'),
(572, 31, 230, '2.80'),
(573, 27, 97, '33000'),
(574, 19, 43, '28'),
(575, 11, 217, '24'),
(576, 31, 19, '2.2'),
(577, 28, 97, '30'),
(578, 29, 97, '30'),
(579, 21, 43, '30800'),
(580, 17, 217, '24'),
(581, 18, 217, '24'),
(582, 19, 217, '24'),
(583, 23, 43, '1'),
(584, 30, 97, '3300'),
(585, 21, 217, '26400'),
(586, 31, 97, '3'),
(587, 23, 217, '1'),
(588, 11, 231, '24'),
(589, 25, 43, '30800'),
(590, 25, 217, '26400'),
(591, 11, 247, '23'),
(592, 17, 231, '24'),
(593, 26, 217, '26400'),
(594, 18, 231, '24'),
(595, 19, 231, '24'),
(596, 17, 247, '23'),
(597, 26, 43, '30800'),
(598, 18, 247, '23'),
(600, 27, 217, '26400'),
(601, 28, 217, '24'),
(602, 19, 247, '23'),
(603, 29, 217, '24'),
(604, 30, 217, '2640'),
(605, 31, 217, '2.40'),
(606, 21, 231, '26400'),
(607, 21, 247, '25300'),
(608, 23, 247, '1'),
(609, 23, 231, '1'),
(610, 11, 29, '25'),
(611, 25, 247, '25300'),
(612, 11, 20, '29'),
(613, 17, 29, '25'),
(614, 25, 231, '26400'),
(615, 24, 247, '0'),
(616, 17, 20, '29'),
(617, 26, 231, '26400'),
(618, 18, 29, '25'),
(619, 27, 43, '30800'),
(620, 27, 231, '26400'),
(621, 18, 20, '29'),
(622, 28, 43, '28'),
(623, 19, 20, '29'),
(624, 29, 43, '28'),
(625, 21, 20, '31900'),
(626, 30, 43, '3080'),
(627, 19, 29, '25'),
(628, 23, 20, '1'),
(629, 24, 20, '1'),
(630, 31, 43, '2.8'),
(631, 26, 247, '25300'),
(632, 25, 20, '31900'),
(633, 28, 231, '24'),
(634, 11, 218, '24'),
(635, 27, 247, '25300'),
(636, 26, 20, '31900'),
(637, 17, 218, '24'),
(638, 27, 20, '31900'),
(639, 11, 157, '25'),
(640, 28, 247, '23'),
(641, 18, 218, '24'),
(642, 28, 20, '29'),
(643, 19, 218, '24'),
(644, 29, 231, '24'),
(645, 29, 247, '23'),
(646, 11, 98, '23'),
(647, 29, 20, '29'),
(648, 21, 218, '26400'),
(649, 17, 157, '25'),
(650, 30, 20, '3190'),
(651, 30, 247, '2530'),
(652, 23, 218, '1'),
(653, 31, 20, '2.9'),
(654, 25, 218, '26400'),
(655, 31, 247, '2.30'),
(656, 26, 218, '26400'),
(657, 27, 218, '26400'),
(658, 31, 231, '2.40'),
(659, 28, 218, '24'),
(660, 29, 218, '24'),
(661, 30, 218, '2640'),
(662, 31, 218, '2.40'),
(663, 17, 98, '23'),
(664, 18, 157, '25'),
(665, 21, 29, '27500'),
(666, 30, 231, '2640'),
(667, 18, 98, '23'),
(668, 11, 44, '25'),
(669, 19, 98, '23'),
(670, 17, 44, '25'),
(671, 21, 98, '25300'),
(672, 18, 44, '25'),
(673, 23, 29, '1'),
(674, 23, 98, '1'),
(675, 19, 44, '25'),
(676, 19, 157, '25'),
(677, 24, 29, '1'),
(678, 24, 98, '0'),
(679, 21, 44, '27500'),
(680, 23, 44, '1'),
(681, 25, 98, '25300'),
(682, 25, 44, '27500'),
(683, 11, 21, '29'),
(684, 25, 29, '27500'),
(685, 26, 98, '25300'),
(686, 17, 21, '29'),
(687, 21, 157, '27500'),
(688, 26, 44, '27500'),
(689, 18, 21, '29'),
(690, 27, 44, '27500'),
(691, 19, 21, '29'),
(692, 11, 219, '26'),
(693, 21, 21, '31900'),
(694, 17, 219, '26'),
(695, 27, 98, '25300'),
(696, 28, 44, '25'),
(697, 23, 21, '1'),
(698, 18, 219, '26'),
(699, 24, 21, '0'),
(700, 19, 219, '26'),
(701, 29, 44, '25'),
(702, 21, 219, '28600'),
(703, 25, 21, '31900'),
(704, 23, 219, '1'),
(705, 30, 44, '2750'),
(706, 26, 21, '31900'),
(707, 24, 219, '1'),
(708, 27, 21, '31900'),
(709, 25, 219, '28600'),
(710, 31, 44, '2.5'),
(711, 28, 98, '23'),
(712, 23, 157, '1'),
(713, 26, 219, '28600'),
(714, 28, 21, '29'),
(715, 27, 219, '28600'),
(716, 29, 21, '29'),
(717, 28, 219, '26'),
(718, 29, 219, '26'),
(719, 30, 21, '3190'),
(720, 25, 157, '23100'),
(721, 30, 219, '2860'),
(722, 31, 21, '2.9'),
(723, 31, 219, '2.60'),
(724, 11, 248, '24'),
(725, 17, 248, '24'),
(726, 26, 157, '23100'),
(727, 18, 248, '24'),
(728, 11, 232, '26'),
(729, 19, 248, '24'),
(730, 11, 45, '21'),
(731, 17, 45, '21'),
(732, 29, 98, '23'),
(733, 17, 232, '26'),
(734, 27, 157, '23100'),
(735, 11, 220, '22'),
(736, 23, 248, '1'),
(737, 30, 98, '2530'),
(738, 17, 220, '22'),
(739, 24, 248, '1'),
(740, 18, 220, '22'),
(741, 18, 45, '21'),
(742, 31, 98, '2.30'),
(743, 25, 248, '26400'),
(744, 19, 45, '21'),
(745, 18, 232, '26'),
(746, 19, 220, '22'),
(747, 11, 22, '28'),
(748, 21, 45, '23100'),
(749, 21, 220, '24200'),
(750, 17, 22, '28'),
(751, 23, 220, '1'),
(752, 23, 45, '1'),
(753, 18, 22, '28'),
(754, 25, 220, '24200'),
(755, 28, 157, '25'),
(756, 26, 248, '26400'),
(757, 19, 232, '26'),
(758, 26, 220, '24200'),
(759, 19, 22, '28'),
(760, 25, 45, '23100'),
(761, 21, 22, '30800'),
(762, 27, 220, '24200'),
(763, 29, 157, '25'),
(764, 23, 22, '1'),
(765, 27, 248, '26400'),
(766, 28, 220, '22'),
(767, 26, 45, '23100'),
(768, 24, 22, '1'),
(769, 21, 232, '28600'),
(770, 28, 248, '24'),
(771, 27, 45, '23100'),
(772, 29, 220, '22'),
(773, 25, 22, '30800'),
(774, 30, 220, '2420'),
(775, 30, 157, '2310'),
(776, 28, 45, '21'),
(777, 31, 220, '2.20'),
(778, 29, 248, '24'),
(779, 26, 22, '30800'),
(780, 29, 45, '21'),
(781, 23, 232, '1'),
(782, 27, 22, '30800'),
(783, 31, 157, '2.50'),
(784, 30, 45, '2310'),
(785, 28, 22, '28'),
(786, 31, 45, '2.10'),
(787, 29, 22, '28'),
(788, 30, 22, '3080'),
(789, 11, 158, '22'),
(790, 24, 232, '1'),
(791, 31, 22, '2.8'),
(792, 30, 248, '2640'),
(793, 17, 158, '22'),
(794, 11, 99, '25'),
(795, 31, 248, '2.40'),
(796, 25, 232, '28600'),
(797, 17, 99, '25'),
(798, 11, 221, '26'),
(799, 18, 158, '22'),
(800, 17, 221, '26'),
(801, 21, 248, '26400'),
(802, 18, 221, '26'),
(803, 18, 99, '25'),
(804, 19, 221, '26'),
(805, 19, 99, '25'),
(806, 26, 232, '28600'),
(807, 21, 221, '28600'),
(808, 19, 158, '22'),
(809, 23, 221, '1'),
(810, 25, 221, '28600'),
(811, 21, 99, '27500'),
(812, 26, 221, '28600'),
(813, 21, 158, '24200'),
(814, 27, 221, '28600'),
(815, 27, 232, '28600'),
(816, 28, 221, '26'),
(817, 29, 221, '26'),
(818, 23, 99, '1'),
(819, 30, 221, '2860'),
(820, 26, 29, '27500'),
(821, 23, 158, '1'),
(822, 31, 221, '2.60'),
(823, 24, 99, '0'),
(824, 11, 23, '29'),
(825, 28, 232, '26'),
(826, 27, 29, '25700'),
(827, 17, 23, '29'),
(828, 25, 99, '27500'),
(829, 12, 158, '1'),
(830, 18, 23, '29'),
(831, 25, 158, '24200'),
(832, 29, 232, '26'),
(833, 26, 99, '27500'),
(834, 26, 158, '24200'),
(835, 30, 232, '2860'),
(836, 27, 99, '27500'),
(837, 11, 222, '25'),
(838, 17, 222, '25'),
(839, 28, 99, '25'),
(840, 18, 222, '25'),
(841, 27, 158, '24200'),
(842, 28, 29, '25'),
(843, 11, 46, '25'),
(844, 19, 222, '25'),
(845, 29, 29, '25'),
(846, 31, 232, '2.60'),
(847, 29, 99, '25'),
(848, 21, 222, '27500'),
(849, 30, 29, '2750'),
(850, 17, 46, '25'),
(851, 23, 222, '1'),
(852, 28, 158, '22'),
(853, 25, 222, '27500'),
(854, 18, 46, '25'),
(855, 30, 99, '2750'),
(856, 31, 29, '2.50'),
(857, 26, 222, '27500'),
(858, 19, 46, '25'),
(859, 27, 222, '27500'),
(860, 28, 222, '25'),
(861, 11, 249, '26'),
(862, 31, 99, '2.50'),
(863, 21, 46, '27500'),
(864, 29, 222, '25'),
(865, 29, 158, '22'),
(866, 30, 222, '2750'),
(867, 23, 46, '1'),
(868, 17, 249, '26'),
(869, 31, 222, '2.50'),
(870, 24, 46, '1'),
(871, 30, 158, '2420'),
(872, 18, 249, '26'),
(873, 25, 46, '27500'),
(874, 11, 30, '27'),
(875, 26, 46, '27500'),
(876, 17, 30, '27'),
(877, 27, 46, '27500'),
(878, 18, 30, '27'),
(879, 19, 249, '26'),
(880, 31, 158, '2.20'),
(881, 28, 46, '25'),
(882, 19, 30, '27'),
(883, 21, 249, '28600'),
(884, 29, 46, '25'),
(885, 21, 30, '29700'),
(886, 23, 249, '1'),
(887, 11, 159, '25'),
(888, 23, 30, '1'),
(889, 25, 249, '28600'),
(890, 30, 46, '2750'),
(891, 19, 23, '29'),
(892, 17, 159, '25'),
(893, 21, 23, '31900'),
(894, 31, 46, '2.5'),
(895, 26, 249, '28600'),
(896, 24, 30, '1'),
(897, 23, 23, '1'),
(898, 25, 23, '31900'),
(899, 25, 30, '29700'),
(900, 18, 159, '25'),
(901, 27, 249, '28600'),
(902, 19, 159, '25'),
(903, 26, 23, '31900'),
(904, 27, 23, '31900'),
(905, 21, 159, '27500'),
(906, 26, 30, '29700'),
(907, 28, 23, '29'),
(908, 23, 159, '1'),
(909, 29, 23, '29'),
(910, 27, 30, '29700'),
(911, 30, 23, '3190'),
(912, 25, 159, '27500'),
(913, 28, 30, '27'),
(914, 26, 159, '27500'),
(915, 31, 23, '2.90'),
(916, 28, 249, '26'),
(917, 29, 30, '27'),
(918, 27, 159, '27500'),
(919, 28, 159, '25'),
(920, 30, 30, '2970'),
(921, 29, 249, '26'),
(922, 31, 30, '2.70'),
(923, 29, 159, '25'),
(924, 30, 159, '2750'),
(925, 11, 100, '22'),
(926, 11, 233, '25'),
(927, 30, 249, '2860'),
(928, 31, 159, '2.5'),
(929, 17, 100, '22'),
(930, 31, 249, '2.60'),
(931, 18, 100, '22'),
(932, 11, 160, '28'),
(933, 17, 233, '25'),
(934, 11, 35, '22'),
(935, 17, 35, '22'),
(937, 18, 35, '22'),
(938, 19, 35, '22'),
(939, 17, 160, '28'),
(940, 21, 35, '26400'),
(941, 18, 160, '28'),
(942, 19, 100, '22'),
(943, 18, 233, '25'),
(944, 23, 35, '1'),
(945, 19, 160, '28'),
(946, 24, 35, '16'),
(947, 21, 160, '30800'),
(948, 21, 100, '24200'),
(949, 25, 35, '110'),
(950, 23, 160, '1'),
(951, 26, 35, '132'),
(952, 23, 100, '1'),
(953, 27, 35, '88'),
(954, 11, 31, '21'),
(955, 19, 233, '25'),
(956, 28, 35, '22'),
(957, 24, 160, '1'),
(958, 29, 35, '22'),
(959, 24, 100, '1'),
(960, 25, 160, '30800'),
(961, 17, 31, '21'),
(962, 30, 35, '44'),
(963, 26, 160, '30800'),
(964, 31, 35, '2.20'),
(965, 18, 31, '21'),
(966, 11, 101, '26'),
(967, 27, 160, '30800'),
(968, 25, 100, '24200'),
(969, 28, 160, '28'),
(970, 19, 31, '21'),
(971, 29, 160, '28'),
(972, 17, 101, '26'),
(973, 21, 31, '24200'),
(974, 30, 160, '3080'),
(975, 31, 160, '2.8'),
(976, 23, 31, '1'),
(977, 24, 31, '1'),
(978, 26, 100, '24200'),
(979, 25, 31, '23100'),
(980, 26, 31, '23100'),
(981, 27, 100, '24200'),
(982, 11, 223, '23'),
(983, 27, 31, '23100'),
(984, 17, 223, '23'),
(985, 28, 100, '22'),
(986, 28, 31, '21'),
(988, 29, 31, '21'),
(989, 29, 100, '22'),
(990, 30, 31, '2310'),
(992, 30, 100, '2420'),
(993, 18, 101, '26'),
(994, 31, 31, '2.10'),
(995, 19, 101, '26'),
(996, 31, 100, '2.20'),
(997, 21, 101, '28600'),
(998, 23, 101, '1'),
(999, 24, 101, '1'),
(1000, 25, 101, '28600'),
(1001, 26, 101, '28600'),
(1002, 27, 101, '28600'),
(1003, 28, 101, '26'),
(1004, 29, 101, '26'),
(1005, 30, 101, '2860'),
(1006, 31, 101, '2.60'),
(1007, 11, 161, '21'),
(1008, 11, 105, '22'),
(1009, 17, 161, '21'),
(1010, 17, 105, '22'),
(1011, 11, 396, '27'),
(1012, 18, 161, '21'),
(1013, 11, 125, '21'),
(1014, 19, 161, '21'),
(1015, 17, 396, '27'),
(1016, 18, 105, '22'),
(1017, 17, 125, '21'),
(1018, 11, 201, '28'),
(1019, 21, 161, '23100'),
(1020, 19, 105, '22'),
(1021, 17, 201, '28'),
(1022, 18, 223, '23'),
(1023, 17, 63, '24'),
(1024, 21, 105, '24200'),
(1025, 23, 161, '1'),
(1026, 18, 125, '21'),
(1027, 18, 396, '27'),
(1028, 24, 161, '1'),
(1029, 19, 223, '23'),
(1030, 18, 63, '24'),
(1031, 23, 105, '1'),
(1032, 19, 396, '27'),
(1033, 25, 161, '23100'),
(1034, 19, 125, '21'),
(1035, 21, 223, '25300'),
(1036, 19, 63, '24'),
(1037, 24, 105, '1'),
(1038, 26, 161, '23100'),
(1039, 21, 396, '29700'),
(1040, 21, 63, '15000'),
(1041, 23, 223, '1'),
(1042, 27, 161, '23100'),
(1043, 23, 63, '1'),
(1044, 18, 201, '28'),
(1045, 23, 396, '1'),
(1046, 11, 179, '27'),
(1047, 25, 105, '24200'),
(1048, 19, 201, '28'),
(1049, 24, 396, '1'),
(1050, 17, 179, '27'),
(1051, 11, 250, '28'),
(1052, 24, 223, '1'),
(1053, 21, 201, '30800'),
(1054, 26, 105, '24200'),
(1055, 18, 179, '27'),
(1056, 25, 223, '25300'),
(1057, 25, 396, '29700'),
(1058, 26, 223, '25300'),
(1059, 27, 105, '24200'),
(1060, 27, 223, '25300'),
(1061, 23, 201, '1'),
(1062, 26, 396, '29700'),
(1063, 28, 105, '22'),
(1064, 28, 223, '23'),
(1065, 17, 250, '28'),
(1066, 29, 223, '23'),
(1067, 29, 105, '22'),
(1068, 27, 396, '29700'),
(1069, 30, 223, '2530'),
(1070, 31, 223, '2.30'),
(1071, 18, 250, '28'),
(1072, 19, 250, '28'),
(1073, 24, 201, '0'),
(1074, 30, 105, '2420'),
(1075, 19, 179, '27'),
(1076, 28, 396, '27'),
(1077, 21, 250, '30800'),
(1078, 23, 250, '1'),
(1079, 25, 201, '30800'),
(1080, 29, 396, '27'),
(1081, 31, 105, '2.2'),
(1082, 11, 397, '25'),
(1083, 21, 179, '29700'),
(1084, 26, 201, '30800'),
(1085, 30, 396, '2970'),
(1086, 21, 125, '23100'),
(1087, 11, 224, '26'),
(1088, 17, 397, '25'),
(1089, 28, 161, '21'),
(1090, 23, 179, '1'),
(1091, 17, 224, '26'),
(1092, 31, 396, '2.70'),
(1093, 24, 63, '0'),
(1094, 18, 224, '26'),
(1095, 11, 106, '22'),
(1096, 27, 201, '30800'),
(1097, 19, 224, '26'),
(1098, 23, 125, '1'),
(1099, 21, 224, '28600'),
(1100, 23, 224, '1'),
(1101, 25, 63, '15000'),
(1102, 28, 201, '28'),
(1103, 24, 224, '1'),
(1104, 29, 161, '21'),
(1105, 25, 250, '30800'),
(1106, 25, 224, '28600'),
(1107, 26, 224, '28600'),
(1108, 18, 397, '25'),
(1109, 27, 224, '28600'),
(1110, 11, 32, '22'),
(1111, 29, 201, '28'),
(1112, 17, 106, '22'),
(1113, 30, 161, '2310'),
(1114, 28, 224, '26'),
(1115, 26, 63, '15000'),
(1116, 25, 125, '23100'),
(1117, 29, 224, '26'),
(1118, 30, 224, '2860'),
(1119, 31, 224, '2.60'),
(1120, 31, 161, '2.1'),
(1121, 27, 63, '15000'),
(1122, 17, 32, '22'),
(1123, 11, 162, '26'),
(1124, 30, 201, '3080'),
(1125, 11, 191, '28'),
(1126, 17, 162, '26'),
(1127, 26, 250, '30800'),
(1128, 18, 106, '22'),
(1129, 18, 162, '26'),
(1130, 31, 201, '2.80'),
(1131, 27, 250, '30800'),
(1132, 28, 63, '24'),
(1133, 17, 191, '28'),
(1134, 28, 250, '28'),
(1135, 11, 225, '29'),
(1136, 29, 63, '24'),
(1137, 17, 225, '29'),
(1138, 18, 225, '29'),
(1139, 19, 106, '22'),
(1140, 19, 397, '25'),
(1141, 19, 225, '29'),
(1142, 21, 106, '24200'),
(1143, 23, 106, '1'),
(1144, 30, 63, '1500'),
(1145, 29, 250, '28'),
(1146, 21, 225, '31900'),
(1147, 24, 106, '0'),
(1148, 21, 233, '27500'),
(1149, 23, 225, '1'),
(1150, 24, 225, '1'),
(1151, 25, 106, '24200'),
(1152, 21, 397, '27500'),
(1153, 26, 106, '24200'),
(1154, 25, 225, '31900'),
(1155, 23, 397, '1'),
(1156, 27, 106, '24200'),
(1157, 26, 225, '31900'),
(1158, 24, 397, '1'),
(1159, 27, 225, '31900'),
(1160, 28, 106, '22'),
(1161, 28, 225, '29'),
(1162, 29, 106, '22'),
(1163, 29, 225, '29'),
(1164, 30, 225, '3190'),
(1165, 24, 179, '0'),
(1166, 31, 63, '2.4'),
(1167, 31, 106, '2.2'),
(1168, 31, 225, '2.90'),
(1169, 26, 125, '23100'),
(1170, 25, 397, '27500'),
(1171, 11, 107, '28'),
(1172, 26, 397, '27500'),
(1173, 17, 107, '28'),
(1174, 30, 250, '3080'),
(1175, 27, 125, '23100'),
(1176, 27, 397, '27500'),
(1177, 28, 397, '25'),
(1178, 29, 397, '25'),
(1179, 31, 250, '2.80'),
(1180, 19, 162, '26'),
(1181, 23, 233, '1'),
(1182, 18, 107, '28'),
(1183, 18, 32, '22'),
(1184, 24, 233, '0'),
(1185, 18, 191, '28'),
(1186, 21, 162, '28600'),
(1187, 25, 233, '27500'),
(1188, 19, 107, '28'),
(1189, 26, 233, '27500'),
(1190, 23, 162, '1'),
(1191, 21, 107, '30800'),
(1192, 27, 233, '27500'),
(1193, 28, 233, '25'),
(1194, 25, 162, '28600'),
(1195, 29, 233, '25'),
(1196, 26, 162, '28600'),
(1197, 30, 233, '2750'),
(1198, 31, 233, '2.50'),
(1199, 27, 162, '28600'),
(1200, 23, 107, '1'),
(1201, 24, 107, '0'),
(1202, 25, 179, '29700'),
(1203, 28, 162, '26'),
(1204, 25, 107, '30800'),
(1205, 26, 107, '30800'),
(1206, 19, 191, '28'),
(1207, 30, 397, '2750'),
(1208, 11, 234, '27'),
(1209, 17, 234, '27'),
(1210, 29, 162, '26'),
(1211, 30, 162, '2860'),
(1212, 18, 234, '27'),
(1213, 19, 234, '27'),
(1214, 31, 162, '2.6'),
(1215, 21, 234, '29700'),
(1216, 11, 163, '27'),
(1217, 23, 234, '1'),
(1218, 24, 234, '1'),
(1219, 17, 163, '27'),
(1220, 25, 234, '29700'),
(1221, 18, 163, '27'),
(1222, 26, 234, '29700'),
(1223, 27, 234, '29700'),
(1224, 27, 107, '30800'),
(1225, 19, 163, '27'),
(1226, 28, 107, '28'),
(1227, 28, 234, '27'),
(1228, 21, 163, '29700'),
(1229, 29, 107, '28'),
(1230, 30, 107, '3080'),
(1231, 29, 234, '27'),
(1232, 31, 107, '2.8'),
(1233, 21, 191, '30800'),
(1234, 30, 234, '2970'),
(1235, 11, 108, '28'),
(1236, 17, 108, '28'),
(1237, 31, 397, '2.50'),
(1238, 18, 108, '28'),
(1239, 31, 234, '2.70'),
(1240, 11, 398, '27'),
(1241, 19, 108, '28'),
(1242, 23, 163, '1'),
(1243, 21, 108, '30800'),
(1244, 25, 163, '29700'),
(1245, 23, 108, '1'),
(1246, 26, 163, '29700'),
(1247, 27, 163, '29700'),
(1248, 28, 163, '27'),
(1249, 29, 163, '27'),
(1250, 23, 191, '1'),
(1251, 30, 163, '2970'),
(1252, 31, 163, '2.7'),
(1253, 11, 164, '26'),
(1254, 17, 164, '26'),
(1255, 24, 108, '1'),
(1256, 11, 202, '29'),
(1257, 25, 108, '30800'),
(1258, 18, 164, '26'),
(1259, 26, 108, '30800'),
(1260, 19, 164, '26'),
(1261, 21, 164, '28600'),
(1262, 27, 108, '30800'),
(1263, 23, 164, '1'),
(1264, 24, 164, '1'),
(1265, 17, 398, '27'),
(1266, 28, 108, '28'),
(1267, 11, 235, '26'),
(1268, 25, 164, '28600'),
(1269, 29, 108, '28'),
(1270, 26, 164, '28600'),
(1271, 17, 235, '26'),
(1272, 27, 164, '28600'),
(1273, 18, 235, '26'),
(1274, 28, 164, '26'),
(1275, 19, 235, '26'),
(1276, 29, 164, '26'),
(1277, 17, 202, '29'),
(1278, 21, 235, '28600'),
(1279, 26, 179, '29700'),
(1280, 18, 398, '27'),
(1281, 23, 235, '1'),
(1282, 11, 64, '28'),
(1283, 19, 398, '27'),
(1284, 24, 235, '1'),
(1285, 25, 235, '28600'),
(1286, 30, 164, '2860'),
(1287, 26, 235, '28600'),
(1288, 31, 164, '2.6'),
(1289, 27, 235, '28600'),
(1290, 28, 235, '26'),
(1291, 30, 108, '3080'),
(1292, 31, 108, '2.8'),
(1293, 29, 235, '26'),
(1295, 21, 398, '29700'),
(1296, 30, 235, '2860'),
(1297, 23, 398, '1'),
(1298, 31, 235, '2.60'),
(1299, 26, 398, '29700'),
(1300, 27, 398, '29700'),
(1301, 28, 398, '27'),
(1302, 29, 398, '27'),
(1303, 18, 64, '28'),
(1304, 31, 398, '2.70'),
(1305, 11, 399, '24'),
(1306, 17, 399, '24'),
(1307, 18, 399, '24'),
(1308, 19, 399, '24'),
(1309, 18, 202, '29'),
(1310, 21, 399, '26400'),
(1311, 23, 399, '1'),
(1312, 24, 399, '1'),
(1313, 25, 399, '26400'),
(1314, 26, 399, '26400'),
(1315, 27, 399, '26400'),
(1316, 28, 399, '24'),
(1317, 29, 399, '24'),
(1318, 30, 399, '2640'),
(1319, 31, 399, '2.40'),
(1320, 11, 149, '29'),
(1321, 11, 400, '24'),
(1322, 19, 202, '29'),
(1323, 17, 400, '24'),
(1324, 18, 400, '24'),
(1325, 21, 202, '31900'),
(1326, 19, 400, '24'),
(1327, 21, 400, '26400'),
(1328, 23, 202, '1'),
(1329, 23, 400, '1'),
(1330, 24, 400, '1'),
(1331, 17, 149, '29'),
(1332, 25, 400, '26400'),
(1333, 24, 202, '1'),
(1334, 26, 400, '26400'),
(1335, 18, 149, '29'),
(1337, 25, 202, '31900'),
(1338, 26, 202, '31900'),
(1339, 19, 149, '29'),
(1340, 27, 202, '31900'),
(1341, 21, 149, '31900'),
(1342, 27, 400, '26400'),
(1343, 28, 202, '29'),
(1344, 28, 400, '24'),
(1345, 23, 149, '1'),
(1346, 29, 202, '29'),
(1348, 30, 202, '3190'),
(1349, 29, 400, '24'),
(1350, 31, 202, '2.90'),
(1351, 30, 400, '2640'),
(1352, 31, 400, '2.40'),
(1353, 25, 149, '31900'),
(1354, 26, 149, '31900'),
(1355, 11, 236, '23'),
(1356, 11, 401, '23'),
(1357, 27, 149, '31900'),
(1358, 17, 236, '23'),
(1359, 17, 401, '23'),
(1360, 11, 203, '29'),
(1361, 18, 401, '23'),
(1362, 18, 236, '23'),
(1363, 28, 149, '29'),
(1364, 19, 236, '23'),
(1365, 17, 203, '29'),
(1366, 21, 236, '25300'),
(1367, 18, 203, '29'),
(1368, 19, 203, '29'),
(1369, 29, 149, '29'),
(1370, 23, 236, '1'),
(1371, 24, 236, '0'),
(1372, 21, 203, '31900'),
(1373, 25, 236, '25300'),
(1374, 30, 149, '3190'),
(1375, 23, 203, '1'),
(1376, 26, 236, '25300'),
(1377, 27, 236, '25300'),
(1378, 24, 203, '0'),
(1379, 28, 236, '23'),
(1380, 31, 149, '2.9'),
(1381, 11, 251, '26'),
(1382, 29, 236, '23'),
(1383, 25, 203, '31900'),
(1384, 30, 236, '2530'),
(1385, 17, 251, '26'),
(1386, 19, 401, '23'),
(1387, 31, 236, '2.30'),
(1388, 26, 203, '31900'),
(1389, 18, 251, '26'),
(1390, 21, 401, '25300'),
(1391, 27, 203, '31900'),
(1392, 19, 251, '26'),
(1393, 24, 401, '0'),
(1394, 28, 203, '29'),
(1395, 21, 251, '28600'),
(1396, 29, 203, '29'),
(1397, 23, 251, '1'),
(1398, 30, 203, '3190'),
(1399, 25, 401, '25300'),
(1400, 31, 203, '2.90'),
(1401, 24, 251, '1'),
(1402, 26, 401, '25300'),
(1403, 27, 401, '25300'),
(1404, 25, 251, '28600'),
(1405, 28, 401, '23'),
(1406, 26, 251, '28600'),
(1407, 29, 401, '23'),
(1408, 27, 251, '28600'),
(1409, 30, 401, '2530'),
(1410, 31, 401, '2.30'),
(1411, 28, 251, '26'),
(1412, 29, 251, '26'),
(1413, 30, 251, '2640'),
(1414, 31, 251, '2.60'),
(1415, 19, 32, '22'),
(1416, 21, 32, '24200'),
(1417, 23, 32, '1'),
(1418, 24, 32, '0'),
(1419, 25, 398, '29700'),
(1420, 25, 32, '24200'),
(1421, 26, 32, '24200'),
(1422, 27, 32, '24200'),
(1423, 28, 32, '22'),
(1424, 30, 398, '2970'),
(1425, 29, 32, '22'),
(1426, 30, 32, '2420'),
(1427, 31, 32, '2.20'),
(1428, 11, 252, '27'),
(1429, 11, 33, '28'),
(1430, 17, 33, '28'),
(1431, 18, 33, '28'),
(1432, 17, 252, '27'),
(1433, 19, 33, '28'),
(1434, 21, 33, '30800'),
(1435, 18, 252, '27'),
(1436, 23, 33, '1'),
(1437, 24, 33, '1'),
(1438, 11, 386, '25'),
(1439, 25, 33, '30800'),
(1440, 19, 252, '27'),
(1441, 26, 33, '30800'),
(1442, 17, 386, '25'),
(1443, 27, 33, '30800'),
(1444, 21, 252, '29700'),
(1445, 28, 33, '28'),
(1446, 18, 386, '25'),
(1447, 29, 33, '28'),
(1448, 23, 252, '1'),
(1449, 30, 33, '3080'),
(1450, 31, 33, '2.80'),
(1451, 24, 252, '1'),
(1452, 25, 252, '29700'),
(1453, 19, 386, '25'),
(1454, 11, 204, '29'),
(1455, 21, 386, '27500'),
(1456, 26, 252, '29700'),
(1457, 11, 150, '28'),
(1458, 23, 386, '1'),
(1459, 27, 252, '29700'),
(1461, 24, 386, '0'),
(1462, 17, 204, '29'),
(1464, 28, 252, '27'),
(1465, 25, 386, '27500'),
(1467, 26, 386, '27500'),
(1468, 29, 252, '27'),
(1469, 27, 386, '27500'),
(1470, 30, 252, '2970'),
(1471, 18, 204, '29'),
(1472, 28, 386, '25'),
(1473, 31, 252, '2.70'),
(1474, 17, 150, '28'),
(1475, 29, 386, '25'),
(1476, 30, 386, '2750'),
(1477, 31, 386, '2.50'),
(1478, 19, 204, '29'),
(1479, 18, 150, '28'),
(1480, 21, 204, '31900'),
(1481, 11, 34, '28'),
(1482, 17, 34, '28'),
(1483, 23, 204, '1'),
(1484, 18, 34, '28'),
(1485, 19, 34, '28'),
(1486, 24, 204, '1'),
(1487, 21, 34, '30800'),
(1488, 23, 34, '1'),
(1489, 25, 204, '31900'),
(1490, 24, 34, '0'),
(1491, 26, 204, '31900'),
(1492, 25, 34, '30800'),
(1493, 27, 204, '31900'),
(1494, 26, 34, '30800'),
(1495, 28, 204, '29'),
(1496, 27, 34, '30800'),
(1497, 28, 34, '28'),
(1498, 29, 204, '29'),
(1499, 29, 34, '28'),
(1500, 30, 34, '3080'),
(1501, 30, 204, '3190'),
(1502, 31, 34, '2.80'),
(1503, 11, 253, '23'),
(1504, 17, 253, '23'),
(1505, 11, 387, '24'),
(1506, 18, 253, '23'),
(1507, 17, 387, '24'),
(1508, 31, 204, '2.90'),
(1509, 18, 387, '24'),
(1510, 19, 253, '23'),
(1511, 19, 387, '24'),
(1512, 21, 253, '25300'),
(1513, 21, 387, '26400'),
(1514, 23, 253, '1'),
(1515, 23, 387, '1'),
(1516, 19, 150, '28'),
(1517, 24, 253, '1'),
(1518, 24, 387, '1'),
(1519, 25, 387, '26400'),
(1520, 25, 253, '25300'),
(1521, 21, 150, '30800'),
(1522, 26, 387, '26400'),
(1523, 26, 253, '25300'),
(1524, 27, 387, '26400'),
(1525, 27, 253, '25300'),
(1526, 23, 150, '1'),
(1527, 28, 387, '24'),
(1528, 28, 253, '23'),
(1529, 29, 387, '24'),
(1530, 24, 150, '0'),
(1531, 29, 253, '23'),
(1532, 30, 387, '2640'),
(1533, 30, 253, '2530'),
(1534, 31, 253, '2.30'),
(1535, 25, 150, '30800'),
(1536, 31, 387, '2.40'),
(1537, 26, 150, '30800'),
(1538, 27, 150, '30800'),
(1539, 28, 150, '28'),
(1540, 29, 150, '28'),
(1541, 24, 191, '0'),
(1542, 11, 388, '24'),
(1543, 17, 388, '24'),
(1544, 25, 191, '30800'),
(1545, 30, 150, '3080'),
(1546, 18, 388, '24'),
(1547, 26, 191, '30800'),
(1548, 27, 191, '30800'),
(1549, 19, 388, '24'),
(1550, 28, 191, '28'),
(1551, 21, 388, '26400'),
(1552, 29, 191, '28'),
(1553, 23, 388, '1'),
(1554, 30, 191, '3080'),
(1555, 24, 388, '0'),
(1556, 31, 191, '2.80'),
(1557, 25, 388, '26400'),
(1558, 31, 150, '2.8'),
(1559, 26, 388, '26400'),
(1560, 27, 388, '96'),
(1561, 11, 205, '30'),
(1562, 28, 388, '24'),
(1563, 17, 205, '30'),
(1564, 11, 109, '24'),
(1565, 29, 388, '24'),
(1566, 18, 205, '30'),
(1567, 30, 388, '2640'),
(1568, 17, 109, '24'),
(1569, 31, 388, '2.40'),
(1570, 19, 205, '30'),
(1571, 21, 205, '33000'),
(1572, 23, 205, '1'),
(1573, 18, 109, '24'),
(1574, 24, 205, '0'),
(1575, 19, 109, '24'),
(1576, 25, 205, '33000'),
(1577, 21, 109, '26400'),
(1578, 23, 109, '1'),
(1579, 26, 109, '26400'),
(1580, 26, 205, '33000'),
(1581, 27, 109, '26400'),
(1582, 28, 109, '24'),
(1583, 27, 205, '33000'),
(1584, 11, 192, '25'),
(1585, 28, 205, '30'),
(1586, 29, 109, '24'),
(1587, 17, 192, '25'),
(1588, 30, 109, '2640'),
(1589, 29, 205, '30'),
(1590, 18, 192, '25'),
(1591, 31, 109, '2.40'),
(1592, 19, 192, '25'),
(1593, 30, 205, '3300'),
(1594, 11, 389, '26'),
(1595, 21, 192, '27500'),
(1596, 17, 389, '26'),
(1597, 23, 192, '1'),
(1598, 18, 389, '26'),
(1599, 31, 205, '3'),
(1600, 24, 192, '1'),
(1601, 19, 389, '26'),
(1602, 25, 192, '27500'),
(1603, 26, 192, '27500'),
(1604, 27, 192, '100'),
(1605, 28, 192, '25'),
(1606, 29, 192, '25'),
(1607, 30, 192, '2750'),
(1608, 31, 192, '2.50'),
(1609, 11, 193, '22'),
(1610, 17, 193, '22'),
(1611, 18, 193, '22'),
(1612, 19, 193, '22'),
(1613, 11, 110, '26'),
(1614, 21, 193, '24200'),
(1615, 17, 110, '26'),
(1616, 23, 193, '1'),
(1617, 24, 193, '1'),
(1618, 18, 110, '26'),
(1619, 25, 193, '24200'),
(1620, 19, 110, '26'),
(1621, 26, 193, '24200'),
(1622, 27, 193, '24200'),
(1623, 21, 110, '28600'),
(1624, 28, 193, '22'),
(1625, 23, 110, '1'),
(1626, 29, 193, '22'),
(1627, 30, 193, '2420'),
(1628, 24, 110, '1'),
(1629, 31, 193, '2.20'),
(1630, 26, 110, '28600'),
(1631, 29, 110, '26'),
(1632, 30, 110, '2860'),
(1633, 31, 110, '2.60'),
(1634, 11, 206, '28'),
(1635, 17, 206, '28'),
(1636, 18, 206, '28'),
(1637, 11, 194, '24'),
(1638, 17, 194, '24'),
(1639, 18, 194, '24'),
(1640, 19, 206, '28'),
(1641, 19, 194, '24'),
(1642, 21, 194, '26400'),
(1643, 21, 206, '30800'),
(1644, 23, 194, '1'),
(1645, 24, 194, '0'),
(1646, 25, 194, '26400'),
(1647, 26, 194, '26400'),
(1648, 23, 206, '1'),
(1649, 27, 194, '26400'),
(1650, 28, 194, '24'),
(1651, 29, 194, '24'),
(1652, 24, 206, '1'),
(1653, 30, 194, '2640'),
(1654, 31, 194, '2.40'),
(1655, 11, 111, '27'),
(1656, 17, 111, '27'),
(1657, 21, 389, '28600'),
(1658, 23, 389, '1'),
(1659, 24, 389, '1'),
(1660, 25, 389, '28600'),
(1661, 15, 389, '28600'),
(1662, 27, 389, '28600'),
(1663, 28, 389, '26'),
(1664, 25, 206, '30800'),
(1665, 29, 389, '26'),
(1666, 18, 111, '27'),
(1667, 30, 389, '2860'),
(1668, 19, 111, '27'),
(1669, 31, 389, '2.60'),
(1670, 21, 111, '29700'),
(1671, 23, 111, '1'),
(1672, 25, 111, '29700'),
(1673, 26, 111, '29700'),
(1674, 27, 111, '29700'),
(1675, 26, 206, '30800'),
(1676, 28, 111, '27'),
(1677, 29, 111, '27'),
(1678, 27, 206, '30800'),
(1679, 30, 111, '2970'),
(1680, 31, 111, '2.70'),
(1681, 28, 206, '28'),
(1682, 11, 195, '21'),
(1683, 29, 206, '28'),
(1684, 17, 195, '21'),
(1685, 18, 195, '21'),
(1686, 19, 195, '21'),
(1687, 11, 390, '26'),
(1688, 21, 195, '23100'),
(1689, 17, 390, '26'),
(1690, 23, 195, '1'),
(1691, 24, 195, '0'),
(1692, 18, 390, '26'),
(1693, 25, 195, '23100'),
(1694, 19, 390, '26'),
(1695, 30, 206, '3080'),
(1696, 26, 195, '23100'),
(1697, 31, 206, '2.80'),
(1698, 21, 390, '28600'),
(1699, 27, 195, '23100'),
(1700, 23, 390, '1'),
(1701, 28, 195, '21'),
(1702, 29, 195, '21'),
(1703, 24, 390, '1'),
(1704, 30, 195, '2310'),
(1705, 31, 195, '2.10'),
(1706, 25, 390, '28600'),
(1707, 26, 390, '28600'),
(1708, 11, 112, '27'),
(1709, 27, 390, '28600'),
(1710, 17, 112, '27'),
(1711, 28, 390, '26'),
(1712, 18, 112, '27'),
(1713, 29, 390, '26'),
(1714, 19, 112, '27'),
(1715, 30, 390, '2860'),
(1716, 21, 112, '29700'),
(1717, 31, 390, '2.60'),
(1718, 23, 112, '1'),
(1719, 24, 112, '1'),
(1720, 25, 112, '29700'),
(1721, 26, 112, '29700'),
(1722, 27, 112, '29700'),
(1723, 28, 112, '27'),
(1724, 29, 112, '27'),
(1725, 30, 112, '2970'),
(1726, 31, 112, '2.70'),
(1727, 11, 196, '28'),
(1728, 17, 196, '28'),
(1729, 18, 196, '28'),
(1730, 19, 196, '28'),
(1731, 21, 196, '30800'),
(1732, 23, 196, '1'),
(1733, 24, 196, '0'),
(1734, 25, 196, '30800'),
(1735, 26, 196, '30800'),
(1736, 27, 196, '30800'),
(1737, 28, 196, '28'),
(1738, 29, 196, '28'),
(1739, 30, 196, '3080'),
(1740, 31, 196, '2.80'),
(1741, 11, 391, '29'),
(1742, 17, 391, '29'),
(1743, 18, 391, '29'),
(1744, 11, 207, '28'),
(1745, 19, 391, '29'),
(1746, 17, 207, '28'),
(1747, 21, 391, '31900'),
(1748, 18, 207, '28'),
(1749, 23, 391, '1'),
(1750, 24, 391, '0'),
(1751, 25, 391, '31900'),
(1752, 11, 113, '21'),
(1753, 26, 391, '31900'),
(1754, 17, 113, '21'),
(1755, 27, 391, '31900'),
(1756, 28, 391, '29'),
(1757, 18, 113, '21'),
(1758, 29, 391, '29'),
(1759, 30, 391, '3190'),
(1760, 21, 113, '23100'),
(1761, 19, 207, '28'),
(1762, 11, 197, '26'),
(1763, 31, 391, '2.90'),
(1764, 17, 197, '26'),
(1765, 21, 207, '30800'),
(1766, 25, 113, '23100'),
(1767, 18, 197, '26'),
(1768, 19, 197, '26'),
(1769, 26, 113, '23100'),
(1770, 23, 207, '1'),
(1771, 21, 197, '28600'),
(1772, 27, 113, '23100'),
(1773, 24, 207, '1'),
(1774, 23, 197, '1'),
(1775, 24, 197, '1'),
(1776, 25, 207, '30800'),
(1777, 28, 113, '21'),
(1778, 25, 197, '28600'),
(1779, 26, 197, '28600'),
(1780, 26, 207, '30800'),
(1781, 27, 197, '28600'),
(1782, 28, 197, '26'),
(1783, 30, 113, '2310'),
(1784, 27, 207, '30800'),
(1785, 29, 197, '26'),
(1786, 31, 113, '2.10'),
(1787, 28, 207, '28'),
(1788, 30, 197, '2860'),
(1789, 31, 197, '2.60'),
(1790, 29, 207, '28'),
(1791, 30, 207, '3080'),
(1792, 31, 207, '2.80'),
(1793, 11, 392, '24'),
(1794, 17, 392, '24'),
(1795, 18, 392, '24'),
(1796, 19, 392, '24'),
(1797, 21, 392, '26400'),
(1798, 23, 392, '1'),
(1799, 24, 392, '1'),
(1800, 25, 392, '26400'),
(1801, 26, 392, '26400'),
(1802, 27, 392, '26400'),
(1803, 11, 198, '27'),
(1804, 17, 198, '27'),
(1805, 28, 392, '24'),
(1806, 18, 198, '27'),
(1807, 29, 392, '24'),
(1808, 19, 198, '27'),
(1809, 21, 198, '29700'),
(1810, 30, 392, '2640'),
(1811, 23, 198, '1'),
(1812, 31, 392, '2.40'),
(1813, 24, 198, '0'),
(1814, 25, 198, '29700'),
(1815, 26, 198, '29700'),
(1816, 27, 198, '29700'),
(1817, 28, 198, '27'),
(1818, 29, 198, '27'),
(1819, 30, 198, '2970'),
(1820, 31, 198, '2.70'),
(1821, 11, 139, '29'),
(1822, 15, 139, '116'),
(1823, 19, 139, '29'),
(1824, 23, 139, '2'),
(1825, 25, 139, '31900'),
(1826, 26, 139, '31900'),
(1827, 27, 139, '31900'),
(1828, 11, 151, '23'),
(1829, 28, 139, '29'),
(1830, 11, 208, '28'),
(1831, 29, 139, '29'),
(1832, 30, 139, '3190'),
(1833, 17, 208, '28'),
(1834, 31, 139, '2.90'),
(1835, 17, 151, '23'),
(1836, 18, 208, '28'),
(1837, 11, 199, '26'),
(1838, 17, 199, '26'),
(1839, 19, 208, '28'),
(1840, 18, 199, '26'),
(1841, 19, 199, '26'),
(1842, 18, 151, '23'),
(1843, 21, 199, '28600'),
(1844, 21, 208, '30800'),
(1845, 23, 199, '1'),
(1846, 19, 151, '23'),
(1847, 24, 199, '1'),
(1848, 23, 208, '1'),
(1849, 21, 151, '25300'),
(1850, 25, 199, '28600'),
(1851, 26, 199, '28600'),
(1852, 24, 208, '0'),
(1853, 27, 199, '28600'),
(1854, 23, 151, '1'),
(1855, 25, 208, '30800'),
(1856, 28, 199, '26'),
(1857, 24, 151, '1'),
(1858, 29, 199, '26'),
(1859, 30, 199, '2860'),
(1860, 26, 208, '30800'),
(1861, 31, 199, '2.60'),
(1862, 27, 208, '30800'),
(1863, 25, 151, '25300'),
(1864, 26, 151, '25300'),
(1865, 27, 151, '25300'),
(1866, 28, 208, '28'),
(1867, 28, 151, '23'),
(1868, 29, 208, '28'),
(1869, 29, 151, '23'),
(1870, 30, 208, '3080'),
(1871, 30, 151, '2530'),
(1872, 11, 200, '23'),
(1873, 31, 208, '2.80'),
(1874, 31, 151, '2.3'),
(1875, 17, 200, '23'),
(1876, 11, 140, '29'),
(1877, 18, 200, '23'),
(1878, 17, 140, '29'),
(1879, 19, 200, '23'),
(1880, 21, 200, '25300'),
(1881, 18, 140, '29'),
(1882, 23, 200, '1'),
(1883, 19, 140, '29'),
(1884, 24, 200, '1'),
(1885, 21, 140, '31900'),
(1886, 25, 200, '25300'),
(1887, 26, 200, '25300'),
(1888, 23, 140, '1'),
(1889, 27, 200, '25300'),
(1890, 24, 140, '1'),
(1891, 28, 200, '23'),
(1892, 29, 200, '23'),
(1893, 25, 140, '31900'),
(1894, 30, 200, '2530'),
(1895, 26, 140, '31900'),
(1896, 31, 200, '2.30'),
(1897, 27, 140, '31900'),
(1898, 28, 140, '29'),
(1899, 29, 140, '29'),
(1900, 27, 179, '29700'),
(1901, 28, 179, '27'),
(1902, 29, 179, '27'),
(1903, 30, 179, '2970'),
(1904, 31, 179, '2.70'),
(1905, 11, 209, '29'),
(1906, 17, 209, '29'),
(1907, 18, 209, '29'),
(1908, 19, 209, '29'),
(1909, 11, 180, '27'),
(1910, 17, 180, '27'),
(1911, 21, 209, '31900'),
(1912, 11, 141, '23'),
(1913, 18, 180, '27'),
(1914, 23, 209, '1'),
(1915, 19, 180, '27'),
(1916, 17, 141, '23'),
(1917, 21, 180, '29700'),
(1918, 24, 209, '1'),
(1919, 23, 180, '1'),
(1920, 11, 393, '23'),
(1921, 25, 209, '31900'),
(1922, 18, 141, '23'),
(1923, 24, 180, '0'),
(1924, 25, 180, '29700'),
(1925, 17, 393, '23'),
(1926, 26, 209, '31900'),
(1927, 19, 141, '23'),
(1928, 26, 180, '29700'),
(1929, 21, 141, '25300'),
(1930, 27, 209, '31900'),
(1931, 27, 180, '29700'),
(1932, 23, 141, '1'),
(1933, 18, 393, '23'),
(1934, 28, 125, '21'),
(1935, 28, 180, '27'),
(1936, 28, 209, '29'),
(1937, 25, 141, '25300'),
(1938, 19, 393, '23'),
(1939, 29, 180, '27'),
(1940, 26, 141, '25300'),
(1941, 21, 393, '25300'),
(1942, 30, 180, '2790'),
(1943, 27, 141, '25300'),
(1944, 31, 180, '2.70'),
(1945, 23, 393, '1'),
(1946, 29, 125, '21'),
(1947, 28, 141, '23'),
(1948, 24, 393, '0'),
(1949, 29, 141, '23'),
(1950, 30, 141, '2530'),
(1951, 25, 393, '25300'),
(1952, 31, 141, '2.30'),
(1953, 26, 393, '25300'),
(1954, 30, 125, '2310'),
(1955, 27, 393, '25300'),
(1956, 29, 209, '29'),
(1957, 28, 393, '23'),
(1958, 30, 209, '3190'),
(1959, 29, 393, '23'),
(1960, 30, 393, '2530'),
(1961, 31, 393, '2.30'),
(1962, 31, 125, '2.10'),
(1963, 31, 209, '2.90'),
(1964, 11, 181, '28'),
(1965, 17, 181, '28'),
(1966, 18, 181, '28'),
(1967, 11, 394, '23'),
(1968, 19, 181, '28'),
(1969, 17, 394, '23'),
(1970, 21, 181, '30800'),
(1971, 18, 394, '23'),
(1972, 23, 181, '1'),
(1973, 19, 394, '23'),
(1974, 24, 181, '1'),
(1975, 21, 394, '25300'),
(1976, 11, 142, '26'),
(1977, 25, 181, '30800'),
(1978, 23, 394, '1'),
(1979, 26, 181, '30800'),
(1980, 24, 394, '1'),
(1981, 27, 181, '30800'),
(1982, 17, 142, '26'),
(1983, 28, 181, '28'),
(1984, 25, 394, '25300'),
(1985, 18, 142, '26'),
(1986, 29, 181, '28'),
(1987, 26, 394, '25300'),
(1988, 30, 181, '3080'),
(1989, 19, 142, '26'),
(1990, 27, 394, '25300'),
(1991, 11, 126, '27'),
(1992, 31, 181, '2.80'),
(1993, 21, 142, '28600'),
(1994, 28, 394, '23'),
(1995, 23, 142, '1'),
(1996, 29, 394, '23'),
(1997, 24, 142, '1'),
(1998, 30, 394, '2530'),
(1999, 17, 126, '27'),
(2000, 31, 394, '2.30'),
(2001, 18, 126, '27'),
(2002, 26, 142, '28600'),
(2003, 19, 126, '27'),
(2004, 27, 142, '28600'),
(2005, 28, 142, '26'),
(2006, 29, 142, '26'),
(2007, 30, 142, '2860'),
(2008, 21, 126, '29700'),
(2009, 31, 142, '2.60'),
(2011, 23, 126, '1'),
(2014, 24, 126, '1'),
(2017, 11, 210, '29'),
(2019, 25, 126, '29700'),
(2021, 11, 395, '25'),
(2022, 11, 182, '25'),
(2023, 17, 210, '29'),
(2024, 17, 182, '25'),
(2025, 17, 395, '25'),
(2026, 18, 182, '25'),
(2027, 18, 395, '25'),
(2028, 19, 182, '25'),
(2029, 26, 126, '29700'),
(2030, 19, 395, '25'),
(2031, 21, 182, '27500'),
(2032, 21, 395, '27500'),
(2033, 23, 395, '1'),
(2034, 23, 182, '1'),
(2035, 27, 126, '29700'),
(2036, 24, 182, '1'),
(2037, 24, 395, '0'),
(2038, 18, 210, '29'),
(2039, 25, 395, '27500'),
(2040, 25, 182, '27500'),
(2041, 26, 395, '27500'),
(2042, 26, 182, '27500'),
(2043, 28, 126, '27'),
(2044, 27, 182, '27500'),
(2045, 27, 395, '27500'),
(2046, 28, 182, '25'),
(2047, 28, 395, '25'),
(2048, 29, 182, '25'),
(2049, 19, 210, '29'),
(2050, 29, 395, '25'),
(2051, 29, 126, '27'),
(2052, 30, 182, '2750'),
(2053, 30, 395, '2750'),
(2054, 31, 182, '2.50'),
(2055, 31, 395, '2.50'),
(2056, 21, 210, '31900'),
(2057, 23, 210, '1'),
(2058, 30, 126, '2970'),
(2059, 24, 210, '0'),
(2060, 31, 126, '2.70'),
(2061, 25, 210, '31900'),
(2062, 26, 210, '31900'),
(2063, 27, 210, '31900'),
(2064, 11, 127, '24'),
(2065, 17, 127, '24'),
(2066, 18, 127, '24'),
(2067, 19, 127, '24'),
(2068, 21, 127, '26400'),
(2069, 28, 210, '29'),
(2070, 23, 127, '1'),
(2071, 25, 127, '26400'),
(2072, 29, 210, '29'),
(2073, 26, 127, '26400'),
(2074, 27, 127, '26400'),
(2075, 11, 378, '23'),
(2076, 11, 183, '28'),
(2077, 30, 210, '3190'),
(2078, 28, 127, '24'),
(2079, 17, 183, '28'),
(2080, 17, 378, '23'),
(2081, 29, 127, '24'),
(2082, 31, 210, '2.90'),
(2083, 18, 183, '28'),
(2084, 18, 378, '23'),
(2085, 30, 127, '2640'),
(2086, 19, 378, '23'),
(2087, 19, 183, '28'),
(2088, 31, 127, '2.40'),
(2089, 21, 378, '25300'),
(2090, 23, 378, '1'),
(2091, 24, 378, '1'),
(2092, 25, 378, '25300'),
(2093, 11, 211, '28'),
(2094, 26, 378, '25300'),
(2095, 27, 378, '25300'),
(2096, 28, 378, '23'),
(2097, 21, 183, '30800'),
(2098, 29, 378, '23'),
(2099, 30, 378, '2530'),
(2100, 17, 211, '28'),
(2101, 31, 378, '2.30'),
(2102, 23, 183, '1'),
(2103, 24, 183, '1'),
(2104, 25, 183, '30800'),
(2105, 26, 183, '30800'),
(2106, 27, 183, '30800'),
(2107, 28, 183, '28'),
(2108, 11, 128, '28'),
(2110, 29, 183, '28'),
(2111, 18, 128, '28'),
(2112, 30, 183, '3080'),
(2113, 19, 128, '28'),
(2114, 31, 183, '2.80'),
(2115, 21, 128, '30800'),
(2116, 18, 211, '28'),
(2117, 24, 128, '1'),
(2118, 25, 128, '30800'),
(2119, 26, 128, '30800'),
(2120, 27, 128, '30800'),
(2121, 28, 128, '28'),
(2122, 19, 211, '28'),
(2123, 11, 379, '26'),
(2124, 30, 128, '3080'),
(2125, 17, 379, '26'),
(2126, 21, 211, '30800'),
(2127, 31, 128, '2.80'),
(2128, 18, 379, '26'),
(2129, 23, 211, '1'),
(2130, 19, 379, '26'),
(2131, 21, 379, '28600'),
(2132, 23, 379, '1'),
(2133, 24, 211, '1'),
(2134, 11, 184, '24'),
(2135, 17, 128, '28'),
(2136, 17, 184, '24'),
(2137, 24, 379, '0'),
(2138, 25, 211, '30800'),
(2139, 29, 128, '28'),
(2140, 18, 184, '24'),
(2141, 25, 379, '28600'),
(2142, 19, 184, '24'),
(2143, 26, 379, '28600'),
(2144, 21, 184, '26400'),
(2145, 17, 139, '29'),
(2146, 27, 379, '28600'),
(2147, 26, 211, '30800'),
(2148, 23, 184, '1'),
(2149, 24, 184, '1'),
(2150, 25, 184, '26400'),
(2151, 28, 379, '26'),
(2152, 26, 184, '26400'),
(2153, 27, 211, '30800'),
(2154, 29, 379, '26'),
(2155, 27, 184, '26400'),
(2156, 28, 184, '24'),
(2157, 28, 211, '28'),
(2158, 30, 379, '2860'),
(2159, 29, 184, '24'),
(2160, 31, 379, '2.60'),
(2161, 30, 184, '2640'),
(2163, 31, 184, '2.40'),
(2165, 29, 211, '28'),
(2166, 30, 211, '3080'),
(2167, 31, 211, '2.80'),
(2168, 21, 139, '31900'),
(2169, 11, 185, '24'),
(2170, 17, 185, '24'),
(2171, 18, 185, '24'),
(2172, 19, 185, '24'),
(2173, 25, 109, '120'),
(2174, 21, 185, '26400'),
(2175, 23, 185, '1'),
(2176, 24, 185, '0'),
(2177, 28, 110, '26'),
(2178, 25, 185, '26400'),
(2179, 25, 110, '28600'),
(2180, 26, 185, '26400'),
(2181, 11, 380, '26'),
(2182, 27, 185, '26400'),
(2183, 17, 380, '26'),
(2184, 28, 185, '24'),
(2185, 27, 110, '104'),
(2186, 29, 185, '24'),
(2187, 18, 380, '26'),
(2188, 30, 185, '2640'),
(2189, 31, 185, '2.40'),
(2190, 19, 380, '26'),
(2191, 21, 380, '28600'),
(2192, 23, 380, '1'),
(2193, 19, 113, '21'),
(2194, 23, 113, '1'),
(2195, 24, 380, '1'),
(2196, 29, 113, '21'),
(2197, 25, 380, '28600'),
(2198, 11, 186, '21'),
(2199, 17, 186, '21'),
(2200, 26, 380, '28600'),
(2201, 18, 186, '21'),
(2202, 19, 186, '21'),
(2203, 27, 380, '28600'),
(2204, 21, 186, '23100'),
(2205, 23, 186, '1'),
(2206, 24, 186, '0'),
(2207, 28, 380, '26'),
(2208, 25, 186, '23100'),
(2209, 26, 186, '23100'),
(2210, 29, 380, '26'),
(2211, 27, 186, '23100'),
(2212, 28, 186, '21'),
(2213, 30, 380, '2860'),
(2214, 29, 186, '21'),
(2215, 31, 380, '2.60'),
(2216, 30, 186, '2310'),
(2217, 31, 186, '2.10'),
(2218, 11, 381, '26'),
(2219, 11, 254, '28'),
(2220, 17, 254, '28'),
(2221, 11, 266, '27'),
(2222, 18, 254, '28'),
(2223, 17, 266, '27'),
(2224, 18, 266, '27'),
(2225, 19, 254, '28'),
(2226, 11, 411, '28'),
(2227, 21, 254, '30800'),
(2228, 19, 266, '27'),
(2229, 23, 254, '1'),
(2230, 17, 411, '28'),
(2231, 17, 381, '26'),
(2232, 18, 411, '28'),
(2233, 24, 254, '1'),
(2234, 18, 381, '26'),
(2235, 21, 266, '29700'),
(2236, 19, 411, '28'),
(2237, 11, 409, '25'),
(2238, 25, 254, '30800'),
(2239, 21, 411, '30800'),
(2240, 19, 381, '26'),
(2241, 26, 254, '30800'),
(2242, 21, 381, '28600'),
(2243, 17, 409, '25'),
(2244, 11, 290, '25'),
(2245, 23, 411, '1'),
(2246, 11, 165, '28'),
(2247, 27, 254, '30800'),
(2248, 23, 381, '1'),
(2249, 24, 411, '0'),
(2250, 18, 409, '25'),
(2251, 23, 266, '1'),
(2252, 19, 409, '25'),
(2253, 25, 411, '30800'),
(2254, 28, 254, '28'),
(2255, 11, 278, '26'),
(2256, 24, 381, '0'),
(2257, 24, 266, '1'),
(2258, 17, 165, '28'),
(2259, 21, 409, '27500'),
(2260, 25, 381, '28600'),
(2261, 26, 411, '30800'),
(2262, 25, 266, '29700'),
(2263, 23, 409, '1'),
(2264, 27, 411, '30800'),
(2265, 26, 381, '28600'),
(2266, 17, 278, '26'),
(2267, 26, 266, '162'),
(2268, 27, 381, '28600'),
(2269, 28, 411, '28'),
(2270, 24, 409, '1'),
(2271, 18, 165, '28'),
(2272, 28, 381, '26'),
(2273, 27, 266, '29700'),
(2274, 18, 278, '26'),
(2275, 29, 411, '28'),
(2276, 29, 381, '26'),
(2277, 25, 409, '27500'),
(2278, 29, 254, '28'),
(2279, 30, 381, '2860'),
(2280, 30, 411, '3080'),
(2281, 31, 381, '2.60'),
(2282, 19, 278, '26'),
(2283, 19, 165, '28'),
(2284, 31, 411, '2.8'),
(2285, 30, 254, '3080'),
(2286, 26, 409, '27500'),
(2287, 28, 266, '27'),
(2288, 21, 278, '28600'),
(2289, 11, 212, '28'),
(2290, 27, 409, '27500'),
(2291, 29, 266, '27'),
(2292, 17, 212, '28'),
(2293, 31, 254, '1.80'),
(2294, 21, 165, '30800'),
(2295, 28, 409, '25'),
(2296, 23, 278, '2'),
(2297, 30, 266, '2970'),
(2298, 18, 212, '28'),
(2299, 29, 409, '25'),
(2300, 24, 278, '1'),
(2301, 31, 266, '2.70'),
(2302, 17, 290, '25'),
(2303, 30, 409, '2750'),
(2304, 25, 278, '28600'),
(2305, 23, 165, '1'),
(2306, 19, 212, '28'),
(2307, 11, 187, '23'),
(2308, 31, 409, '2.50'),
(2309, 26, 278, '28600'),
(2310, 17, 187, '23'),
(2311, 27, 278, '28600'),
(2312, 21, 212, '30800'),
(2313, 25, 165, '30800'),
(2314, 18, 187, '23'),
(2315, 23, 212, '1'),
(2316, 19, 187, '23'),
(2317, 28, 278, '26'),
(2318, 26, 165, '30800'),
(2319, 17, 293, '24'),
(2320, 29, 278, '26'),
(2321, 27, 165, '30800'),
(2322, 21, 187, '25300'),
(2323, 11, 382, '25'),
(2324, 30, 278, '2860'),
(2325, 28, 165, '28'),
(2326, 24, 212, '0'),
(2327, 18, 293, '24'),
(2328, 17, 382, '25'),
(2329, 23, 187, '1'),
(2330, 18, 382, '25'),
(2331, 24, 187, '1'),
(2332, 31, 278, '2.60'),
(2333, 19, 382, '25'),
(2334, 19, 290, '25'),
(2335, 25, 212, '30800'),
(2336, 21, 290, '27500'),
(2337, 21, 382, '27500'),
(2338, 29, 165, '28'),
(2339, 26, 212, '30800'),
(2340, 23, 382, '1'),
(2341, 25, 187, '25300'),
(2342, 30, 165, '3080'),
(2343, 31, 165, '2.8'),
(2344, 18, 290, '25'),
(2345, 24, 382, '0'),
(2346, 25, 382, '27500'),
(2347, 27, 212, '30800'),
(2348, 11, 166, '23'),
(2349, 26, 187, '25300'),
(2350, 26, 382, '27500'),
(2351, 28, 212, '28'),
(2352, 27, 187, '25300'),
(2353, 27, 382, '27500'),
(2354, 17, 166, '23'),
(2355, 28, 382, '25'),
(2356, 28, 187, '23'),
(2357, 29, 382, '25'),
(2358, 29, 212, '28'),
(2359, 11, 410, '25'),
(2360, 23, 290, '1'),
(2361, 30, 382, '2750'),
(2362, 29, 187, '23'),
(2363, 11, 412, '26'),
(2364, 18, 166, '23'),
(2365, 17, 410, '25'),
(2366, 17, 412, '26'),
(2367, 30, 212, '3080'),
(2368, 30, 187, '2530'),
(2369, 15, 382, '2.50'),
(2370, 18, 410, '25'),
(2371, 24, 290, '1'),
(2372, 31, 212, '2.80'),
(2373, 18, 412, '26'),
(2374, 19, 410, '25'),
(2375, 19, 166, '23'),
(2376, 19, 412, '26'),
(2377, 25, 290, '27500'),
(2378, 9, 412, '28600'),
(2379, 21, 410, '27500'),
(2380, 21, 166, '25300'),
(2381, 23, 412, '1'),
(2382, 26, 290, '27500'),
(2383, 23, 410, '1'),
(2384, 24, 412, '1'),
(2385, 27, 290, '27500'),
(2386, 23, 166, '1'),
(2387, 25, 412, '28600');
INSERT INTO `spklapangan` (`id_spklapangan`, `id_kegiatan`, `id_petak`, `nilai_spklapangan`) VALUES
(2388, 31, 187, '2.30'),
(2389, 28, 290, '25'),
(2390, 26, 412, '28600'),
(2391, 27, 412, '28600'),
(2392, 24, 166, '0'),
(2393, 29, 290, '25'),
(2394, 24, 410, '0'),
(2395, 28, 412, '26'),
(2396, 30, 290, '2750'),
(2397, 25, 410, '27500'),
(2398, 29, 412, '26'),
(2399, 25, 166, '25300'),
(2400, 26, 410, '27500'),
(2401, 30, 412, '2860'),
(2402, 31, 290, '2.50'),
(2403, 27, 410, '27500'),
(2404, 31, 412, '2.6'),
(2405, 26, 166, '25300'),
(2406, 27, 166, '25300'),
(2407, 11, 383, '26'),
(2408, 28, 410, '25'),
(2409, 17, 383, '26'),
(2410, 18, 383, '26'),
(2411, 29, 410, '25'),
(2412, 11, 255, '25'),
(2413, 28, 166, '23'),
(2414, 30, 410, '2750'),
(2415, 19, 383, '26'),
(2416, 29, 166, '23'),
(2417, 21, 383, '28600'),
(2418, 31, 410, '2.50'),
(2419, 23, 383, '1'),
(2420, 30, 166, '2530'),
(2421, 11, 279, '28'),
(2422, 11, 267, '27'),
(2423, 18, 255, '25'),
(2424, 31, 166, '2.3'),
(2425, 24, 383, '0'),
(2426, 17, 279, '28'),
(2427, 25, 383, '28600'),
(2428, 26, 383, '28600'),
(2429, 11, 167, '28'),
(2430, 19, 255, '25'),
(2431, 18, 279, '28'),
(2432, 27, 383, '28600'),
(2433, 21, 255, '27500'),
(2434, 28, 383, '26'),
(2435, 19, 279, '28'),
(2436, 29, 383, '26'),
(2437, 23, 255, '1'),
(2438, 17, 167, '28'),
(2439, 17, 267, '27'),
(2440, 30, 383, '2860'),
(2441, 21, 279, '30800'),
(2442, 31, 383, '2.60'),
(2443, 24, 255, '1'),
(2444, 18, 267, '27'),
(2445, 18, 167, '28'),
(2446, 25, 255, '27500'),
(2447, 23, 279, '1'),
(2448, 26, 255, '27500'),
(2449, 24, 279, '0'),
(2450, 19, 167, '28'),
(2451, 11, 213, '28'),
(2452, 27, 255, '27500'),
(2453, 25, 279, '30800'),
(2454, 17, 213, '28'),
(2455, 29, 255, '25'),
(2456, 19, 267, '27'),
(2457, 26, 279, '30800'),
(2458, 21, 167, '30800'),
(2459, 21, 267, '29700'),
(2460, 18, 213, '28'),
(2461, 30, 255, '2750'),
(2462, 27, 279, '30800'),
(2463, 19, 213, '28'),
(2464, 31, 255, '2.50'),
(2465, 28, 279, '28'),
(2466, 11, 413, '21'),
(2467, 23, 267, '1'),
(2468, 11, 384, '24'),
(2469, 21, 213, '30800'),
(2470, 29, 279, '28'),
(2471, 17, 413, '21'),
(2472, 17, 384, '24'),
(2473, 24, 267, '0'),
(2474, 18, 384, '24'),
(2475, 30, 279, '3080'),
(2476, 23, 213, '1'),
(2477, 25, 267, '29700'),
(2478, 23, 167, '1'),
(2479, 19, 384, '24'),
(2480, 24, 213, '1'),
(2481, 25, 167, '30800'),
(2482, 31, 279, '2.80'),
(2483, 21, 384, '26400'),
(2484, 26, 267, '29700'),
(2485, 26, 167, '30800'),
(2486, 25, 213, '30800'),
(2487, 18, 413, '21'),
(2488, 11, 188, '25'),
(2489, 23, 384, '1'),
(2490, 27, 167, '30800'),
(2491, 26, 213, '30800'),
(2492, 24, 384, '1'),
(2493, 19, 413, '21'),
(2494, 28, 167, '28'),
(2495, 25, 384, '26400'),
(2496, 27, 267, '29700'),
(2497, 21, 413, '23100'),
(2498, 17, 188, '25'),
(2499, 27, 213, '30800'),
(2500, 29, 167, '28'),
(2501, 26, 384, '26400'),
(2502, 23, 413, '1'),
(2503, 30, 167, '3080'),
(2504, 27, 384, '26400'),
(2505, 28, 213, '28'),
(2506, 18, 188, '25'),
(2507, 31, 167, '2.8'),
(2508, 24, 413, '0'),
(2509, 28, 384, '24'),
(2510, 29, 213, '28'),
(2511, 19, 188, '25'),
(2512, 28, 267, '27'),
(2513, 29, 384, '24'),
(2514, 30, 213, '3080'),
(2515, 25, 413, '23100'),
(2516, 30, 384, '2640'),
(2517, 21, 188, '27500'),
(2518, 29, 267, '27'),
(2519, 31, 384, '2.40'),
(2520, 11, 168, '27'),
(2521, 31, 213, '2.80'),
(2522, 26, 413, '23100'),
(2523, 30, 267, '2970'),
(2524, 17, 168, '27'),
(2525, 27, 413, '23100'),
(2526, 18, 168, '27'),
(2527, 19, 168, '27'),
(2528, 28, 413, '21'),
(2529, 31, 267, '2.70'),
(2530, 21, 168, '29700'),
(2531, 23, 188, '1'),
(2532, 24, 188, '0'),
(2533, 29, 413, '21'),
(2534, 23, 168, '1'),
(2535, 11, 406, '20'),
(2536, 25, 188, '27500'),
(2537, 30, 413, '2310'),
(2538, 26, 188, '27500'),
(2539, 25, 168, '29700'),
(2540, 27, 188, '27500'),
(2541, 17, 406, '20'),
(2542, 31, 413, '2.10'),
(2543, 26, 168, '29700'),
(2544, 28, 188, '25'),
(2545, 27, 168, '29700'),
(2546, 18, 406, '20'),
(2547, 28, 168, '27'),
(2548, 29, 168, '27'),
(2549, 29, 188, '25'),
(2550, 19, 406, '20'),
(2551, 30, 188, '2750'),
(2552, 30, 168, '2970'),
(2553, 31, 188, '2.50'),
(2554, 21, 406, '22000'),
(2555, 31, 168, '2.7'),
(2556, 23, 406, '1'),
(2557, 11, 256, '26'),
(2558, 11, 385, '24'),
(2559, 17, 385, '24'),
(2560, 17, 256, '26'),
(2561, 24, 406, '0'),
(2562, 18, 385, '24'),
(2563, 18, 256, '26'),
(2564, 19, 385, '24'),
(2565, 25, 406, '22000'),
(2566, 21, 385, '26400'),
(2567, 23, 385, '1'),
(2568, 26, 406, '22000'),
(2569, 19, 256, '26'),
(2570, 24, 385, '1'),
(2571, 25, 385, '26400'),
(2572, 27, 406, '22000'),
(2573, 26, 385, '26400'),
(2574, 11, 280, '24'),
(2575, 21, 256, '28600'),
(2576, 27, 385, '26400'),
(2577, 28, 406, '20'),
(2578, 11, 189, '23'),
(2579, 28, 385, '24'),
(2580, 17, 189, '23'),
(2581, 17, 280, '24'),
(2582, 18, 189, '23'),
(2583, 29, 385, '24'),
(2584, 29, 406, '20'),
(2585, 19, 189, '23'),
(2586, 23, 256, '1'),
(2587, 18, 280, '24'),
(2588, 21, 189, '25300'),
(2589, 30, 385, '2640'),
(2590, 23, 189, '1'),
(2591, 30, 406, '2200'),
(2592, 24, 189, '1'),
(2593, 31, 385, '2.40'),
(2594, 19, 280, '24'),
(2595, 24, 256, '0'),
(2596, 25, 189, '25300'),
(2597, 26, 189, '25300'),
(2598, 25, 256, '28600'),
(2599, 31, 406, '2'),
(2600, 27, 189, '25300'),
(2601, 21, 280, '26400'),
(2602, 28, 189, '23'),
(2603, 29, 189, '23'),
(2604, 30, 189, '2530'),
(2605, 23, 280, '1'),
(2606, 26, 256, '28600'),
(2607, 31, 189, '2.30'),
(2608, 24, 280, '0'),
(2609, 27, 256, '28600'),
(2610, 25, 280, '26400'),
(2611, 11, 291, '25'),
(2612, 26, 280, '26400'),
(2613, 27, 280, '26400'),
(2614, 17, 291, '25'),
(2615, 30, 256, '2860'),
(2616, 28, 280, '24'),
(2618, 18, 291, '25'),
(2620, 29, 280, '24'),
(2621, 19, 291, '25'),
(2622, 30, 280, '2640'),
(2624, 31, 280, '2.40'),
(2626, 21, 291, '27500'),
(2627, 11, 190, '25'),
(2628, 17, 190, '25'),
(2629, 18, 190, '25'),
(2630, 19, 190, '25'),
(2631, 21, 190, '27500'),
(2632, 11, 407, '27'),
(2633, 23, 291, '1'),
(2634, 23, 190, '1'),
(2635, 24, 190, '0'),
(2636, 28, 256, '26'),
(2637, 25, 190, '27500'),
(2638, 17, 407, '27'),
(2639, 26, 190, '27500'),
(2640, 27, 190, '27500'),
(2641, 18, 407, '27'),
(2642, 29, 256, '26'),
(2643, 28, 190, '25'),
(2644, 11, 402, '26'),
(2645, 29, 190, '25'),
(2646, 17, 402, '26'),
(2647, 30, 190, '2750'),
(2648, 19, 407, '27'),
(2649, 31, 190, '2.50'),
(2650, 18, 402, '26'),
(2651, 31, 256, '2.60'),
(2652, 24, 291, '0'),
(2653, 19, 402, '26'),
(2654, 21, 407, '29700'),
(2655, 21, 402, '28600'),
(2656, 11, 214, '26'),
(2657, 23, 407, '1'),
(2658, 25, 291, '27500'),
(2659, 23, 402, '1'),
(2660, 17, 255, '25'),
(2661, 17, 214, '26'),
(2662, 24, 402, '1'),
(2663, 11, 268, '26'),
(2664, 24, 407, '1'),
(2665, 25, 402, '28600'),
(2666, 26, 402, '28600'),
(2667, 18, 214, '26'),
(2668, 27, 402, '28600'),
(2669, 25, 407, '29700'),
(2670, 26, 291, '27500'),
(2671, 28, 402, '26'),
(2672, 19, 214, '26'),
(2673, 29, 402, '26'),
(2674, 27, 291, '27500'),
(2675, 26, 407, '29700'),
(2676, 17, 268, '26'),
(2677, 30, 402, '2860'),
(2678, 11, 102, '24'),
(2679, 18, 268, '26'),
(2680, 31, 402, '2.60'),
(2681, 28, 291, '25'),
(2682, 28, 255, '25'),
(2683, 17, 102, '24'),
(2684, 21, 214, '28600'),
(2685, 18, 102, '24'),
(2686, 19, 268, '26'),
(2687, 23, 214, '1'),
(2688, 19, 102, '24'),
(2689, 21, 268, '28600'),
(2690, 11, 114, '28'),
(2691, 21, 102, '26400'),
(2692, 24, 214, '0'),
(2693, 23, 268, '1'),
(2694, 27, 407, '29700'),
(2695, 17, 114, '28'),
(2696, 23, 102, '1'),
(2697, 25, 214, '28600'),
(2698, 18, 114, '28'),
(2699, 19, 114, '28'),
(2700, 24, 102, '0'),
(2701, 24, 268, '1'),
(2702, 29, 291, '25'),
(2703, 28, 407, '27'),
(2704, 25, 102, '26400'),
(2705, 26, 214, '28600'),
(2706, 21, 114, '30800'),
(2707, 30, 291, '2750'),
(2708, 23, 114, '1'),
(2709, 24, 114, '0'),
(2710, 25, 114, '30800'),
(2711, 27, 214, '28600'),
(2712, 26, 114, '30800'),
(2714, 31, 291, '2.50'),
(2715, 27, 114, '30800'),
(2716, 28, 214, '26'),
(2717, 28, 114, '28'),
(2718, 29, 114, '28'),
(2719, 29, 214, '26'),
(2720, 30, 114, '3080'),
(2721, 26, 102, '26400'),
(2722, 11, 281, '25'),
(2724, 31, 114, '2.80'),
(2725, 27, 102, '26400'),
(2726, 30, 214, '2860'),
(2727, 17, 281, '25'),
(2728, 25, 268, '28600'),
(2729, 31, 214, '2.60'),
(2730, 28, 102, '24'),
(2731, 18, 281, '25'),
(2732, 11, 215, '28'),
(2733, 19, 281, '25'),
(2735, 17, 215, '28'),
(2736, 26, 268, '156'),
(2737, 21, 281, '27500'),
(2738, 30, 102, '2640'),
(2739, 27, 268, '28600'),
(2740, 18, 215, '28'),
(2741, 23, 281, '1'),
(2742, 31, 102, '2.40'),
(2743, 19, 215, '28'),
(2744, 24, 281, '1'),
(2745, 25, 281, '27500'),
(2746, 21, 215, '30800'),
(2747, 28, 268, '26'),
(2748, 23, 215, '1'),
(2749, 27, 281, '27500'),
(2750, 24, 215, '1'),
(2751, 28, 281, '25'),
(2752, 11, 257, '26'),
(2753, 25, 215, '30800'),
(2754, 29, 281, '25'),
(2755, 17, 257, '26'),
(2756, 26, 215, '30800'),
(2757, 30, 281, '2750'),
(2758, 11, 115, '27'),
(2759, 27, 215, '30800'),
(2760, 31, 281, '2.50'),
(2761, 17, 115, '27'),
(2762, 18, 257, '26'),
(2763, 18, 115, '27'),
(2764, 28, 215, '28'),
(2765, 19, 115, '27'),
(2766, 29, 268, '26'),
(2767, 21, 115, '29700'),
(2768, 29, 215, '28'),
(2769, 23, 115, '1'),
(2770, 24, 115, '1'),
(2771, 30, 268, '2860'),
(2772, 30, 215, '3080'),
(2773, 25, 115, '29700'),
(2774, 19, 257, '26'),
(2775, 26, 115, '29700'),
(2776, 27, 115, '29700'),
(2777, 31, 215, '2.80'),
(2778, 21, 257, '28600'),
(2779, 31, 268, '2.60'),
(2780, 28, 115, '27'),
(2781, 29, 115, '27'),
(2782, 11, 216, '25'),
(2783, 30, 115, '2970'),
(2784, 11, 408, '28'),
(2785, 31, 115, '2.70'),
(2786, 17, 216, '25'),
(2787, 23, 257, '1'),
(2788, 18, 216, '25'),
(2789, 24, 257, '1'),
(2790, 19, 216, '25'),
(2791, 25, 257, '28600'),
(2792, 17, 408, '28'),
(2793, 21, 216, '27500'),
(2794, 27, 257, '28600'),
(2795, 23, 216, '1'),
(2796, 18, 408, '28'),
(2797, 28, 257, '26'),
(2798, 19, 408, '28'),
(2799, 24, 216, '0'),
(2800, 29, 257, '26'),
(2801, 25, 216, '27500'),
(2802, 21, 408, '30800'),
(2803, 11, 116, '30'),
(2804, 17, 116, '30'),
(2805, 26, 216, '27500'),
(2806, 18, 116, '30'),
(2807, 19, 116, '30'),
(2808, 30, 257, '2860'),
(2809, 21, 116, '33000'),
(2810, 27, 216, '27500'),
(2811, 23, 116, '1'),
(2812, 24, 116, '1'),
(2813, 23, 408, '1'),
(2814, 25, 116, '33000'),
(2815, 28, 216, '25'),
(2816, 26, 116, '33000'),
(2817, 31, 257, '2.60'),
(2818, 27, 116, '33000'),
(2819, 28, 116, '30'),
(2820, 29, 216, '25'),
(2821, 29, 116, '30'),
(2822, 24, 408, '0'),
(2823, 30, 116, '3300'),
(2824, 30, 216, '2750'),
(2825, 11, 282, '26'),
(2826, 31, 116, '3'),
(2827, 31, 216, '2.50'),
(2828, 25, 408, '30800'),
(2829, 17, 282, '26'),
(2830, 26, 408, '30800'),
(2831, 18, 282, '26'),
(2832, 19, 282, '26'),
(2833, 26, 257, '28600'),
(2834, 27, 408, '30800'),
(2835, 21, 282, '28600'),
(2836, 28, 408, '28'),
(2837, 11, 103, '25'),
(2838, 29, 408, '28'),
(2839, 23, 282, '1'),
(2840, 17, 103, '25'),
(2841, 30, 408, '3080'),
(2842, 18, 103, '25'),
(2843, 11, 117, '27'),
(2844, 24, 282, '16'),
(2845, 11, 403, '26'),
(2846, 17, 117, '27'),
(2847, 18, 117, '27'),
(2848, 17, 403, '26'),
(2849, 31, 408, '2.8'),
(2850, 19, 103, '25'),
(2851, 19, 117, '27'),
(2852, 25, 282, '28600'),
(2853, 21, 117, '29700'),
(2854, 18, 403, '26'),
(2855, 23, 117, '1'),
(2856, 24, 117, '0'),
(2857, 21, 103, '27500'),
(2858, 19, 403, '26'),
(2859, 25, 117, '29700'),
(2860, 26, 282, '28600'),
(2861, 26, 117, '29700'),
(2862, 21, 403, '28600'),
(2863, 27, 117, '29700'),
(2864, 23, 103, '1'),
(2865, 23, 403, '1'),
(2866, 28, 117, '27'),
(2867, 29, 117, '27'),
(2868, 24, 403, '0'),
(2869, 27, 282, '28600'),
(2870, 24, 103, '0'),
(2871, 30, 117, '2970'),
(2872, 25, 403, '28600'),
(2873, 31, 117, '2.70'),
(2874, 26, 403, '156'),
(2875, 28, 282, '26'),
(2876, 27, 403, '28600'),
(2877, 28, 403, '26'),
(2878, 29, 282, '26'),
(2879, 29, 403, '26'),
(2880, 25, 103, '27500'),
(2881, 30, 403, '2860'),
(2882, 30, 282, '2860'),
(2883, 31, 403, '2.60'),
(2884, 26, 103, '27500'),
(2885, 31, 282, '2.60'),
(2886, 27, 103, '27500'),
(2887, 28, 103, '25'),
(2888, 11, 118, '29'),
(2889, 17, 118, '29'),
(2890, 18, 118, '29'),
(2891, 29, 103, '25'),
(2892, 19, 118, '29'),
(2893, 21, 118, '31900'),
(2894, 23, 118, '1'),
(2895, 30, 103, '2750'),
(2896, 24, 118, '0'),
(2897, 25, 118, '31900'),
(2898, 31, 103, '2.50'),
(2899, 11, 292, '26'),
(2900, 26, 118, '31900'),
(2901, 11, 269, '23'),
(2902, 11, 404, '25'),
(2903, 27, 118, '31900'),
(2904, 28, 118, '29'),
(2905, 17, 404, '25'),
(2906, 29, 118, '29'),
(2907, 17, 292, '26'),
(2908, 18, 404, '25'),
(2909, 30, 118, '3190'),
(2910, 31, 118, '2.90'),
(2911, 17, 269, '23'),
(2912, 19, 404, '25'),
(2913, 21, 404, '27500'),
(2914, 18, 292, '26'),
(2915, 23, 404, '1'),
(2916, 24, 404, '0'),
(2917, 19, 292, '26'),
(2918, 25, 404, '27500'),
(2919, 26, 404, '27500'),
(2920, 11, 258, '24'),
(2921, 27, 404, '27500'),
(2922, 28, 404, '25'),
(2923, 29, 404, '25'),
(2924, 21, 292, '28600'),
(2925, 18, 269, '23'),
(2926, 30, 404, '2750'),
(2927, 31, 404, '2.50'),
(2928, 19, 269, '23'),
(2929, 23, 292, '1'),
(2930, 17, 258, '24'),
(2931, 11, 169, '22'),
(2932, 17, 169, '22'),
(2933, 18, 169, '22'),
(2934, 18, 258, '24'),
(2935, 19, 169, '22'),
(2936, 21, 169, '24200'),
(2937, 23, 169, '1'),
(2938, 24, 292, '00'),
(2939, 24, 169, '1'),
(2940, 25, 169, '24200'),
(2941, 26, 169, '24200'),
(2942, 27, 169, '24200'),
(2943, 11, 119, '22'),
(2944, 17, 119, '22'),
(2945, 18, 119, '22'),
(2946, 19, 119, '22'),
(2947, 25, 292, '28600'),
(2948, 21, 119, '24200'),
(2949, 23, 119, '1'),
(2950, 24, 119, '1'),
(2951, 26, 292, '28600'),
(2952, 25, 119, '24200'),
(2953, 26, 119, '24200'),
(2954, 27, 292, '28600'),
(2955, 27, 119, '24200'),
(2956, 28, 119, '22'),
(2957, 29, 119, '22'),
(2958, 30, 119, '2420'),
(2959, 28, 292, '26'),
(2960, 31, 119, '2.20'),
(2961, 29, 292, '26'),
(2962, 30, 292, '2860'),
(2963, 31, 292, '2.60'),
(2964, 21, 269, '25300'),
(2965, 23, 269, '1'),
(2966, 11, 120, '21'),
(2967, 17, 120, '21'),
(2968, 18, 120, '21'),
(2969, 19, 120, '21'),
(2970, 24, 269, '1'),
(2971, 21, 120, '23100'),
(2972, 23, 120, '1'),
(2973, 19, 258, '24'),
(2974, 24, 120, '0'),
(2975, 25, 120, '23100'),
(2976, 25, 269, '25300'),
(2977, 26, 120, '23100'),
(2978, 21, 258, '26400'),
(2979, 27, 120, '23100'),
(2980, 28, 120, '21'),
(2981, 26, 269, '25300'),
(2982, 23, 258, '1'),
(2983, 29, 120, '21'),
(2984, 30, 120, '2310'),
(2985, 27, 269, '25300'),
(2986, 26, 258, '26400'),
(2987, 31, 120, '2.10'),
(2988, 28, 269, '23'),
(2989, 27, 258, '26400'),
(2990, 28, 258, '24'),
(2991, 29, 258, '24'),
(2992, 29, 269, '23'),
(2993, 31, 258, '2.40'),
(2994, 30, 269, '2530'),
(2995, 17, 312, '22'),
(2996, 31, 269, '2.30'),
(2997, 11, 121, '28'),
(2998, 17, 121, '28'),
(2999, 18, 121, '28'),
(3000, 19, 121, '28'),
(3001, 21, 121, '30800'),
(3002, 23, 121, '1'),
(3003, 18, 312, '22'),
(3004, 11, 405, '23'),
(3005, 24, 121, '1'),
(3006, 19, 312, '22'),
(3007, 24, 258, '0'),
(3008, 17, 405, '23'),
(3009, 25, 121, '30800'),
(3010, 11, 414, '22'),
(3011, 26, 121, '30800'),
(3012, 18, 405, '23'),
(3013, 25, 258, '26400'),
(3014, 27, 121, '30800'),
(3015, 21, 312, '24200'),
(3016, 19, 405, '23'),
(3017, 28, 121, '28'),
(3018, 17, 414, '22'),
(3019, 30, 258, '2640'),
(3020, 21, 405, '25300'),
(3021, 29, 121, '28'),
(3022, 23, 312, '1'),
(3023, 30, 121, '3080'),
(3024, 23, 405, '1'),
(3025, 18, 414, '22'),
(3026, 31, 121, '2.80'),
(3027, 24, 405, '1'),
(3028, 24, 312, '1'),
(3029, 11, 283, '24'),
(3030, 25, 405, '25300'),
(3031, 25, 312, '24200'),
(3032, 19, 414, '22'),
(3033, 26, 405, '25300'),
(3034, 26, 312, '24200'),
(3035, 27, 405, '25300'),
(3036, 21, 414, '24200'),
(3037, 17, 283, '24'),
(3038, 27, 312, '24200'),
(3039, 28, 405, '23'),
(3040, 18, 283, '24'),
(3041, 28, 312, '22'),
(3042, 29, 405, '23'),
(3043, 30, 405, '2530'),
(3044, 29, 312, '22'),
(3045, 19, 283, '24'),
(3046, 31, 405, '2.30'),
(3047, 30, 312, '2420'),
(3048, 21, 283, '26400'),
(3049, 31, 312, '2.20'),
(3050, 23, 283, '1'),
(3051, 23, 414, '1'),
(3052, 24, 283, '0'),
(3053, 24, 414, '0'),
(3054, 25, 283, '26400'),
(3055, 11, 313, '28'),
(3056, 11, 122, '29'),
(3057, 25, 414, '24200'),
(3058, 26, 283, '26400'),
(3059, 17, 313, '28'),
(3060, 17, 122, '29'),
(3061, 18, 122, '29'),
(3062, 26, 414, '24200'),
(3063, 27, 283, '26400'),
(3064, 18, 313, '28'),
(3065, 19, 122, '29'),
(3066, 21, 122, '31900'),
(3067, 28, 169, '22'),
(3068, 19, 313, '28'),
(3069, 23, 122, '1'),
(3070, 27, 414, '24200'),
(3071, 28, 283, '24'),
(3072, 24, 122, '1'),
(3073, 29, 169, '22'),
(3074, 28, 414, '22'),
(3075, 29, 283, '24'),
(3076, 25, 122, '31900'),
(3077, 21, 313, '30800'),
(3078, 26, 122, '31900'),
(3079, 29, 414, '22'),
(3080, 27, 122, '31900'),
(3081, 30, 283, '2640'),
(3082, 28, 122, '29'),
(3083, 30, 414, '2420'),
(3084, 29, 122, '29'),
(3085, 30, 122, '3190'),
(3086, 23, 313, '1'),
(3087, 31, 283, '2.40'),
(3088, 31, 414, '2.2'),
(3089, 31, 122, '2.90'),
(3090, 24, 313, '0'),
(3093, 25, 313, '30800'),
(3094, 30, 169, '2420'),
(3096, 11, 293, '24'),
(3098, 26, 313, '30800'),
(3099, 31, 169, '2.2'),
(3101, 11, 370, '26'),
(3103, 27, 313, '30800'),
(3105, 17, 370, '26'),
(3106, 18, 370, '26'),
(3107, 11, 104, '25'),
(3108, 28, 313, '28'),
(3109, 19, 370, '26'),
(3110, 11, 259, '23'),
(3111, 19, 293, '24'),
(3112, 29, 313, '28'),
(3113, 21, 370, '28600'),
(3114, 17, 104, '25'),
(3115, 17, 259, '23'),
(3116, 30, 313, '3080'),
(3117, 21, 293, '26400'),
(3118, 23, 370, '1'),
(3119, 18, 104, '25'),
(3120, 31, 313, '2.80'),
(3121, 23, 293, '1'),
(3122, 19, 104, '25'),
(3123, 24, 293, '1'),
(3125, 25, 293, '26400'),
(3126, 26, 293, '26400'),
(3127, 27, 293, '26400'),
(3128, 24, 370, '1'),
(3129, 28, 293, '24'),
(3130, 11, 170, '24'),
(3131, 17, 170, '24'),
(3132, 18, 170, '24'),
(3133, 25, 370, '28600'),
(3134, 29, 293, '24'),
(3135, 21, 104, '27500'),
(3136, 11, 123, '29'),
(3137, 30, 293, '2640'),
(3138, 17, 123, '29'),
(3139, 26, 370, '28600'),
(3140, 19, 170, '24'),
(3141, 18, 123, '29'),
(3142, 23, 104, '1'),
(3143, 19, 123, '29'),
(3144, 21, 170, '26400'),
(3145, 21, 123, '31900'),
(3146, 27, 370, '28600'),
(3147, 31, 293, '2.4'),
(3148, 23, 170, '1'),
(3149, 23, 123, '1'),
(3150, 24, 104, '1'),
(3151, 18, 259, '23'),
(3152, 24, 123, '0'),
(3153, 28, 370, '26'),
(3154, 25, 123, '31900'),
(3155, 26, 123, '31900'),
(3156, 19, 259, '23'),
(3157, 24, 170, '0'),
(3158, 27, 123, '116'),
(3159, 25, 104, '27500'),
(3160, 29, 370, '26'),
(3161, 28, 123, '232'),
(3162, 25, 170, '26400'),
(3163, 11, 284, '26'),
(3164, 30, 370, '2860'),
(3165, 11, 415, '25'),
(3166, 21, 259, '25300'),
(3167, 29, 123, '145'),
(3168, 26, 170, '26400'),
(3169, 26, 104, '27500'),
(3170, 31, 370, '2.60'),
(3171, 30, 123, '58'),
(3172, 17, 284, '26'),
(3173, 17, 415, '25'),
(3174, 31, 123, '2.90'),
(3175, 27, 104, '27500'),
(3176, 11, 371, '24'),
(3177, 23, 259, '1'),
(3178, 18, 284, '26'),
(3179, 28, 104, '25'),
(3180, 17, 371, '24'),
(3181, 18, 415, '25'),
(3182, 27, 170, '26400'),
(3183, 24, 259, '0'),
(3184, 18, 371, '24'),
(3185, 29, 104, '25'),
(3186, 28, 170, '24'),
(3187, 19, 415, '25'),
(3188, 29, 170, '24'),
(3189, 11, 270, '26'),
(3190, 30, 104, '2750'),
(3191, 19, 371, '24'),
(3192, 21, 415, '27500'),
(3193, 17, 270, '26'),
(3194, 21, 371, '26400'),
(3195, 30, 170, '2640'),
(3196, 31, 170, '2.4'),
(3197, 18, 270, '26'),
(3198, 19, 284, '26'),
(3199, 23, 415, '1'),
(3200, 21, 284, '28600'),
(3201, 19, 270, '26'),
(3202, 23, 284, '1'),
(3203, 24, 415, '1'),
(3204, 11, 124, '30'),
(3205, 25, 259, '25300'),
(3206, 17, 124, '30'),
(3207, 18, 124, '30'),
(3208, 24, 371, '0'),
(3209, 21, 270, '28600'),
(3210, 26, 259, '25300'),
(3211, 19, 124, '30'),
(3212, 25, 415, '27500'),
(3213, 21, 124, '33000'),
(3214, 24, 284, '1'),
(3215, 23, 124, '1'),
(3216, 27, 259, '25300'),
(3217, 24, 124, '1'),
(3218, 26, 415, '27500'),
(3219, 25, 124, '33000'),
(3220, 26, 124, '33000'),
(3221, 27, 124, '33000'),
(3222, 28, 259, '23'),
(3223, 25, 284, '28600'),
(3224, 27, 415, '27500'),
(3225, 25, 371, '26400'),
(3226, 28, 124, '30'),
(3227, 29, 124, '30'),
(3228, 26, 284, '28600'),
(3229, 11, 171, '23'),
(3230, 29, 259, '23'),
(3231, 30, 124, '3300'),
(3232, 28, 415, '25'),
(3233, 26, 371, '26400'),
(3234, 17, 171, '23'),
(3235, 31, 124, '3'),
(3236, 27, 284, '28600'),
(3237, 18, 171, '23'),
(3238, 31, 104, '2.50'),
(3239, 30, 259, '2530'),
(3240, 29, 415, '25'),
(3241, 28, 284, '26'),
(3242, 31, 259, '2.30'),
(3243, 19, 171, '23'),
(3244, 11, 314, '26'),
(3245, 29, 284, '26'),
(3246, 21, 171, '25300'),
(3247, 30, 415, '2750'),
(3248, 23, 171, '1'),
(3249, 17, 314, '26'),
(3250, 30, 284, '2860'),
(3251, 27, 371, '26400'),
(3252, 31, 415, '2.5'),
(3253, 31, 284, '1.60'),
(3254, 18, 314, '26'),
(3255, 25, 171, '25300'),
(3256, 28, 371, '24'),
(3257, 23, 270, '1'),
(3258, 11, 260, '27'),
(3259, 26, 171, '25300'),
(3260, 29, 371, '24'),
(3261, 27, 171, '25300'),
(3262, 19, 314, '26'),
(3263, 30, 371, '2640'),
(3264, 17, 260, '27'),
(3265, 21, 314, '28600'),
(3266, 31, 371, '2.40'),
(3267, 28, 171, '23'),
(3268, 24, 270, '0'),
(3269, 23, 314, '1'),
(3270, 29, 171, '23'),
(3271, 18, 260, '27'),
(3272, 11, 372, '28'),
(3273, 24, 314, '0'),
(3274, 30, 171, '2530'),
(3275, 17, 372, '28'),
(3276, 25, 270, '28600'),
(3277, 31, 171, '2.3'),
(3278, 25, 314, '28600'),
(3279, 18, 372, '28'),
(3280, 19, 260, '27'),
(3281, 19, 372, '28'),
(3282, 26, 314, '28600'),
(3283, 21, 372, '30800'),
(3284, 26, 270, '28600'),
(3285, 23, 372, '1'),
(3286, 21, 260, '29700'),
(3287, 27, 314, '28600'),
(3288, 24, 372, '1'),
(3289, 28, 314, '26'),
(3290, 25, 372, '30800'),
(3291, 29, 314, '26'),
(3292, 23, 260, '1'),
(3293, 26, 372, '30800'),
(3294, 27, 270, '28600'),
(3295, 30, 314, '2860'),
(3296, 11, 285, '25'),
(3297, 27, 372, '30800'),
(3298, 24, 260, '0'),
(3299, 31, 314, '2.60'),
(3300, 28, 372, '28'),
(3301, 28, 270, '26'),
(3302, 11, 315, '22'),
(3303, 29, 372, '28'),
(3304, 17, 285, '25'),
(3305, 29, 270, '26'),
(3306, 26, 260, '29700'),
(3307, 18, 285, '25'),
(3308, 17, 315, '22'),
(3309, 30, 270, '2860'),
(3310, 27, 260, '29700'),
(3311, 19, 285, '25'),
(3312, 30, 372, '3080'),
(3313, 18, 315, '22'),
(3314, 11, 416, '28'),
(3315, 31, 372, '2.80'),
(3316, 21, 285, '27500'),
(3317, 31, 270, '2.60'),
(3318, 28, 260, '27'),
(3319, 19, 315, '22'),
(3320, 23, 285, '1'),
(3321, 17, 416, '28'),
(3322, 29, 260, '27'),
(3323, 24, 285, '0'),
(3324, 21, 315, '24200'),
(3325, 18, 416, '28'),
(3326, 30, 260, '2970'),
(3327, 23, 315, '1'),
(3328, 25, 285, '27500'),
(3329, 24, 315, '0'),
(3330, 31, 260, '2.70'),
(3331, 19, 416, '28'),
(3332, 25, 315, '24200'),
(3333, 11, 373, '25'),
(3334, 26, 285, '27500'),
(3335, 21, 416, '30800'),
(3336, 17, 373, '25'),
(3337, 18, 373, '25'),
(3338, 27, 285, '27500'),
(3339, 26, 315, '24200'),
(3340, 23, 416, '1'),
(3341, 19, 373, '25'),
(3342, 27, 315, '24200'),
(3343, 28, 285, '25'),
(3344, 24, 416, '0'),
(3345, 28, 315, '22'),
(3346, 21, 373, '27500'),
(3347, 29, 285, '25'),
(3348, 25, 416, '30800'),
(3349, 29, 315, '22'),
(3350, 23, 373, '1'),
(3351, 30, 285, '2750'),
(3352, 25, 142, '28600'),
(3353, 30, 315, '2420'),
(3354, 26, 416, '30800'),
(3355, 24, 373, '0'),
(3356, 31, 315, '2.20'),
(3357, 31, 285, '2.50'),
(3358, 27, 416, '30800'),
(3359, 25, 260, '29700'),
(3360, 28, 416, '28'),
(3361, 25, 373, '27500'),
(3362, 29, 416, '28'),
(3363, 30, 140, '3190'),
(3364, 26, 373, '27500'),
(3365, 31, 140, '2.90'),
(3366, 30, 416, '3080'),
(3367, 27, 373, '27500'),
(3368, 31, 416, '2.8'),
(3369, 17, 48, '28'),
(3370, 28, 373, '25'),
(3371, 11, 129, '23'),
(3372, 17, 129, '23'),
(3373, 18, 48, '28'),
(3374, 18, 129, '23'),
(3375, 29, 373, '25'),
(3376, 30, 373, '2750'),
(3377, 19, 129, '23'),
(3378, 19, 48, '28'),
(3379, 21, 129, '25300'),
(3380, 31, 373, '2.50'),
(3381, 23, 129, '1'),
(3382, 24, 129, '1'),
(3383, 25, 129, '25300'),
(3384, 21, 48, '30800'),
(3385, 11, 374, '25'),
(3386, 26, 129, '25300'),
(3387, 27, 129, '25300'),
(3388, 28, 129, '23'),
(3389, 17, 374, '25'),
(3390, 29, 129, '23'),
(3391, 23, 48, '1'),
(3392, 11, 286, '25'),
(3393, 30, 129, '2530'),
(3394, 31, 129, '2.30'),
(3395, 18, 374, '25'),
(3396, 17, 286, '25'),
(3397, 24, 48, '00'),
(3398, 19, 374, '25'),
(3399, 18, 286, '25'),
(3400, 25, 48, '30800'),
(3401, 19, 286, '25'),
(3402, 26, 48, '30800'),
(3403, 21, 374, '27500'),
(3404, 21, 286, '27500'),
(3405, 23, 374, '1'),
(3406, 27, 48, '30800'),
(3407, 23, 286, '1'),
(3408, 28, 48, '28'),
(3409, 24, 374, '1'),
(3410, 24, 286, '1'),
(3411, 25, 286, '27500'),
(3412, 29, 48, '28'),
(3413, 26, 286, '27500'),
(3414, 25, 374, '27500'),
(3415, 30, 48, '3080'),
(3416, 27, 286, '27500'),
(3417, 31, 48, '2.8'),
(3418, 26, 374, '27500'),
(3419, 28, 286, '25'),
(3420, 27, 374, '27500'),
(3421, 29, 286, '25'),
(3422, 28, 374, '25'),
(3423, 30, 286, '2750'),
(3424, 29, 374, '25'),
(3425, 24, 165, '1'),
(3426, 11, 294, '23'),
(3427, 11, 130, '28'),
(3428, 30, 374, '2750'),
(3429, 17, 130, '28'),
(3430, 17, 294, '23'),
(3431, 31, 286, '2.50'),
(3432, 31, 374, '2.50'),
(3433, 18, 130, '28'),
(3434, 18, 294, '23'),
(3435, 19, 130, '28'),
(3436, 11, 375, '27'),
(3437, 21, 130, '30800'),
(3438, 19, 294, '23'),
(3439, 23, 130, '1'),
(3440, 24, 130, '0'),
(3441, 17, 375, '27'),
(3442, 21, 294, '25300'),
(3443, 25, 130, '30800'),
(3444, 11, 271, '24'),
(3445, 26, 130, '30800'),
(3446, 18, 375, '27'),
(3447, 23, 294, '1'),
(3448, 27, 130, '30800'),
(3449, 11, 261, '25'),
(3450, 28, 130, '28'),
(3451, 19, 375, '27'),
(3452, 24, 294, '0'),
(3453, 29, 130, '28'),
(3454, 17, 271, '24'),
(3455, 30, 130, '3080'),
(3456, 25, 294, '25300'),
(3457, 31, 130, '2.80'),
(3458, 26, 294, '25300'),
(3459, 18, 271, '24'),
(3460, 27, 294, '25300'),
(3461, 21, 375, '29700'),
(3462, 28, 294, '23'),
(3463, 19, 271, '24'),
(3464, 23, 375, '1'),
(3465, 29, 294, '23'),
(3466, 21, 271, '26400'),
(3467, 24, 375, '0'),
(3468, 30, 294, '2530'),
(3469, 25, 375, '29700'),
(3470, 26, 375, '29700'),
(3471, 27, 375, '29700'),
(3472, 28, 375, '27'),
(3473, 23, 271, '1'),
(3474, 17, 261, '25'),
(3475, 29, 375, '27'),
(3476, 30, 375, '2970'),
(3477, 18, 261, '25'),
(3478, 31, 375, '2.70'),
(3479, 11, 287, '24'),
(3480, 19, 261, '25'),
(3481, 11, 131, '28'),
(3482, 11, 49, '24'),
(3483, 17, 287, '24'),
(3484, 11, 376, '23'),
(3485, 17, 131, '28'),
(3486, 18, 131, '28'),
(3487, 17, 376, '23'),
(3488, 21, 261, '27500'),
(3489, 18, 287, '24'),
(3490, 17, 49, '24'),
(3491, 19, 131, '28'),
(3492, 18, 376, '23'),
(3493, 31, 294, '2.30'),
(3494, 21, 131, '30800'),
(3495, 19, 376, '23'),
(3496, 19, 287, '24'),
(3497, 18, 49, '24'),
(3498, 21, 376, '25300'),
(3499, 23, 131, '1'),
(3500, 23, 376, '1'),
(3501, 23, 261, '1'),
(3502, 21, 287, '26400'),
(3503, 24, 131, '1'),
(3504, 24, 376, '0'),
(3505, 25, 131, '30800'),
(3506, 23, 287, '1'),
(3507, 25, 376, '25300'),
(3508, 26, 131, '30800'),
(3509, 27, 131, '30800'),
(3510, 19, 49, '24'),
(3511, 26, 376, '25300'),
(3512, 24, 287, '0'),
(3513, 27, 376, '25300'),
(3514, 28, 131, '28'),
(3515, 24, 261, '0'),
(3516, 28, 376, '23'),
(3517, 29, 131, '28'),
(3518, 25, 287, '26400'),
(3519, 21, 49, '26400'),
(3520, 29, 376, '23'),
(3521, 30, 131, '3080'),
(3522, 31, 131, '2.80'),
(3523, 30, 376, '2530'),
(3524, 26, 287, '26400'),
(3525, 24, 271, '0'),
(3526, 25, 261, '27500'),
(3527, 31, 376, '2.30'),
(3528, 23, 49, '1'),
(3529, 27, 287, '26400'),
(3530, 25, 271, '26400'),
(3531, 26, 261, '27500'),
(3532, 28, 287, '24'),
(3533, 26, 271, '26400'),
(3534, 24, 49, '1'),
(3535, 27, 261, '27500'),
(3536, 29, 287, '24'),
(3537, 25, 49, '26400'),
(3538, 27, 271, '26400'),
(3539, 30, 287, '2640'),
(3540, 26, 49, '26400'),
(3541, 28, 271, '24'),
(3542, 31, 287, '2.40'),
(3543, 27, 49, '26400'),
(3544, 29, 271, '24'),
(3545, 11, 316, '25'),
(3546, 30, 271, '2640'),
(3547, 28, 261, '25'),
(3548, 28, 49, '24'),
(3549, 29, 49, '24'),
(3550, 11, 377, '22'),
(3551, 17, 316, '25'),
(3552, 31, 271, '2.40'),
(3553, 29, 261, '25'),
(3554, 17, 377, '22'),
(3555, 30, 49, '2640'),
(3556, 18, 377, '22'),
(3557, 31, 49, '2.40'),
(3558, 30, 261, '2750'),
(3559, 19, 377, '22'),
(3560, 18, 316, '25'),
(3561, 11, 132, '26'),
(3562, 21, 377, '24200'),
(3563, 17, 132, '26'),
(3564, 19, 316, '25'),
(3565, 18, 132, '26'),
(3566, 31, 261, '2.50'),
(3567, 19, 132, '26'),
(3568, 23, 377, '1'),
(3569, 21, 132, '28600'),
(3570, 11, 82, '22'),
(3571, 23, 132, '2'),
(3572, 24, 132, '0'),
(3573, 24, 377, '1'),
(3574, 25, 132, '28600'),
(3575, 11, 295, '24'),
(3576, 26, 132, '28600'),
(3577, 21, 316, '27500'),
(3578, 17, 82, '22'),
(3579, 25, 377, '24200'),
(3580, 27, 132, '28600'),
(3581, 17, 295, '24'),
(3582, 23, 316, '1'),
(3583, 26, 377, '24200'),
(3584, 18, 82, '22'),
(3585, 28, 132, '26'),
(3586, 24, 316, '1'),
(3587, 18, 295, '24'),
(3588, 11, 288, '22'),
(3589, 27, 377, '24200'),
(3590, 29, 132, '26'),
(3591, 30, 132, '2860'),
(3592, 25, 316, '27500'),
(3593, 19, 82, '22'),
(3594, 19, 295, '24'),
(3595, 17, 288, '22'),
(3596, 31, 132, '2.60'),
(3597, 28, 377, '22'),
(3598, 18, 288, '22'),
(3599, 26, 316, '27500'),
(3600, 21, 82, '13750'),
(3601, 21, 295, '26400'),
(3602, 29, 377, '22'),
(3603, 19, 288, '22'),
(3604, 27, 316, '27500'),
(3605, 30, 377, '2420'),
(3606, 23, 295, '1'),
(3607, 23, 82, '1'),
(3608, 21, 288, '24200'),
(3609, 31, 377, '2.20'),
(3610, 28, 316, '25'),
(3611, 24, 295, '0'),
(3612, 29, 316, '25'),
(3613, 24, 82, '0'),
(3614, 23, 288, '1'),
(3615, 25, 295, '26400'),
(3616, 23, 371, '1'),
(3617, 24, 288, '0'),
(3618, 25, 82, '13750'),
(3619, 30, 316, '2750'),
(3620, 26, 295, '26400'),
(3621, 25, 288, '24200'),
(3622, 31, 316, '2.50'),
(3623, 27, 295, '26400'),
(3624, 26, 288, '24200'),
(3625, 26, 82, '13750'),
(3626, 11, 317, '25'),
(3627, 27, 288, '24200'),
(3628, 28, 295, '24'),
(3629, 28, 288, '22'),
(3630, 29, 295, '24'),
(3631, 17, 317, '25'),
(3632, 29, 288, '22'),
(3633, 30, 295, '2640'),
(3634, 11, 262, '23'),
(3635, 11, 133, '24'),
(3636, 27, 82, '13750'),
(3637, 30, 288, '24200'),
(3638, 17, 262, '23'),
(3639, 31, 295, '2.40'),
(3640, 17, 133, '24'),
(3641, 31, 288, '2.20'),
(3642, 18, 133, '24'),
(3643, 18, 317, '25'),
(3644, 28, 82, '22'),
(3645, 19, 133, '24'),
(3646, 21, 133, '26400'),
(3647, 19, 317, '25'),
(3648, 11, 50, '24'),
(3649, 23, 133, '1'),
(3650, 24, 133, '0'),
(3651, 18, 262, '23'),
(3652, 25, 133, '26400'),
(3653, 19, 262, '23'),
(3654, 17, 50, '24'),
(3655, 21, 262, '25300'),
(3656, 23, 262, '1'),
(3657, 18, 50, '24'),
(3658, 12, 262, '1'),
(3659, 19, 50, '24'),
(3660, 25, 262, '115'),
(3661, 26, 262, '25300'),
(3662, 21, 50, '26400'),
(3663, 27, 262, '25300'),
(3664, 28, 262, '23'),
(3665, 29, 262, '23'),
(3666, 23, 50, '1'),
(3667, 30, 262, '2530'),
(3668, 31, 262, '2.30'),
(3669, 11, 358, '25'),
(3670, 17, 358, '25'),
(3671, 18, 358, '25'),
(3672, 19, 358, '25'),
(3673, 21, 358, '27500'),
(3674, 23, 358, '1'),
(3675, 24, 358, '0'),
(3676, 25, 358, '27500'),
(3677, 21, 317, '27500'),
(3678, 23, 317, '1'),
(3679, 26, 133, '26400'),
(3680, 11, 272, '25'),
(3681, 24, 317, '1'),
(3682, 27, 133, '26400'),
(3683, 26, 358, '27500'),
(3684, 17, 272, '25'),
(3685, 25, 317, '27500'),
(3686, 11, 87, '21'),
(3687, 27, 358, '27500'),
(3688, 28, 133, '24'),
(3689, 26, 317, '27500'),
(3690, 28, 358, '25'),
(3691, 18, 272, '25'),
(3692, 17, 87, '21'),
(3693, 19, 272, '25'),
(3694, 29, 358, '25'),
(3695, 27, 317, '27500'),
(3696, 30, 358, '2750'),
(3697, 21, 272, '27500'),
(3698, 18, 87, '21'),
(3699, 31, 358, '2.50'),
(3700, 28, 317, '25'),
(3701, 23, 272, '1'),
(3702, 29, 317, '25'),
(3703, 19, 87, '21'),
(3704, 19, 64, '28'),
(3705, 30, 317, '2750'),
(3706, 21, 87, '23100'),
(3707, 21, 64, '17500'),
(3708, 31, 317, '2.50'),
(3709, 23, 64, '1'),
(3710, 23, 87, '1'),
(3711, 24, 64, '1'),
(3712, 24, 87, '1'),
(3713, 25, 64, '17500'),
(3714, 26, 64, '17500'),
(3715, 25, 87, '23100'),
(3716, 27, 64, '17500'),
(3717, 11, 359, '27'),
(3718, 17, 359, '27'),
(3719, 28, 64, '28'),
(3720, 18, 359, '27'),
(3721, 26, 87, '23100'),
(3722, 19, 359, '27'),
(3723, 21, 359, '29700'),
(3724, 27, 87, '23100'),
(3725, 23, 359, '1'),
(3726, 24, 359, '1'),
(3727, 29, 64, '28'),
(3728, 25, 359, '29700'),
(3729, 30, 64, '1750'),
(3730, 31, 64, '2.8'),
(3731, 26, 359, '29700'),
(3732, 29, 133, '24'),
(3733, 27, 359, '29700'),
(3734, 28, 87, '21'),
(3735, 24, 272, '1'),
(3736, 30, 133, '2640'),
(3737, 28, 359, '27'),
(3738, 29, 87, '21'),
(3739, 31, 133, '2.40'),
(3740, 29, 359, '27'),
(3741, 30, 359, '2970'),
(3742, 25, 272, '27500'),
(3743, 30, 87, '2310'),
(3744, 31, 359, '2.70'),
(3745, 31, 87, '2.10'),
(3746, 26, 272, '27500'),
(3747, 27, 272, '27500'),
(3748, 28, 272, '25'),
(3749, 11, 143, '28'),
(3750, 17, 143, '28'),
(3751, 29, 272, '25'),
(3752, 18, 143, '28'),
(3753, 30, 272, '2750'),
(3754, 19, 143, '28'),
(3755, 11, 263, '25'),
(3756, 21, 143, '30800'),
(3757, 31, 272, '2.50'),
(3758, 17, 263, '25'),
(3759, 23, 143, '1'),
(3760, 24, 143, '0'),
(3761, 18, 263, '25'),
(3762, 11, 65, '25'),
(3763, 17, 65, '25'),
(3764, 25, 143, '30800'),
(3765, 19, 263, '25'),
(3766, 11, 360, '26'),
(3767, 17, 360, '26'),
(3768, 26, 143, '30800'),
(3769, 18, 65, '25'),
(3770, 18, 360, '26'),
(3771, 11, 318, '24'),
(3772, 19, 360, '26'),
(3773, 27, 143, '30800'),
(3774, 21, 360, '28600'),
(3775, 19, 65, '25'),
(3776, 23, 360, '1'),
(3777, 11, 289, '25'),
(3778, 24, 360, '0'),
(3779, 28, 143, '28'),
(3780, 25, 360, '28600'),
(3781, 17, 318, '24'),
(3782, 17, 289, '25'),
(3783, 26, 360, '28600'),
(3784, 29, 143, '28'),
(3785, 21, 65, '15625'),
(3786, 27, 360, '28600'),
(3787, 18, 289, '25'),
(3788, 30, 143, '3080'),
(3789, 28, 360, '26'),
(3790, 18, 318, '24'),
(3791, 29, 360, '26'),
(3792, 31, 143, '2.8'),
(3793, 23, 65, '1'),
(3794, 30, 360, '2860'),
(3795, 19, 289, '25'),
(3796, 19, 318, '24'),
(3797, 31, 360, '2.60'),
(3798, 21, 289, '27500'),
(3799, 24, 65, '0'),
(3800, 21, 318, '26400'),
(3801, 11, 134, '26'),
(3802, 23, 289, '1'),
(3804, 17, 134, '26'),
(3805, 24, 289, '1'),
(3806, 23, 318, '1'),
(3807, 11, 296, '28'),
(3808, 25, 65, '15625'),
(3809, 18, 134, '26'),
(3810, 25, 289, '27500'),
(3811, 24, 318, '1'),
(3812, 17, 296, '28'),
(3813, 26, 65, '15625'),
(3814, 19, 134, '26'),
(3815, 26, 289, '27500'),
(3816, 25, 318, '26400'),
(3817, 18, 296, '28'),
(3818, 27, 65, '15625'),
(3819, 27, 289, '27500'),
(3820, 21, 134, '28600'),
(3821, 19, 296, '28'),
(3822, 26, 318, '26400'),
(3823, 28, 289, '25'),
(3824, 28, 65, '25'),
(3825, 23, 134, '1'),
(3826, 21, 296, '30800'),
(3827, 27, 318, '26400'),
(3828, 29, 289, '25'),
(3829, 11, 88, '27'),
(3830, 24, 134, '0'),
(3831, 28, 318, '24'),
(3832, 30, 289, '2750'),
(3833, 23, 296, '1'),
(3834, 25, 134, '28600'),
(3835, 17, 88, '27'),
(3836, 29, 318, '24'),
(3837, 31, 289, '2.50'),
(3838, 29, 65, '25'),
(3839, 11, 361, '24'),
(3840, 24, 296, '1'),
(3841, 26, 134, '28600'),
(3842, 30, 318, '2640'),
(3843, 17, 361, '24'),
(3844, 18, 88, '27'),
(3845, 18, 361, '24'),
(3846, 30, 65, '1562'),
(3847, 31, 318, '2.40'),
(3848, 19, 361, '24'),
(3849, 27, 134, '28600'),
(3850, 21, 361, '26400'),
(3851, 31, 65, '2.5'),
(3852, 23, 361, '1'),
(3853, 25, 296, '30800'),
(3854, 19, 88, '27'),
(3855, 24, 361, '0'),
(3856, 28, 134, '26'),
(3857, 25, 361, '26400'),
(3858, 11, 319, '28'),
(3859, 26, 296, '30800'),
(3860, 21, 88, '29700'),
(3861, 26, 361, '26400'),
(3862, 11, 66, '22'),
(3863, 29, 134, '26'),
(3864, 17, 319, '28'),
(3865, 23, 88, '1'),
(3866, 27, 361, '26400'),
(3867, 30, 134, '2860'),
(3868, 25, 88, '29700'),
(3869, 27, 296, '30800'),
(3870, 18, 319, '28'),
(3871, 28, 361, '24'),
(3872, 29, 361, '24'),
(3873, 28, 296, '28'),
(3874, 31, 134, '2.60'),
(3875, 19, 319, '28'),
(3876, 26, 88, '29700'),
(3877, 17, 66, '22'),
(3878, 30, 361, '2640'),
(3879, 31, 361, '2.40'),
(3880, 29, 296, '28'),
(3881, 24, 50, '0'),
(3882, 27, 88, '29700'),
(3884, 11, 273, '24'),
(3885, 11, 144, '25'),
(3886, 21, 319, '30800'),
(3887, 28, 88, '27'),
(3888, 30, 296, '3080'),
(3889, 17, 144, '25'),
(3890, 25, 50, '26400'),
(3891, 18, 144, '25'),
(3892, 31, 296, '2.80'),
(3893, 23, 319, '1'),
(3894, 19, 144, '25'),
(3895, 26, 50, '26400'),
(3896, 18, 66, '22'),
(3897, 17, 273, '24'),
(3898, 29, 88, '27'),
(3899, 11, 92, '27'),
(3900, 17, 92, '27'),
(3901, 18, 273, '24'),
(3902, 21, 144, '27500'),
(3903, 30, 88, '2970'),
(3904, 21, 263, '27500'),
(3905, 18, 92, '27'),
(3906, 24, 319, '0'),
(3907, 23, 144, '1'),
(3908, 19, 273, '24'),
(3909, 19, 92, '27'),
(3910, 23, 263, '1'),
(3911, 31, 88, '2.70'),
(3912, 27, 50, '26400'),
(3913, 21, 92, '29700'),
(3914, 21, 273, '26400'),
(3915, 23, 92, '1'),
(3916, 28, 50, '24'),
(3917, 23, 273, '1'),
(3918, 11, 362, '28'),
(3919, 24, 92, '1'),
(3920, 24, 263, '0'),
(3921, 17, 362, '28'),
(3922, 24, 144, '1'),
(3923, 19, 66, '22'),
(3924, 25, 92, '29700'),
(3925, 24, 273, '16'),
(3926, 26, 92, '29700'),
(3927, 25, 319, '30800'),
(3928, 25, 263, '27500'),
(3929, 18, 362, '28'),
(3930, 27, 92, '29700'),
(3931, 25, 273, '26400'),
(3932, 21, 66, '13750'),
(3933, 29, 50, '24'),
(3934, 19, 362, '28'),
(3935, 28, 92, '27'),
(3936, 26, 319, '30800'),
(3937, 25, 144, '27500'),
(3938, 26, 273, '26400'),
(3939, 26, 263, '27500'),
(3940, 29, 92, '27'),
(3941, 21, 362, '30800'),
(3942, 27, 319, '30800'),
(3943, 26, 144, '27500'),
(3944, 30, 92, '2970'),
(3945, 23, 66, '1'),
(3946, 23, 362, '1'),
(3947, 30, 50, '2640'),
(3948, 31, 92, '2.70'),
(3949, 27, 273, '26400'),
(3950, 27, 263, '27500'),
(3951, 24, 362, '1'),
(3952, 24, 66, '1'),
(3953, 31, 50, '2.4'),
(3954, 25, 362, '30800'),
(3955, 28, 319, '28'),
(3956, 28, 263, '25'),
(3957, 27, 144, '27500'),
(3958, 26, 362, '30800'),
(3959, 28, 273, '24'),
(3960, 27, 362, '30800'),
(3961, 28, 144, '25'),
(3962, 25, 66, '13750'),
(3963, 29, 319, '28'),
(3964, 28, 362, '28'),
(3965, 26, 66, '13750'),
(3966, 29, 362, '28'),
(3967, 29, 273, '24'),
(3968, 29, 144, '25'),
(3969, 30, 319, '3080'),
(3970, 29, 263, '25'),
(3971, 30, 362, '3080'),
(3972, 30, 273, '2640'),
(3973, 31, 362, '2.80'),
(3974, 27, 66, '13750'),
(3975, 30, 144, '2750'),
(3976, 31, 319, '2.80'),
(3977, 30, 263, '2750'),
(3978, 31, 144, '2.5'),
(3979, 31, 273, '2.40'),
(3980, 28, 66, '22'),
(3981, 29, 66, '22'),
(3983, 30, 66, '1375'),
(3984, 31, 263, '2.50'),
(3985, 31, 66, '2.2'),
(3987, 11, 93, '22'),
(3988, 17, 93, '22'),
(3989, 18, 93, '22'),
(3990, 11, 67, '24'),
(3992, 19, 93, '22'),
(3993, 17, 67, '24'),
(3994, 11, 135, '23'),
(3995, 21, 93, '24200'),
(3996, 18, 67, '24'),
(3997, 24, 93, '0'),
(3998, 11, 89, '29'),
(3999, 25, 93, '24200'),
(4000, 17, 135, '23'),
(4001, 26, 93, '24200'),
(4002, 17, 89, '29'),
(4003, 27, 93, '24200'),
(4004, 18, 135, '23'),
(4005, 11, 264, '22'),
(4006, 18, 89, '29'),
(4007, 28, 93, '22'),
(4008, 11, 297, '25'),
(4009, 19, 135, '23'),
(4010, 17, 297, '25'),
(4011, 19, 89, '29'),
(4012, 29, 93, '22'),
(4013, 30, 93, '2420'),
(4014, 21, 135, '25300'),
(4015, 18, 297, '25'),
(4016, 17, 264, '22'),
(4017, 31, 93, '2.20'),
(4018, 21, 89, '31900'),
(4019, 23, 135, '1'),
(4020, 19, 297, '25'),
(4021, 23, 89, '1'),
(4022, 24, 135, '0'),
(4023, 18, 264, '22'),
(4024, 19, 67, '24'),
(4025, 24, 89, '1'),
(4026, 25, 135, '25300'),
(4027, 21, 297, '27500'),
(4028, 21, 67, '15000'),
(4029, 25, 89, '31900'),
(4030, 23, 67, '1'),
(4031, 26, 135, '25300'),
(4032, 26, 89, '31900'),
(4033, 11, 51, '27'),
(4034, 24, 264, '1'),
(4035, 23, 297, '1'),
(4036, 24, 67, '1'),
(4037, 24, 297, '1'),
(4038, 27, 135, '25300'),
(4039, 27, 89, '31900'),
(4040, 17, 51, '27'),
(4041, 25, 297, '27500'),
(4042, 25, 67, '15000'),
(4043, 28, 89, '29'),
(4044, 28, 135, '23'),
(4045, 18, 51, '27'),
(4046, 25, 264, '24200'),
(4047, 26, 297, '27500'),
(4048, 29, 89, '29'),
(4049, 29, 135, '23'),
(4050, 26, 67, '15000'),
(4051, 27, 297, '27500'),
(4052, 11, 94, '22'),
(4053, 27, 67, '15000'),
(4054, 19, 51, '27'),
(4055, 30, 135, '2530'),
(4056, 28, 297, '25'),
(4057, 17, 94, '22'),
(4058, 21, 51, '29700'),
(4059, 28, 67, '24'),
(4060, 31, 89, '2.90'),
(4061, 18, 94, '22'),
(4062, 31, 135, '2.30'),
(4063, 29, 297, '25'),
(4064, 29, 67, '24'),
(4065, 19, 94, '22'),
(4066, 30, 297, '2750'),
(4067, 11, 363, '26'),
(4068, 30, 67, '1500'),
(4069, 21, 94, '24200'),
(4070, 17, 363, '26'),
(4071, 31, 67, '2.4'),
(4072, 31, 297, '2.50'),
(4073, 18, 363, '26'),
(4074, 23, 94, '1'),
(4075, 19, 363, '26'),
(4076, 21, 363, '28600'),
(4077, 24, 94, '1'),
(4078, 11, 68, '25'),
(4079, 23, 363, '1'),
(4080, 17, 68, '25'),
(4081, 24, 363, '0'),
(4082, 25, 94, '24200'),
(4083, 23, 51, '1'),
(4084, 25, 363, '28600'),
(4085, 11, 145, '22'),
(4086, 19, 264, '22'),
(4087, 26, 94, '24200'),
(4088, 30, 89, '3190'),
(4089, 26, 363, '28600'),
(4090, 17, 145, '22'),
(4091, 27, 363, '28600'),
(4092, 27, 94, '22'),
(4093, 18, 68, '25'),
(4094, 18, 145, '22'),
(4095, 24, 51, '1'),
(4096, 28, 94, '22'),
(4097, 19, 145, '22'),
(4098, 28, 363, '26'),
(4099, 19, 68, '25'),
(4100, 29, 94, '22'),
(4101, 21, 145, '24200'),
(4102, 29, 363, '26'),
(4103, 30, 94, '2420'),
(4104, 30, 363, '2860'),
(4105, 21, 68, '15625'),
(4106, 23, 145, '1'),
(4107, 31, 363, '2.60'),
(4108, 25, 51, '29700'),
(4109, 21, 264, '24200'),
(4110, 31, 94, '2.20'),
(4111, 24, 145, '0'),
(4112, 23, 68, '1'),
(4113, 25, 145, '24200'),
(4114, 23, 264, '1'),
(4115, 26, 51, '29700'),
(4116, 26, 145, '24200'),
(4117, 26, 264, '24200'),
(4118, 27, 145, '24200'),
(4119, 28, 145, '22'),
(4120, 27, 51, '29700'),
(4121, 24, 168, '1'),
(4122, 27, 264, '24200'),
(4123, 24, 68, '0'),
(4124, 29, 145, '22'),
(4125, 25, 68, '15625'),
(4126, 30, 145, '2420'),
(4127, 28, 51, '27'),
(4128, 28, 264, '22'),
(4129, 31, 145, '2.2'),
(4130, 29, 264, '22'),
(4131, 26, 68, '15625'),
(4132, 29, 51, '27'),
(4133, 30, 264, '2420'),
(4134, 11, 95, '24'),
(4135, 27, 68, '15625'),
(4136, 11, 298, '24'),
(4137, 31, 264, '2.20'),
(4138, 28, 68, '25'),
(4139, 17, 95, '24'),
(4140, 11, 364, '26'),
(4141, 17, 298, '24'),
(4142, 29, 68, '25'),
(4143, 30, 51, '2970'),
(4144, 17, 364, '26'),
(4145, 18, 95, '24'),
(4146, 30, 68, '1562'),
(4147, 18, 364, '26'),
(4148, 18, 298, '24'),
(4149, 19, 95, '24'),
(4150, 11, 136, '24'),
(4151, 19, 364, '26'),
(4152, 21, 95, '26400'),
(4153, 21, 364, '28600'),
(4154, 31, 68, '2.5'),
(4155, 23, 364, '1'),
(4156, 19, 298, '24'),
(4157, 23, 95, '1'),
(4158, 17, 136, '24'),
(4159, 24, 364, '1'),
(4160, 25, 364, '28600'),
(4161, 21, 298, '26400'),
(4162, 24, 95, '1'),
(4163, 26, 364, '28600'),
(4164, 11, 90, '27'),
(4165, 31, 51, '2.7'),
(4166, 25, 95, '26400'),
(4167, 26, 95, '26400'),
(4168, 27, 95, '26400'),
(4169, 28, 95, '24'),
(4170, 18, 136, '24'),
(4171, 17, 90, '27'),
(4172, 23, 298, '1'),
(4173, 29, 95, '24'),
(4174, 19, 136, '24'),
(4175, 30, 95, '2640'),
(4176, 21, 136, '26400'),
(4177, 24, 298, '0'),
(4178, 18, 90, '27'),
(4179, 23, 136, '1'),
(4180, 25, 298, '26400'),
(4181, 24, 136, '1'),
(4182, 19, 90, '27'),
(4183, 31, 95, '2.40'),
(4184, 25, 136, '26400'),
(4185, 26, 298, '26400'),
(4186, 21, 90, '29700'),
(4187, 27, 298, '26400'),
(4188, 26, 136, '26400'),
(4189, 27, 136, '26400'),
(4190, 28, 298, '24'),
(4191, 23, 90, '1'),
(4192, 29, 298, '24'),
(4193, 28, 136, '24'),
(4194, 25, 90, '29700'),
(4195, 29, 136, '24'),
(4196, 30, 298, '2640'),
(4197, 31, 298, '2.40'),
(4198, 26, 90, '29700'),
(4199, 30, 136, '48'),
(4200, 11, 274, '26'),
(4201, 27, 90, '29700'),
(4202, 31, 136, '2.40'),
(4203, 28, 90, '27'),
(4204, 17, 274, '26'),
(4205, 29, 90, '27'),
(4206, 17, 96, '25'),
(4207, 18, 96, '25'),
(4208, 18, 274, '26'),
(4209, 11, 69, '26'),
(4210, 21, 96, '27500'),
(4211, 30, 90, '2970'),
(4212, 23, 96, '1'),
(4213, 19, 274, '26'),
(4214, 24, 96, '1'),
(4215, 17, 69, '26'),
(4216, 25, 96, '27500'),
(4217, 18, 69, '26'),
(4218, 11, 299, '23'),
(4219, 21, 274, '28600'),
(4220, 31, 90, '2.70'),
(4221, 17, 299, '23'),
(4222, 26, 96, '27500'),
(4223, 23, 274, '1'),
(4224, 18, 299, '23'),
(4225, 27, 96, '27500'),
(4226, 11, 137, '26'),
(4227, 28, 96, '25'),
(4228, 19, 299, '23'),
(4229, 17, 137, '26'),
(4230, 24, 274, '1'),
(4232, 18, 137, '26'),
(4233, 11, 320, '23'),
(4234, 19, 137, '26'),
(4235, 21, 137, '28600'),
(4236, 23, 137, '1'),
(4237, 19, 69, '26'),
(4238, 24, 137, '1'),
(4239, 25, 137, '28600'),
(4240, 26, 137, '28600'),
(4241, 25, 274, '28600'),
(4242, 21, 69, '16250'),
(4243, 27, 137, '28600'),
(4244, 28, 137, '26'),
(4245, 26, 274, '28600'),
(4246, 29, 137, '26'),
(4247, 30, 137, '2860'),
(4248, 23, 69, '1'),
(4249, 31, 137, '2.60'),
(4250, 17, 320, '23'),
(4251, 11, 146, '28'),
(4252, 27, 274, '28600'),
(4253, 17, 146, '28'),
(4254, 27, 364, '28600'),
(4256, 28, 364, '26'),
(4257, 18, 320, '23'),
(4258, 29, 364, '26'),
(4259, 18, 146, '28'),
(4260, 28, 274, '26'),
(4261, 30, 364, '2860'),
(4262, 19, 146, '28'),
(4263, 24, 69, '1'),
(4264, 31, 364, '2.60'),
(4265, 29, 274, '26'),
(4266, 21, 299, '25300'),
(4267, 23, 299, '1'),
(4268, 21, 146, '30800'),
(4269, 30, 274, '2860'),
(4270, 24, 299, '1'),
(4271, 23, 146, '1'),
(4272, 25, 69, '16250'),
(4273, 24, 146, '0'),
(4274, 25, 299, '25300'),
(4275, 26, 69, '16250'),
(4276, 31, 274, '2.60'),
(4277, 25, 146, '30800'),
(4278, 26, 299, '25300'),
(4279, 26, 146, '30800'),
(4280, 27, 146, '30800'),
(4281, 27, 299, '25300'),
(4282, 11, 91, '26'),
(4283, 28, 146, '28'),
(4284, 28, 299, '23'),
(4285, 17, 91, '26'),
(4286, 11, 265, '26'),
(4287, 29, 146, '28'),
(4288, 18, 91, '26'),
(4289, 29, 299, '23'),
(4290, 30, 146, '3080'),
(4291, 17, 265, '26'),
(4292, 19, 91, '26'),
(4293, 30, 299, '2530'),
(4294, 31, 146, '2.8'),
(4296, 18, 265, '26'),
(4297, 31, 299, '2.3'),
(4298, 27, 69, '16250'),
(4299, 11, 365, '27'),
(4300, 19, 320, '23'),
(4301, 28, 69, '26'),
(4302, 17, 365, '27'),
(4303, 25, 91, '28600'),
(4304, 18, 365, '27'),
(4305, 19, 365, '27'),
(4306, 21, 365, '29700'),
(4307, 24, 91, '0'),
(4308, 29, 69, '26'),
(4309, 23, 365, '1'),
(4310, 19, 265, '26'),
(4311, 21, 320, '25300'),
(4312, 29, 91, '26'),
(4313, 24, 365, '0'),
(4314, 25, 365, '29700'),
(4315, 27, 91, '28600'),
(4316, 30, 69, '1625'),
(4317, 26, 365, '29700'),
(4318, 23, 320, '1'),
(4319, 27, 365, '29700'),
(4320, 28, 365, '27'),
(4321, 31, 69, '2.6'),
(4322, 9, 265, '28600'),
(4323, 29, 365, '27'),
(4324, 24, 320, '1'),
(4325, 30, 365, '2970'),
(4326, 28, 91, '26'),
(4327, 31, 365, '2.70'),
(4328, 25, 320, '25300'),
(4329, 11, 70, '26'),
(4330, 23, 265, '1'),
(4331, 30, 91, '2860'),
(4332, 31, 91, '2.60'),
(4333, 26, 320, '25300'),
(4334, 25, 265, '28600'),
(4335, 27, 320, '25300'),
(4336, 17, 70, '26'),
(4337, 18, 70, '26'),
(4338, 23, 91, '1'),
(4339, 11, 366, '28'),
(4340, 19, 70, '26'),
(4341, 11, 147, '21'),
(4342, 17, 147, '21'),
(4343, 18, 147, '21'),
(4344, 28, 320, '23'),
(4345, 17, 52, '27'),
(4346, 19, 147, '21'),
(4347, 29, 320, '23'),
(4348, 21, 147, '23100'),
(4349, 23, 147, '1'),
(4350, 17, 366, '28'),
(4351, 24, 147, '0'),
(4352, 25, 147, '23100'),
(4353, 30, 320, '2530'),
(4354, 26, 147, '23100'),
(4355, 18, 366, '28'),
(4356, 27, 147, '23100'),
(4357, 28, 147, '21'),
(4358, 29, 147, '21'),
(4359, 31, 320, '2.30'),
(4360, 27, 265, '28600'),
(4361, 30, 147, '2310'),
(4362, 19, 366, '28'),
(4363, 28, 265, '26'),
(4364, 31, 147, '2.1'),
(4365, 18, 52, '27'),
(4366, 21, 366, '30800'),
(4367, 23, 366, '1'),
(4368, 24, 366, '1'),
(4369, 25, 366, '30800'),
(4370, 26, 366, '30800'),
(4371, 27, 366, '30800'),
(4372, 28, 366, '28'),
(4373, 29, 265, '26'),
(4374, 29, 366, '28'),
(4375, 30, 366, '3080'),
(4376, 11, 275, '23'),
(4377, 31, 366, '2.80'),
(4378, 19, 52, '27'),
(4379, 17, 275, '23'),
(4380, 21, 52, '29700'),
(4381, 31, 265, '2.60'),
(4382, 11, 367, '28'),
(4383, 23, 52, '1'),
(4384, 17, 367, '28'),
(4385, 18, 367, '28'),
(4386, 24, 265, '1'),
(4387, 11, 300, '28'),
(4388, 19, 367, '28'),
(4389, 21, 367, '30800'),
(4390, 23, 367, '1'),
(4391, 24, 367, '0'),
(4392, 25, 367, '30800'),
(4393, 26, 265, '28600'),
(4394, 26, 367, '30800'),
(4395, 17, 300, '28'),
(4396, 18, 275, '23'),
(4397, 27, 367, '30800'),
(4398, 18, 300, '28'),
(4399, 28, 367, '28'),
(4400, 19, 275, '23'),
(4401, 29, 367, '28'),
(4402, 30, 265, '2860'),
(4403, 30, 367, '3080'),
(4404, 19, 300, '28'),
(4405, 31, 367, '2.80'),
(4406, 21, 275, '25300'),
(4407, 21, 70, '16250'),
(4408, 23, 70, '1'),
(4409, 21, 300, '30800'),
(4410, 11, 276, '23'),
(4411, 11, 138, '22'),
(4412, 23, 300, '1'),
(4413, 17, 138, '22'),
(4414, 24, 52, '0'),
(4415, 24, 300, '0'),
(4416, 17, 276, '23'),
(4417, 18, 138, '22'),
(4418, 19, 138, '22'),
(4419, 18, 276, '23'),
(4420, 21, 138, '24200'),
(4421, 11, 301, '22'),
(4422, 23, 138, '1'),
(4423, 25, 52, '29700'),
(4425, 24, 138, '1'),
(4426, 24, 70, '0'),
(4427, 19, 276, '23'),
(4428, 25, 138, '24200'),
(4429, 25, 70, '16250'),
(4430, 26, 138, '24200'),
(4431, 17, 301, '22'),
(4432, 27, 138, '24200'),
(4433, 11, 368, '26'),
(4435, 21, 276, '25300'),
(4436, 28, 138, '22'),
(4437, 15, 52, '29700'),
(4438, 26, 70, '16250'),
(4439, 29, 138, '22'),
(4441, 30, 138, '2420'),
(4442, 23, 275, '1'),
(4443, 23, 276, '1'),
(4444, 31, 138, '2.20'),
(4445, 27, 70, '16250'),
(4447, 17, 368, '26'),
(4448, 27, 52, '29700'),
(4450, 24, 275, '0'),
(4451, 25, 276, '23500'),
(4453, 28, 52, '27'),
(4454, 26, 276, '25300'),
(4455, 25, 275, '25300'),
(4456, 18, 368, '26'),
(4457, 29, 52, '27'),
(4458, 26, 275, '25300'),
(4459, 28, 70, '26'),
(4460, 19, 368, '26'),
(4461, 27, 276, '25300'),
(4462, 11, 148, '21'),
(4463, 21, 368, '28600'),
(4464, 18, 301, '22'),
(4465, 30, 52, '2970'),
(4467, 23, 368, '1'),
(4468, 17, 148, '21'),
(4469, 24, 368, '1'),
(4470, 28, 276, '23'),
(4471, 25, 368, '28600'),
(4472, 11, 172, '27'),
(4473, 18, 148, '21'),
(4474, 26, 368, '28600'),
(4475, 27, 368, '28600'),
(4476, 31, 52, '2.70'),
(4477, 11, 173, '28'),
(4478, 28, 368, '26'),
(4479, 11, 174, '27'),
(4480, 11, 53, '26'),
(4481, 29, 276, '23'),
(4482, 17, 53, '26'),
(4483, 18, 53, '26'),
(4484, 27, 275, '25300'),
(4485, 30, 276, '2530'),
(4486, 19, 53, '26'),
(4487, 29, 70, '26'),
(4488, 31, 276, '2.30'),
(4489, 28, 275, '23'),
(4490, 25, 300, '30800'),
(4491, 11, 420, '24'),
(4492, 21, 53, '28600'),
(4493, 17, 420, '24'),
(4494, 26, 300, '30800'),
(4495, 18, 420, '24'),
(4496, 19, 420, '24'),
(4497, 30, 70, '1625'),
(4498, 29, 275, '23'),
(4499, 27, 300, '30800'),
(4500, 21, 420, '26400'),
(4501, 23, 53, '1'),
(4502, 23, 420, '1'),
(4503, 28, 300, '28'),
(4504, 30, 275, '2530'),
(4505, 29, 300, '28'),
(4506, 24, 420, '0'),
(4507, 25, 420, '26400'),
(4508, 26, 420, '26400'),
(4509, 27, 420, '26400'),
(4510, 28, 420, '24'),
(4511, 31, 275, '2.30'),
(4512, 29, 420, '24'),
(4513, 30, 420, '2640'),
(4514, 31, 420, '2.40'),
(4515, 31, 70, '2.6'),
(4516, 11, 321, '27'),
(4517, 30, 300, '3080'),
(4518, 17, 321, '27'),
(4519, 11, 71, '23'),
(4520, 18, 321, '27'),
(4521, 31, 300, '2.8'),
(4522, 21, 301, '24200'),
(4523, 19, 321, '27'),
(4524, 19, 148, '21'),
(4525, 21, 148, '23100'),
(4526, 29, 368, '26'),
(4527, 11, 421, '27'),
(4528, 21, 321, '29700'),
(4529, 30, 368, '2860'),
(4530, 17, 421, '27'),
(4531, 23, 148, '1'),
(4532, 31, 368, '2.60'),
(4533, 18, 421, '27'),
(4534, 17, 71, '23'),
(4535, 23, 321, '1'),
(4536, 19, 301, '22'),
(4537, 24, 148, '0'),
(4538, 19, 421, '27'),
(4539, 21, 421, '29700'),
(4540, 25, 148, '23100'),
(4541, 23, 421, '1'),
(4542, 24, 321, '0'),
(4543, 23, 301, '1'),
(4544, 24, 421, '0'),
(4545, 26, 148, '23100'),
(4546, 25, 421, '29700'),
(4547, 27, 148, '23100'),
(4548, 25, 321, '29700'),
(4549, 18, 71, '23'),
(4550, 26, 421, '29700'),
(4551, 28, 148, '21'),
(4552, 26, 321, '29700'),
(4553, 27, 421, '29700'),
(4554, 29, 148, '21'),
(4555, 27, 321, '29700'),
(4556, 28, 421, '27'),
(4557, 19, 71, '23'),
(4558, 29, 421, '27'),
(4559, 30, 148, '2310'),
(4560, 21, 71, '14375'),
(4561, 28, 321, '27'),
(4562, 30, 421, '2970'),
(4563, 31, 148, '2.1'),
(4564, 11, 277, '26'),
(4565, 29, 321, '27'),
(4566, 31, 421, '2.70'),
(4567, 23, 71, '1'),
(4568, 17, 277, '26'),
(4569, 30, 321, '2970'),
(4570, 25, 301, '24200'),
(4571, 11, 175, '23'),
(4572, 18, 277, '26'),
(4573, 24, 71, '0'),
(4574, 31, 321, '2.70'),
(4575, 17, 172, '27'),
(4576, 18, 172, '27'),
(4577, 19, 172, '27'),
(4578, 21, 172, '29700'),
(4579, 19, 277, '26'),
(4580, 23, 172, '1'),
(4581, 24, 172, '0'),
(4582, 21, 277, '28600'),
(4583, 24, 53, '1'),
(4584, 25, 172, '29700'),
(4585, 11, 422, '24'),
(4586, 23, 277, '1'),
(4587, 26, 172, '29700'),
(4588, 17, 422, '24'),
(4589, 27, 172, '29700'),
(4590, 18, 422, '24'),
(4591, 25, 53, '28600'),
(4592, 24, 277, '0'),
(4593, 28, 172, '27'),
(4594, 19, 422, '24'),
(4595, 21, 422, '26400'),
(4596, 29, 172, '27'),
(4597, 25, 277, '28600'),
(4598, 23, 422, '1'),
(4599, 26, 53, '28600'),
(4600, 30, 172, '2970'),
(4601, 26, 277, '28600'),
(4602, 31, 172, '2.7'),
(4603, 24, 422, '1'),
(4604, 27, 277, '28600'),
(4605, 25, 422, '26400'),
(4606, 17, 173, '28'),
(4607, 25, 71, '14375'),
(4608, 28, 277, '26'),
(4609, 18, 173, '28'),
(4610, 26, 71, '14375'),
(4611, 19, 173, '28'),
(4612, 29, 277, '26'),
(4613, 26, 422, '26400'),
(4614, 21, 173, '30800'),
(4615, 30, 277, '2860'),
(4616, 27, 53, '28600'),
(4617, 11, 324, '25'),
(4618, 23, 173, '1'),
(4619, 27, 422, '26400'),
(4620, 31, 277, '2.60'),
(4621, 11, 327, '25'),
(4622, 24, 173, '1'),
(4623, 25, 173, '30800'),
(4624, 28, 422, '24'),
(4625, 28, 53, '26'),
(4626, 17, 324, '25'),
(4627, 17, 327, '25'),
(4628, 26, 173, '30800'),
(4629, 29, 422, '24'),
(4630, 27, 173, '30800'),
(4631, 30, 422, '2640'),
(4632, 28, 173, '28'),
(4633, 18, 327, '25'),
(4634, 18, 324, '25'),
(4635, 27, 71, '14375'),
(4636, 29, 53, '26'),
(4637, 31, 422, '2.40'),
(4638, 29, 173, '28'),
(4639, 30, 173, '3080'),
(4640, 19, 327, '25'),
(4641, 30, 53, '2860'),
(4642, 19, 324, '25'),
(4643, 31, 173, '2.8'),
(4644, 21, 327, '27500'),
(4645, 17, 174, '27'),
(4646, 31, 53, '2.6'),
(4647, 21, 324, '27500'),
(4648, 18, 174, '27'),
(4649, 28, 71, '23'),
(4650, 23, 327, '1'),
(4651, 19, 174, '27'),
(4652, 21, 174, '29700'),
(4653, 23, 324, '1'),
(4654, 11, 54, '24'),
(4655, 23, 174, '1'),
(4656, 24, 327, '1'),
(4657, 29, 71, '23'),
(4658, 24, 174, '0'),
(4659, 24, 324, '0'),
(4660, 25, 174, '29700'),
(4661, 17, 54, '24'),
(4662, 25, 327, '27500'),
(4663, 26, 174, '29700'),
(4664, 30, 71, '14375'),
(4665, 27, 174, '29700'),
(4666, 26, 327, '27500'),
(4667, 28, 174, '27'),
(4668, 11, 322, '27'),
(4669, 29, 174, '27'),
(4670, 18, 54, '24'),
(4671, 31, 71, '2.3'),
(4672, 30, 174, '2970'),
(4673, 27, 327, '25'),
(4674, 11, 325, '21'),
(4675, 31, 174, '2.7'),
(4676, 17, 322, '27'),
(4677, 17, 325, '21'),
(4678, 25, 324, '27500'),
(4679, 28, 327, '25'),
(4680, 18, 325, '21'),
(4681, 17, 175, '23'),
(4682, 19, 325, '21'),
(4683, 18, 175, '23'),
(4684, 19, 54, '24'),
(4685, 18, 322, '27'),
(4686, 26, 324, '27500'),
(4687, 19, 175, '23'),
(4688, 21, 175, '25300'),
(4689, 21, 325, '23100'),
(4690, 23, 175, '1'),
(4691, 27, 324, '27500'),
(4692, 29, 327, '25'),
(4693, 19, 322, '27'),
(4694, 23, 325, '1'),
(4695, 24, 175, '0'),
(4696, 21, 54, '26400'),
(4697, 24, 325, '1'),
(4698, 25, 175, '25300'),
(4699, 25, 325, '23100'),
(4700, 21, 322, '29700'),
(4701, 30, 327, '2750'),
(4702, 26, 175, '25300');
INSERT INTO `spklapangan` (`id_spklapangan`, `id_kegiatan`, `id_petak`, `nilai_spklapangan`) VALUES
(4703, 28, 324, '25'),
(4704, 26, 325, '23100'),
(4705, 11, 72, '25'),
(4706, 27, 175, '25300'),
(4707, 27, 325, '23100'),
(4708, 17, 72, '25'),
(4709, 23, 54, '1'),
(4710, 31, 327, '2.50'),
(4711, 28, 175, '23'),
(4712, 23, 322, '1'),
(4713, 28, 325, '21'),
(4714, 29, 324, '25'),
(4715, 29, 175, '23'),
(4716, 29, 325, '21'),
(4717, 30, 175, '2530'),
(4718, 24, 54, '1'),
(4719, 30, 325, '2310'),
(4720, 24, 322, '1'),
(4721, 31, 175, '2.3'),
(4722, 31, 325, '2.10'),
(4723, 30, 324, '2750'),
(4724, 11, 176, '26'),
(4725, 25, 322, '29700'),
(4726, 25, 54, '26400'),
(4727, 17, 176, '26'),
(4728, 18, 72, '25'),
(4729, 18, 176, '26'),
(4730, 31, 324, '2.50'),
(4731, 26, 322, '29700'),
(4732, 26, 54, '26400'),
(4733, 19, 176, '26'),
(4734, 21, 176, '28600'),
(4735, 27, 322, '29700'),
(4736, 23, 176, '1'),
(4737, 24, 176, '1'),
(4738, 28, 322, '27'),
(4739, 27, 54, '26400'),
(4740, 25, 176, '28600'),
(4741, 19, 72, '25'),
(4742, 26, 176, '28600'),
(4743, 29, 322, '27'),
(4744, 27, 176, '28600'),
(4745, 28, 176, '26'),
(4746, 28, 54, '24'),
(4747, 30, 322, '2970'),
(4748, 29, 176, '26'),
(4749, 30, 176, '2860'),
(4750, 21, 72, '15625'),
(4751, 31, 176, '2.6'),
(4752, 31, 322, '2.70'),
(4753, 11, 326, '24'),
(4754, 29, 54, '24'),
(4755, 17, 326, '24'),
(4756, 11, 177, '22'),
(4757, 17, 177, '22'),
(4758, 18, 177, '22'),
(4759, 11, 323, '28'),
(4760, 23, 72, '1'),
(4761, 19, 177, '22'),
(4762, 18, 326, '24'),
(4763, 11, 302, '21'),
(4764, 30, 54, '2640'),
(4765, 21, 177, '24200'),
(4766, 19, 326, '24'),
(4767, 23, 177, '1'),
(4768, 17, 302, '21'),
(4769, 17, 323, '28'),
(4770, 31, 54, '2.4'),
(4771, 21, 326, '26400'),
(4772, 24, 177, '1'),
(4773, 18, 302, '21'),
(4774, 25, 177, '24200'),
(4775, 23, 326, '1'),
(4776, 26, 177, '24200'),
(4777, 24, 326, '0'),
(4778, 18, 323, '28'),
(4779, 19, 302, '21'),
(4780, 27, 177, '24200'),
(4781, 24, 72, '1'),
(4782, 25, 326, '26400'),
(4783, 28, 177, '22'),
(4784, 26, 326, '26400'),
(4785, 19, 323, '28'),
(4786, 21, 302, '23100'),
(4787, 27, 326, '26400'),
(4788, 29, 177, '22'),
(4789, 28, 326, '24'),
(4790, 23, 302, '1'),
(4791, 29, 326, '24'),
(4792, 30, 177, '2420'),
(4793, 21, 323, '30800'),
(4794, 30, 326, '2640'),
(4795, 31, 177, '2.2'),
(4796, 25, 72, '15625'),
(4797, 24, 302, '1'),
(4798, 31, 326, '2.40'),
(4799, 11, 178, '22'),
(4800, 25, 302, '23100'),
(4801, 11, 55, '23'),
(4802, 17, 178, '22'),
(4803, 18, 178, '22'),
(4804, 23, 323, '1'),
(4805, 26, 302, '23100'),
(4806, 19, 178, '22'),
(4807, 27, 302, '23100'),
(4808, 21, 178, '24200'),
(4809, 26, 72, '15625'),
(4810, 24, 323, '0'),
(4811, 23, 178, '1'),
(4812, 28, 302, '21'),
(4813, 24, 178, '0'),
(4814, 25, 178, '24200'),
(4815, 29, 302, '21'),
(4816, 25, 323, '30800'),
(4817, 26, 178, '24200'),
(4818, 17, 55, '23'),
(4819, 30, 302, '2310'),
(4820, 27, 178, '24200'),
(4821, 26, 323, '30800'),
(4822, 28, 178, '22'),
(4823, 31, 302, '2.10'),
(4824, 18, 55, '23'),
(4825, 29, 178, '22'),
(4826, 30, 178, '2420'),
(4827, 31, 178, '2.2'),
(4828, 19, 55, '23'),
(4829, 27, 323, '30800'),
(4830, 21, 55, '25300'),
(4831, 27, 72, '15625'),
(4832, 28, 323, '28'),
(4833, 29, 323, '28'),
(4834, 28, 72, '25'),
(4835, 30, 323, '3080'),
(4836, 31, 323, '2.80'),
(4837, 23, 55, '1'),
(4838, 29, 72, '25'),
(4839, 24, 55, '0'),
(4840, 25, 55, '25300'),
(4841, 30, 72, '15625'),
(4842, 26, 55, '25300'),
(4843, 31, 72, '2.5'),
(4844, 27, 55, '25300'),
(4845, 28, 55, '23'),
(4846, 29, 55, '23'),
(4847, 11, 73, '24'),
(4848, 30, 55, '2530'),
(4849, 31, 55, '2.30'),
(4850, 17, 73, '24'),
(4851, 18, 73, '24'),
(4852, 11, 56, '22'),
(4853, 17, 56, '22'),
(4854, 18, 56, '22'),
(4855, 19, 56, '22'),
(4856, 11, 57, '24'),
(4857, 21, 56, '24200'),
(4858, 11, 303, '27'),
(4859, 17, 57, '24'),
(4860, 18, 57, '24'),
(4861, 23, 93, '1'),
(4862, 23, 56, '1'),
(4863, 19, 57, '24'),
(4864, 17, 303, '27'),
(4865, 21, 57, '26400'),
(4866, 24, 56, '0'),
(4867, 18, 303, '27'),
(4868, 23, 57, '1'),
(4869, 25, 56, '24200'),
(4870, 24, 57, '0'),
(4871, 26, 56, '24200'),
(4872, 25, 57, '26400'),
(4873, 19, 303, '27'),
(4874, 19, 73, '24'),
(4875, 26, 57, '26400'),
(4876, 27, 56, '24200'),
(4877, 21, 73, '15000'),
(4878, 27, 57, '26400'),
(4879, 11, 96, '25'),
(4880, 28, 56, '22'),
(4881, 28, 57, '24'),
(4882, 11, 305, '27'),
(4883, 29, 56, '22'),
(4884, 11, 304, '29'),
(4885, 29, 57, '24'),
(4886, 17, 304, '29'),
(4887, 30, 56, '24200'),
(4888, 23, 73, '1'),
(4889, 17, 305, '27'),
(4890, 30, 57, '2640'),
(4891, 21, 303, '29700'),
(4892, 18, 304, '29'),
(4893, 31, 57, '2.4'),
(4894, 19, 96, '25'),
(4895, 18, 305, '27'),
(4896, 19, 304, '29'),
(4897, 24, 73, '1'),
(4898, 31, 56, '2.2'),
(4899, 23, 303, '1'),
(4900, 19, 305, '27'),
(4901, 21, 304, '31900'),
(4902, 23, 304, '1'),
(4903, 25, 73, '15000'),
(4904, 21, 305, '29700'),
(4905, 24, 303, '0'),
(4906, 29, 96, '25'),
(4907, 25, 304, '31900'),
(4908, 23, 305, '1'),
(4909, 25, 303, '29700'),
(4910, 30, 96, '2750'),
(4911, 26, 304, '31900'),
(4912, 11, 306, '27'),
(4913, 24, 305, '1'),
(4914, 26, 73, '15000'),
(4915, 27, 304, '31900'),
(4916, 31, 96, '2.50'),
(4917, 26, 303, '29700'),
(4918, 25, 305, '29700'),
(4919, 11, 58, '28'),
(4920, 28, 304, '29'),
(4921, 17, 306, '27'),
(4922, 17, 58, '28'),
(4923, 27, 303, '29700'),
(4924, 26, 305, '29700'),
(4925, 29, 304, '29'),
(4926, 18, 306, '27'),
(4927, 18, 58, '28'),
(4928, 27, 73, '15000'),
(4929, 28, 303, '27'),
(4930, 27, 305, '29700'),
(4931, 30, 304, '3190'),
(4932, 11, 308, '24'),
(4933, 19, 58, '28'),
(4934, 19, 306, '27'),
(4935, 31, 304, '2.90'),
(4936, 29, 303, '27'),
(4937, 28, 305, '27'),
(4938, 21, 58, '30800'),
(4939, 17, 308, '24'),
(4940, 21, 306, '29700'),
(4941, 23, 58, '1'),
(4942, 29, 305, '27'),
(4943, 30, 303, '2970'),
(4944, 18, 308, '24'),
(4945, 23, 306, '1'),
(4946, 30, 305, '2970'),
(4947, 24, 58, '1'),
(4948, 28, 73, '24'),
(4949, 19, 308, '24'),
(4950, 24, 306, '1'),
(4951, 31, 303, '2.70'),
(4952, 31, 305, '2.70'),
(4953, 25, 58, '30800'),
(4954, 21, 308, '26400'),
(4955, 25, 306, '29700'),
(4956, 26, 58, '30800'),
(4957, 29, 73, '24'),
(4958, 23, 308, '1'),
(4959, 26, 306, '29700'),
(4960, 27, 58, '30800'),
(4961, 24, 23, '0'),
(4962, 27, 306, '29700'),
(4963, 28, 306, '27'),
(4964, 24, 307, '0'),
(4965, 28, 58, '28'),
(4966, 29, 306, '27'),
(4967, 30, 306, '2970'),
(4968, 29, 58, '28'),
(4969, 30, 73, '1500'),
(4970, 31, 306, '2.70'),
(4971, 25, 308, '26400'),
(4972, 30, 58, '3080'),
(4973, 24, 39, '0'),
(4974, 31, 58, '2.8'),
(4975, 26, 308, '26400'),
(4976, 31, 73, '2.4'),
(4977, 24, 43, '0'),
(4978, 11, 307, '26'),
(4979, 27, 308, '26400'),
(4980, 28, 308, '24'),
(4981, 17, 307, '26'),
(4982, 18, 307, '26'),
(4983, 19, 307, '26'),
(4984, 29, 308, '24'),
(4985, 21, 307, '28600'),
(4986, 29, 82, '22'),
(4987, 23, 307, '1'),
(4988, 30, 308, '2640'),
(4989, 11, 309, '22'),
(4990, 30, 82, '1375'),
(4991, 25, 307, '130'),
(4992, 17, 309, '22'),
(4993, 26, 307, '28600'),
(4994, 31, 308, '2.40'),
(4995, 31, 82, '2.20'),
(4996, 18, 309, '22'),
(4997, 27, 307, '28600'),
(4998, 28, 307, '26'),
(4999, 19, 309, '22'),
(5000, 29, 307, '26'),
(5001, 30, 307, '2860'),
(5002, 21, 309, '24200'),
(5003, 31, 307, '2.60'),
(5004, 24, 308, '1'),
(5005, 23, 309, '1'),
(5006, 26, 91, '28600'),
(5007, 25, 309, '24200'),
(5008, 26, 309, '24200'),
(5009, 11, 310, '24'),
(5010, 11, 311, '26'),
(5011, 17, 310, '24'),
(5012, 18, 310, '24'),
(5013, 17, 311, '26'),
(5014, 21, 310, '26400'),
(5015, 18, 311, '26'),
(5016, 23, 310, '1'),
(5017, 24, 310, '1'),
(5018, 19, 311, '26'),
(5019, 25, 310, '26400'),
(5020, 21, 311, '28600'),
(5021, 26, 310, '26400'),
(5022, 27, 310, '26400'),
(5023, 23, 311, '1'),
(5024, 28, 310, '24'),
(5025, 29, 310, '24'),
(5026, 24, 311, '00'),
(5027, 30, 310, '2640'),
(5028, 31, 310, '2.40'),
(5029, 25, 311, '28600'),
(5030, 26, 311, '28600'),
(5031, 27, 311, '28600'),
(5032, 28, 311, '26'),
(5033, 29, 311, '26'),
(5034, 30, 311, '2860'),
(5035, 31, 311, '2.60'),
(5036, 11, 74, '26'),
(5037, 17, 74, '26'),
(5038, 18, 74, '26'),
(5039, 19, 74, '26'),
(5040, 21, 74, '16250'),
(5041, 23, 74, '1'),
(5042, 24, 74, '0'),
(5043, 25, 74, '16250'),
(5044, 26, 74, '16250'),
(5045, 27, 74, '16250'),
(5046, 11, 76, '28'),
(5047, 11, 77, '28'),
(5048, 28, 74, '26'),
(5049, 17, 76, '28'),
(5050, 17, 77, '28'),
(5051, 18, 76, '28'),
(5052, 19, 76, '28'),
(5053, 18, 77, '28'),
(5054, 21, 76, '17500'),
(5055, 19, 77, '28'),
(5056, 23, 76, '1'),
(5057, 29, 74, '26'),
(5058, 21, 77, '17500'),
(5059, 24, 76, '00'),
(5060, 23, 77, '1'),
(5061, 30, 74, '1625'),
(5062, 24, 77, '1'),
(5063, 25, 76, '17500'),
(5064, 25, 77, '17500'),
(5065, 26, 76, '17500'),
(5066, 31, 74, '2.6'),
(5067, 26, 77, '17500'),
(5068, 27, 76, '17500'),
(5069, 27, 77, '17500'),
(5070, 28, 76, '28'),
(5071, 28, 77, '28'),
(5072, 29, 76, '28'),
(5073, 29, 77, '28'),
(5074, 30, 76, '1750'),
(5075, 30, 77, '1750'),
(5076, 31, 77, '2.80'),
(5077, 31, 76, '2.8'),
(5078, 11, 75, '21'),
(5079, 17, 75, '21'),
(5080, 18, 75, '21'),
(5081, 19, 75, '21'),
(5082, 21, 75, '13125'),
(5083, 23, 75, '1'),
(5084, 24, 75, '1'),
(5085, 25, 75, '13125'),
(5086, 26, 75, '13125'),
(5087, 11, 78, '25'),
(5088, 17, 78, '25'),
(5089, 27, 75, '13125'),
(5090, 18, 78, '25'),
(5091, 28, 75, '21'),
(5092, 19, 78, '25'),
(5093, 29, 75, '21'),
(5094, 21, 78, '15625'),
(5095, 23, 78, '1'),
(5096, 24, 78, '0'),
(5097, 30, 75, '13125'),
(5098, 25, 78, '15625'),
(5099, 31, 75, '2.1'),
(5100, 26, 78, '15625'),
(5101, 27, 78, '15625'),
(5102, 28, 78, '25'),
(5103, 29, 78, '25'),
(5104, 30, 78, '1563'),
(5105, 31, 78, '2.50'),
(5106, 27, 309, '24200'),
(5107, 28, 309, '22'),
(5108, 29, 309, '22'),
(5109, 30, 309, '2420'),
(5110, 31, 309, '2.20'),
(5111, 11, 84, '21'),
(5112, 11, 83, '26'),
(5113, 17, 84, '21'),
(5114, 11, 86, '20'),
(5115, 11, 85, '24'),
(5116, 17, 83, '26'),
(5117, 17, 86, '20'),
(5118, 18, 84, '21'),
(5119, 18, 83, '26'),
(5120, 18, 86, '20'),
(5121, 19, 86, '20'),
(5122, 19, 83, '26'),
(5123, 21, 86, '12500'),
(5124, 19, 84, '21'),
(5125, 23, 83, '1'),
(5126, 23, 86, '1'),
(5127, 17, 85, '24'),
(5128, 25, 86, '12500'),
(5129, 21, 84, '13125'),
(5130, 24, 83, '00'),
(5131, 26, 86, '12500'),
(5132, 25, 83, '16250'),
(5133, 27, 86, '12500'),
(5134, 28, 86, '20'),
(5135, 26, 83, '16250'),
(5136, 18, 85, '24'),
(5137, 23, 84, '1'),
(5138, 29, 86, '20'),
(5139, 27, 83, '16250'),
(5140, 19, 85, '24'),
(5141, 28, 83, '26'),
(5142, 30, 86, '1250'),
(5143, 29, 83, '26'),
(5144, 24, 84, '1'),
(5145, 31, 86, '2'),
(5146, 30, 83, '1625'),
(5147, 23, 229, '1'),
(5148, 24, 229, '0'),
(5150, 30, 106, '2420'),
(5151, 29, 230, '28'),
(5152, 29, 407, '27'),
(5153, 30, 407, '2970'),
(5154, 31, 407, '2.7'),
(5155, 24, 231, '0'),
(5156, 29, 102, '24'),
(5157, 23, 128, '1'),
(5158, 24, 239, '0'),
(5159, 23, 25, '1'),
(5160, 24, 240, '0'),
(5161, 26, 301, '24200'),
(5162, 27, 301, '24200'),
(5163, 28, 301, '22'),
(5164, 29, 301, '22'),
(5165, 30, 301, '2420'),
(5166, 31, 301, '2.2'),
(5167, 24, 242, '0'),
(5168, 24, 250, '0'),
(5169, 19, 310, '24'),
(5170, 24, 217, '0'),
(5171, 24, 218, '0'),
(5172, 24, 220, '0'),
(5173, 24, 221, '0'),
(5174, 24, 222, '0'),
(5175, 11, 152, '23'),
(5176, 17, 152, '23'),
(5177, 18, 152, '23'),
(5178, 19, 152, '23'),
(5179, 21, 152, '25300'),
(5180, 23, 152, '1'),
(5181, 24, 152, '0'),
(5182, 26, 152, '25300'),
(5183, 25, 152, '25300'),
(5184, 27, 152, '25300'),
(5185, 28, 152, '23'),
(5186, 29, 152, '23'),
(5187, 30, 152, '2530'),
(5188, 24, 276, '0'),
(5189, 31, 152, '2.30'),
(5190, 11, 153, '24'),
(5191, 17, 153, '24'),
(5192, 18, 153, '24'),
(5193, 19, 153, '24'),
(5194, 21, 153, '26400'),
(5195, 23, 153, '1'),
(5196, 24, 153, '0'),
(5197, 25, 153, '26400'),
(5198, 26, 153, '26400'),
(5199, 24, 45, '0'),
(5200, 27, 153, '26400'),
(5201, 28, 153, '24'),
(5202, 29, 153, '24'),
(5203, 30, 153, '2640'),
(5204, 31, 153, '2.40'),
(5205, 11, 154, '23'),
(5206, 17, 154, '23'),
(5207, 18, 154, '23'),
(5208, 19, 154, '23'),
(5209, 21, 154, '25300'),
(5210, 23, 154, '1'),
(5211, 24, 154, '1'),
(5212, 25, 154, '25300'),
(5213, 26, 154, '25300'),
(5214, 27, 154, '25300'),
(5215, 28, 154, '23'),
(5216, 29, 154, '23'),
(5217, 30, 154, '2530'),
(5218, 31, 154, '2.30'),
(5219, 11, 155, '23'),
(5220, 18, 155, '23'),
(5221, 19, 155, '23'),
(5222, 24, 44, '0'),
(5223, 21, 155, '25300'),
(5224, 23, 155, '1'),
(5225, 24, 155, '0'),
(5226, 25, 155, '25300'),
(5227, 17, 155, '23'),
(5228, 26, 155, '25300'),
(5229, 27, 155, '25300'),
(5230, 28, 155, '23'),
(5231, 29, 155, '23'),
(5232, 30, 155, '2530'),
(5233, 31, 155, '2.30'),
(5234, 11, 156, '26'),
(5235, 17, 156, '26'),
(5236, 18, 156, '26'),
(5237, 19, 156, '26'),
(5238, 21, 156, '28600'),
(5239, 23, 156, '1'),
(5240, 24, 156, '1'),
(5241, 25, 156, '28600'),
(5242, 26, 156, '28600'),
(5243, 27, 156, '28600'),
(5244, 28, 156, '26'),
(5245, 29, 156, '26'),
(5246, 30, 156, '2860'),
(5247, 31, 156, '2.60'),
(5248, 23, 401, '1'),
(5249, 18, 13, '24'),
(5250, 25, 13, '2640'),
(5251, 24, 37, '0'),
(5252, 24, 139, '0'),
(5253, 21, 85, '15000'),
(5254, 23, 85, '1'),
(5255, 24, 85, '1'),
(5256, 21, 83, '16250'),
(5257, 25, 85, '15000'),
(5258, 31, 83, '2.60'),
(5259, 26, 85, '15000'),
(5260, 27, 85, '15000'),
(5261, 28, 85, '24'),
(5262, 29, 85, '24'),
(5263, 30, 85, '1500'),
(5264, 25, 84, '13125'),
(5265, 26, 84, '13125'),
(5266, 27, 84, '13125'),
(5267, 31, 85, '2.40'),
(5268, 28, 84, '21'),
(5269, 21, 91, '28600'),
(5270, 29, 84, '21'),
(5271, 30, 84, '1312'),
(5272, 31, 84, '2.10'),
(5273, 24, 86, '0'),
(5274, 24, 80, '0'),
(5275, 24, 90, '0'),
(5276, 24, 88, '0'),
(5277, 24, 125, '0'),
(5278, 24, 141, '0'),
(5279, 24, 127, '0'),
(5280, 24, 149, '0'),
(5281, 24, 157, '0'),
(5282, 24, 13, '0'),
(5283, 24, 159, '0'),
(5284, 24, 162, '0'),
(5285, 24, 163, '0'),
(5286, 24, 167, '0'),
(5287, 24, 171, '0');

-- --------------------------------------------------------

--
-- Struktur dari tabel `tb_blok`
--

CREATE TABLE `tb_blok` (
  `id_blok` int(11) NOT NULL,
  `id_desa` int(11) NOT NULL,
  `nm_blok` enum('Blok 1','Blok 2','Blok 3','Blok 4') NOT NULL,
  `luas` int(11) NOT NULL,
  `ket_blok` varchar(200) NOT NULL,
  `flag_blok` enum('0','1') NOT NULL
) ENGINE=InnoDB DEFAULT CHARSET=utf8mb4;

--
-- Dumping data untuk tabel `tb_blok`
--

INSERT INTO `tb_blok` (`id_blok`, `id_desa`, `nm_blok`, `luas`, `ket_blok`, `flag_blok`) VALUES
(5, 1, 'Blok 1', 275, 'Blok 1, Desa Lamoncong, Kec. Bontocani, Kab. Bone', '0'),
(6, 1, 'Blok 2', 243, '-', '0'),
(7, 1, 'Blok 3', 250, '-', '0'),
(9, 6, 'Blok 1', 300, 'Blok 1, Desa Mattirowalie, Kec. Bontocani, Kab. Bone', '0'),
(10, 9, 'Blok 1', 100, '-', '0'),
(11, 3, 'Blok 1', 200, '-', '0'),
(12, 3, 'Blok 2', 200, 'Blok 2, Desa Tompong Patu, Kec. Kahu, Kab. Bone', '0'),
(13, 8, 'Blok 1', 184, 'Blok 1, Desa Ureng, Kec. Palakka, Kab. Bone', '0'),
(14, 10, 'Blok 1', 250, 'Blok 1, Desa Harapan, Kec. Tanete Riaja, Kab. Barru', '0'),
(15, 11, 'Blok 1', 100, '-', '0'),
(16, 12, 'Blok 1', 100, ' ', '0'),
(17, 13, 'Blok 1', 100, ' ', '0'),
(18, 14, 'Blok 1', 125, ' ', '0'),
(19, 15, 'Blok 1', 300, ' ', '0'),
(20, 16, 'Blok 1', 100, ' ', '0'),
(21, 17, 'Blok 1', 250, ' ', '0'),
(22, 17, 'Blok 2', 107, ' ', '0'),
(23, 18, 'Blok 1', 145, ' ', '0'),
(24, 19, 'Blok 1', 80, ' ', '0'),
(25, 20, 'Blok 1', 119, ' ', '0'),
(26, 21, 'Blok 1', 100, ' ', '0'),
(27, 21, 'Blok 2', 100, ' ', '0'),
(28, 22, 'Blok 1', 175, ' ', '0'),
(29, 22, 'Blok 2', 175, ' ', '0'),
(30, 23, 'Blok 1', 300, ' ', '0'),
(31, 24, 'Blok 1', 250, ' ', '0'),
(32, 25, 'Blok 1', 287, ' ', '0'),
(33, 25, 'Blok 2', 163, ' ', '0'),
(34, 26, 'Blok 1', 225, ' ', '0'),
(35, 27, 'Blok 1', 275, ' ', '0'),
(36, 27, 'Blok 2', 175, ' ', '0'),
(37, 27, 'Blok 3', 250, ' ', '0'),
(38, 28, 'Blok 1', 300, ' ', '0'),
(39, 28, 'Blok 2', 300, ' ', '0'),
(40, 28, 'Blok 3', 300, ' ', '0'),
(41, 28, 'Blok 4', 100, ' ', '0'),
(42, 29, 'Blok 1', 175, ' ', '0'),
(43, 29, 'Blok 2', 275, ' ', '0'),
(44, 30, 'Blok 1', 200, ' ', '0'),
(45, 30, 'Blok 2', 200, ' ', '0'),
(46, 31, 'Blok 1', 250, ' ', '1'),
(47, 31, 'Blok 2', 250, ' ', '1'),
(48, 31, 'Blok 3', 250, ' ', '1'),
(49, 32, 'Blok 1', 291, ' ', '0'),
(50, 33, 'Blok 1', 200, ' ', '0'),
(51, 34, 'Blok 1', 200, ' ', '0'),
(52, 35, 'Blok 1', 99, ' ', '0'),
(53, 36, 'Blok 1', 150, ' ', '0'),
(54, 37, 'Blok 1', 150, ' ', '0'),
(55, 38, 'Blok 1', 100, ' ', '0'),
(56, 39, 'Blok 1', 75, ' ', '0'),
(57, 40, 'Blok 1', 50, ' ', '0'),
(58, 41, 'Blok 1', 75, ' ', '0'),
(59, 42, 'Blok 1', 150, ' ', '0');

-- --------------------------------------------------------

--
-- Struktur dari tabel `tb_petak`
--

CREATE TABLE `tb_petak` (
  `id_petak` int(11) NOT NULL,
  `id_blok` int(11) NOT NULL,
  `nm_petak` varchar(10) NOT NULL,
  `ket_petak` varchar(200) NOT NULL,
  `luas_petak` int(11) NOT NULL COMMENT 'Ha',
  `flag_petak` enum('0','1') NOT NULL
) ENGINE=InnoDB DEFAULT CHARSET=utf8mb4;

--
-- Dumping data untuk tabel `tb_petak`
--

INSERT INTO `tb_petak` (`id_petak`, `id_blok`, `nm_petak`, `ket_petak`, `luas_petak`, `flag_petak`) VALUES
(13, 5, 'Petak 1', '-', 24, '0'),
(14, 5, 'Petak 2', '-', 21, '0'),
(15, 5, 'Petak 3', '', 22, '0'),
(16, 5, 'Petak 4', '', 23, '0'),
(18, 5, 'Petak 5', '', 26, '0'),
(19, 5, 'Petak 6', 'Petak 6, Blok 1, Desa Lamoncong, Kec. Bontocani, Kab. Bone', 22, '0'),
(20, 5, 'Petak 7', 'Petak 7, Blok 1, Desa Lamoncong, Kec. Bontocani, Kab. Bone', 29, '0'),
(21, 5, 'Petak 8', 'Petak 8, Blok 1, Desa Lamoncong, Kec. Bontocani, Kab. Bone', 29, '0'),
(22, 5, 'Petak 9', 'Petak 9, Blok 1, Desa Lamoncong, Kec. Bontocani, Kab. Bone', 28, '0'),
(23, 5, 'Petak 10', 'Petak 10, Blok 1, Desa Lamoncong, Kec. Bontocani, Kab. Bone', 29, '0'),
(25, 6, 'Petak 1', 'Petak 1, Blok 2, Desa Lamoncong, Kec. Bontocani, Kab. Bone', 23, '0'),
(26, 6, 'Petak 2', 'Petak 2, Blok 2, Desa Lamoncong, Kec. Bontocani, Kab. Bone', 27, '0'),
(27, 6, 'Petak 3', 'Petak 3, Blok 2, Desa Lamoncong, Kec. Bontocani, Kab. Bone', 20, '0'),
(28, 6, 'Petak 4', 'Petak 4, Blok 2, Desa Lamoncong, Kec. Bontocani, Kab. Bone', 22, '0'),
(29, 6, 'Petak 5', 'Petak 5, Blok 2, Desa Lamoncong, Kec. Bontocani, Kab. Bone', 25, '0'),
(30, 6, 'Petak 6', 'Petak 6, Blok 2, Desa Lamoncong, Kec. Bontocani, Kab. Bone', 27, '0'),
(31, 6, 'Petak 7', 'Petak 7, Blok 2, Desa Lamoncong, Kec. Bontocani, Kab. Bone', 21, '0'),
(32, 6, 'Petak 8', 'Petak 8, Blok 2, Desa Lamoncong, Kec. Bontocani, Kab. Bone', 22, '0'),
(33, 6, 'Petak 9', 'Petak 9, Blok 2, Desa Lamoncong, Kec. Bontocani, Kab. Bone', 28, '0'),
(34, 6, 'Petak 10', 'Petak 10, Blok 2, Desa Lamoncong, Kec. Bontocani, Kab. Bone', 28, '0'),
(35, 5, 'Petak 11', 'Petak 11, Blok 1, Desa Lamoncong, Kec. Bontocani, Kab. Bone', 22, '0'),
(36, 7, 'Petak 1', '', 24, '0'),
(37, 7, 'Petak 2', '', 23, '0'),
(38, 7, 'Petak 3', '', 29, '0'),
(39, 7, 'Petak 4', '', 23, '0'),
(41, 7, 'Petak 5', '', 30, '0'),
(42, 7, 'Petak 6', '', 22, '0'),
(43, 7, 'Petak 7', '', 28, '0'),
(44, 7, 'Petak 8', '', 25, '0'),
(45, 7, 'Petak 9', '', 21, '0'),
(46, 7, 'Petak 10', 'Petak 10, Blok 3, Desa Lamoncong, Kec. Bontocani, Kab. Bone', 25, '0'),
(47, 9, 'Petak 1', 'Petak 1, Blok 1, Desa Mattirowalie, Kec. Bontocani, Kab. Bone', 23, '0'),
(48, 9, 'Petak 2', 'Petak 2, Blok 1, Desa Mattirowalie, Kec. Bontocani, Kab. Bone', 28, '0'),
(49, 9, 'Petak 3', 'Petak 3, Blok 1, Desa Mattirowalie, Kec. Bontocani, Kab. Bone', 24, '0'),
(50, 9, 'Petak 4', 'Petak 4, Blok 1, Desa Mattirowalie, Kec. Bontocani, Kab. Bone', 24, '0'),
(51, 9, 'Petak 5', 'Petak 6, Blok 1, Desa Mattirowalie, Kec. Bontocani, Kab. Bone', 27, '0'),
(52, 9, 'Petak 6', 'Petak 6, Blok 1, Desa Mattirowalie, Kec. Bontocani, Kab. Bone', 27, '0'),
(53, 9, 'Petak 7', 'Petak 7, Blok 1, Desa Mattirowalie, Kec. Bontocani, Kab. Bone.', 26, '0'),
(54, 9, 'Petak 8', '', 24, '0'),
(55, 9, 'Petak 9', '', 23, '0'),
(56, 9, 'Petak 10', '', 22, '0'),
(57, 9, 'Petak 11', '', 24, '0'),
(58, 9, 'Petak 12', '', 28, '0'),
(59, 10, 'Petak 1', '', 28, '0'),
(60, 10, 'Petak 2', '', 23, '0'),
(61, 10, 'Petak 3', '', 24, '0'),
(62, 10, 'Petak 4', '', 25, '0'),
(63, 11, 'Petak 1', '', 24, '0'),
(64, 11, 'Petak 2', '', 28, '0'),
(65, 11, 'Petak 3', '', 25, '0'),
(66, 11, 'Petak 4', '', 22, '0'),
(67, 11, 'Petak 5', '', 24, '0'),
(68, 11, 'Petak 6', '', 25, '0'),
(69, 11, 'Petak 7', '', 26, '0'),
(70, 11, 'Petak 8', '', 26, '0'),
(71, 12, 'Petak 1', '', 23, '0'),
(72, 12, 'Petak 2', '', 25, '0'),
(73, 12, 'Petak 3', '', 24, '0'),
(74, 12, 'Petak 4', '', 26, '0'),
(75, 12, 'Petak 5', '', 21, '0'),
(76, 12, 'Petak 6', '', 28, '0'),
(77, 12, 'Petak 7', '', 28, '0'),
(78, 12, 'Petak 8', '', 25, '0'),
(79, 13, 'Petak 1', '', 25, '0'),
(80, 13, 'Petak 2', '', 22, '0'),
(81, 13, 'Petak 3', '', 24, '0'),
(82, 13, 'Petak 4', '', 22, '0'),
(83, 13, 'Petak 5', '', 26, '0'),
(84, 13, 'Petak 6', '', 21, '0'),
(85, 13, 'Petak 7', '', 24, '0'),
(86, 13, 'Petak 8', '', 20, '0'),
(87, 14, 'Petak 1', '', 21, '0'),
(88, 14, 'Petak 2', '', 27, '0'),
(89, 14, 'Petak 3', '', 29, '0'),
(90, 14, 'Petak 4', '', 27, '0'),
(91, 14, 'Petak 5', '', 26, '0'),
(92, 14, 'Petak 6', '', 27, '0'),
(93, 14, 'Petak 7', '', 22, '0'),
(94, 14, 'Petak 8', '', 22, '0'),
(95, 14, 'Petak 9', '', 24, '0'),
(96, 14, 'Petak 10', '', 25, '0'),
(97, 15, 'Petak 1', '', 30, '0'),
(98, 15, 'Petak 2', '', 23, '0'),
(99, 15, 'Petak 3', '', 25, '0'),
(100, 15, 'Petak 4', '', 22, '0'),
(101, 16, 'Petak 1', '', 26, '0'),
(102, 16, 'Petak 2', '', 24, '0'),
(103, 16, 'Petak 3', '', 25, '0'),
(104, 16, 'Petak 4', '', 25, '0'),
(105, 17, 'Petak 1', '', 22, '0'),
(106, 17, 'Petak 2', '', 22, '0'),
(107, 17, 'Petak 3', '', 28, '0'),
(108, 17, 'Petak 4', '', 28, '0'),
(109, 18, 'Petak 1', '', 24, '0'),
(110, 18, 'Petak 2', '', 26, '0'),
(111, 18, 'Petak 3', '', 27, '0'),
(112, 18, 'Petak 4', '', 27, '0'),
(113, 18, 'Petak 5', '', 21, '0'),
(114, 19, 'Petak 1', '', 28, '0'),
(115, 19, 'Petak 2', '', 27, '0'),
(116, 19, 'Petak 3', '', 30, '0'),
(117, 19, 'Petak 4', '', 27, '0'),
(118, 19, 'Petak 5', '', 29, '0'),
(119, 19, 'Petak 6', '', 22, '0'),
(120, 19, 'Petak 7', '', 21, '0'),
(121, 19, 'Petak 8', '', 28, '0'),
(122, 19, 'Petak 9', '', 29, '0'),
(123, 19, 'Petak 10', '', 29, '0'),
(124, 19, 'Petak 11', '', 30, '0'),
(125, 20, 'Petak 1', '', 21, '0'),
(126, 20, 'Petak 2', '', 27, '0'),
(127, 20, 'Petak 3', '', 24, '0'),
(128, 20, 'Petak 4', '', 28, '0'),
(129, 21, 'Petak 1', '', 23, '0'),
(130, 21, 'Petak 2', '', 28, '0'),
(131, 21, 'Petak 3', '', 28, '0'),
(132, 21, 'Petak 4', '', 26, '0'),
(133, 21, 'Petak 5', '', 24, '0'),
(134, 21, 'Petak 6', '', 26, '0'),
(135, 21, 'Petak 7', '', 23, '0'),
(136, 21, 'Petak 8', '', 24, '0'),
(137, 21, 'Petak 9', '', 26, '0'),
(138, 21, 'Petak 10', '', 22, '0'),
(139, 22, 'Petak 1', '', 29, '0'),
(140, 22, 'Petak 2', '', 29, '0'),
(141, 22, 'Petak 3', '', 23, '0'),
(142, 22, 'Petak 4', '', 26, '0'),
(143, 23, 'Petak 1', '', 28, '0'),
(144, 23, 'Petak 2', '', 25, '0'),
(145, 23, 'Petak 3', '', 22, '0'),
(146, 23, 'Petak 4', '', 28, '0'),
(147, 23, 'Petak 5', '', 21, '0'),
(148, 23, 'Petak 6', '', 21, '0'),
(149, 24, 'Petak 1', '', 29, '0'),
(150, 24, 'Petak 2', '', 28, '0'),
(151, 24, 'Petak 3', '', 23, '0'),
(152, 25, 'Petak 1', '', 23, '0'),
(153, 25, 'Petak 2', '', 24, '0'),
(154, 25, 'Petak 3', '', 23, '0'),
(155, 25, 'Petak 4', '', 23, '0'),
(156, 25, 'Petak 5', '', 26, '0'),
(157, 26, 'Petak 1', '', 25, '0'),
(158, 26, 'Petak 2', '', 22, '0'),
(159, 26, 'Petak 3', '', 25, '0'),
(160, 26, 'Petak 4', '', 28, '0'),
(161, 27, 'Petak 1', '', 21, '0'),
(162, 27, 'Petak 2', '', 26, '0'),
(163, 27, 'Petak 3', '', 27, '0'),
(164, 27, 'Petak 4', '', 26, '0'),
(165, 28, 'Petak 1', '', 28, '0'),
(166, 28, 'Petak 2', '', 23, '0'),
(167, 28, 'Petak 3', '', 28, '0'),
(168, 28, 'Petak 4', '', 27, '0'),
(169, 28, 'Petak 5', '', 22, '0'),
(170, 28, 'Petak 6', '', 24, '0'),
(171, 28, 'Petak 7', '', 23, '0'),
(172, 29, 'Petak 1', '', 27, '0'),
(173, 29, 'Petak 2', '', 28, '0'),
(174, 29, 'Petak 3', '', 27, '0'),
(175, 29, 'Petak 4', '', 23, '0'),
(176, 29, 'Petak 5', '', 26, '0'),
(177, 29, 'Petak 6', '', 22, '0'),
(178, 29, 'Petak 7', '', 22, '0'),
(179, 30, 'Petak 1', '', 27, '0'),
(180, 30, 'Petak 2', '', 27, '0'),
(181, 30, 'Petak 3', '', 28, '0'),
(182, 30, 'Petak 4', '', 25, '0'),
(183, 30, 'Petak 5', '', 28, '0'),
(184, 30, 'Petak 6', '', 24, '0'),
(185, 30, 'Petak 7', '', 24, '0'),
(186, 30, 'Petak 8', '', 21, '0'),
(187, 30, 'Petak 9', '', 23, '0'),
(188, 30, 'Petak 10', '', 25, '0'),
(189, 30, 'Petak 11', '', 23, '0'),
(190, 30, 'Petak 12', '', 25, '0'),
(191, 31, 'Petak 1', '', 28, '0'),
(192, 31, 'Petak 2', '', 25, '0'),
(193, 31, 'Petak 3', '', 22, '0'),
(194, 31, 'Petak 4', '', 24, '0'),
(195, 31, 'Petak 5', '', 21, '0'),
(196, 31, 'Petak 6', '', 28, '0'),
(197, 31, 'Petak 7', '', 26, '0'),
(198, 31, 'Petak 8', '', 27, '0'),
(199, 31, 'Petak 9', '', 26, '0'),
(200, 31, 'Petak 10', '', 23, '0'),
(201, 32, 'Petak 1', '', 28, '0'),
(202, 32, 'Petak 2', '', 29, '0'),
(203, 32, 'Petak 3', '', 29, '0'),
(204, 32, 'Petak 4', '', 29, '0'),
(205, 32, 'Petak 5', '', 30, '0'),
(206, 32, 'Petak 6', '', 28, '0'),
(207, 32, 'Petak 7', '', 28, '0'),
(208, 32, 'Petak 8', '', 28, '0'),
(209, 32, 'Petak 9', '', 29, '0'),
(210, 32, 'Petak 10', '', 29, '0'),
(211, 33, 'Petak 1', '', 28, '0'),
(212, 33, 'Petak 2', '', 28, '0'),
(213, 33, 'Petak 3', '', 28, '0'),
(214, 33, 'Petak 4', '', 26, '0'),
(215, 33, 'Petak 5', '', 28, '0'),
(216, 33, 'Petak 6', '', 25, '0'),
(217, 34, 'Petak 1', '', 24, '0'),
(218, 34, 'Petak 2', '', 24, '0'),
(219, 34, 'Petak 3', '', 26, '0'),
(220, 34, 'Petak 4', '', 22, '0'),
(221, 34, 'Petak 5', '', 26, '0'),
(222, 34, 'Petak 6', '', 25, '0'),
(223, 34, 'Petak 7', '', 23, '0'),
(224, 34, 'Petak 8', '', 26, '0'),
(225, 34, 'Petak 9', '', 29, '0'),
(226, 35, 'Petak 1', '', 25, '0'),
(227, 35, 'Petak 2', '', 22, '0'),
(228, 35, 'Petak 3', '', 26, '0'),
(229, 35, 'Petak 4', '', 23, '0'),
(230, 35, 'Petak 5', '', 28, '0'),
(231, 35, 'Petak 6', '', 24, '0'),
(232, 35, 'Petak 7', '', 26, '0'),
(233, 35, 'Petak 8', '', 25, '0'),
(234, 35, 'Petak 9', '', 27, '0'),
(235, 35, 'Petak 10', '', 26, '0'),
(236, 35, 'Petak 11', '', 23, '0'),
(237, 36, 'Petak 1', '', 28, '0'),
(238, 36, 'Petak 2', '', 21, '0'),
(239, 36, 'Petak 3', '', 22, '0'),
(240, 36, 'Petak 4', '', 24, '0'),
(241, 36, 'Petak 5', '', 25, '0'),
(242, 36, 'Petak 6', '', 28, '0'),
(243, 36, 'Petak 7', '', 27, '0'),
(244, 37, 'Petak 1', '', 24, '0'),
(245, 37, 'Petak 2', '', 21, '0'),
(246, 37, 'Petak 3', '', 28, '0'),
(247, 37, 'Petak 4', '', 23, '0'),
(248, 37, 'Petak 5', '', 24, '0'),
(249, 37, 'Petak 6', '', 26, '0'),
(250, 37, 'Petak 7', '', 28, '0'),
(251, 37, 'Petak 8', '', 26, '0'),
(252, 37, 'Petak 9', '', 27, '0'),
(253, 37, 'Petak 10', '', 23, '0'),
(254, 38, 'Petak 1', '', 28, '0'),
(255, 38, 'Petak 2', '', 25, '0'),
(256, 38, 'Petak 3', '', 26, '0'),
(257, 38, 'Petak 4', '', 26, '0'),
(258, 38, 'Petak 5', '', 24, '0'),
(259, 38, 'Petak 6', '', 23, '0'),
(260, 38, 'Petak 7', '', 27, '0'),
(261, 38, 'Petak 8', '', 25, '0'),
(262, 38, 'Petak 9', '', 23, '0'),
(263, 38, 'Petak 10', '', 25, '0'),
(264, 38, 'Petak 11', '', 22, '0'),
(265, 38, 'Petak 12', '', 26, '0'),
(266, 39, 'Petak 1', '', 27, '0'),
(267, 39, 'Petak 2', '', 27, '0'),
(268, 39, 'Petak 3', '', 26, '0'),
(269, 39, 'Petak 4', '', 23, '0'),
(270, 39, 'Petak 5', '', 26, '0'),
(271, 39, 'Petak 6', '', 24, '0'),
(272, 39, 'Petak 7', '', 25, '0'),
(273, 39, 'Petak 8', '', 24, '0'),
(274, 39, 'Petak 9', '', 26, '0'),
(275, 39, 'Petak 10', '', 23, '0'),
(276, 39, 'Petak 11', '', 23, '0'),
(277, 39, 'Petak 12', '', 26, '0'),
(278, 40, 'Petak 1', '', 26, '0'),
(279, 40, 'Petak 2', '', 28, '0'),
(280, 40, 'Petak 3', '', 24, '0'),
(281, 40, 'Petak 4', '', 25, '0'),
(282, 40, 'Petak 5', '', 26, '0'),
(283, 40, 'Petak 6', '', 24, '0'),
(284, 40, 'Petak 7', '', 26, '0'),
(285, 40, 'Petak 8', '', 25, '0'),
(286, 40, 'Petak 9', '', 25, '0'),
(287, 40, 'Petak 10', '', 24, '0'),
(288, 40, 'Petak 11', '', 22, '0'),
(289, 40, 'Petak 12', '', 25, '0'),
(290, 41, 'Petak 1', '', 25, '0'),
(291, 41, 'Petak 2', '', 25, '0'),
(292, 41, 'Petak 3', '', 26, '0'),
(293, 41, 'Petak 4', '', 24, '0'),
(294, 42, 'Petak 1', '', 23, '0'),
(295, 42, 'Petak 2', '', 24, '0'),
(296, 42, 'Petak 3', '', 28, '0'),
(297, 42, 'Petak 4', '', 25, '0'),
(298, 42, 'Petak 5', '', 24, '0'),
(299, 42, 'Petak 6', '', 23, '0'),
(300, 42, 'Petak 7', '', 28, '0'),
(301, 43, 'Petak 1', '', 22, '0'),
(302, 43, 'Petak 2', '', 21, '0'),
(303, 43, 'Petak 3', '', 27, '0'),
(304, 43, 'Petak 4', '', 29, '0'),
(305, 43, 'Petak 5', '', 27, '0'),
(306, 43, 'Petak 6', '', 27, '0'),
(307, 43, 'Petak 7', '', 26, '0'),
(308, 43, 'Petak 8', '', 24, '0'),
(309, 43, 'Petak 9', '', 22, '0'),
(310, 43, 'Petak 10', '', 24, '0'),
(311, 43, 'Petak 11', '', 26, '0'),
(312, 44, 'Petak 1', '', 22, '0'),
(313, 44, 'Petak 2', '', 28, '0'),
(314, 44, 'Petak 3', '', 26, '0'),
(315, 44, 'Petak 4', '', 22, '0'),
(316, 44, 'Petak 5', '', 25, '0'),
(317, 44, 'Petak 6', '', 25, '0'),
(318, 44, 'Petak 7', '', 24, '0'),
(319, 44, 'Petak 8', '', 28, '0'),
(320, 45, 'Petak 1', '', 23, '0'),
(321, 45, 'Petak 2', '', 27, '0'),
(322, 45, 'Petak 3', '', 27, '0'),
(323, 45, 'Petak 4', '', 28, '0'),
(324, 45, 'Petak 5', '', 25, '0'),
(325, 45, 'Petak 6', '', 21, '0'),
(326, 45, 'Petak 7', '', 24, '0'),
(327, 45, 'Petak 8', '', 25, '0'),
(328, 46, 'Petak 1', '', 22, '0'),
(329, 46, 'Petak 2', '', 23, '0'),
(330, 46, 'Petak 3', '', 29, '0'),
(331, 46, 'Petak 4', '', 29, '0'),
(332, 46, 'Petak 5', '', 22, '0'),
(333, 46, 'Petak 6', '', 24, '0'),
(334, 46, 'Petak 7', '', 22, '0'),
(335, 46, 'Petak 8', '', 23, '0'),
(336, 46, 'Petak 9', '', 27, '0'),
(337, 46, 'Petak 10', '', 29, '0'),
(338, 47, 'Petak 1', '', 28, '0'),
(339, 47, 'Petak 2', '', 28, '0'),
(340, 47, 'Petak 3', '', 21, '0'),
(341, 47, 'Petak 4', '', 23, '0'),
(342, 47, 'Petak 5', '', 22, '0'),
(343, 47, 'Petak 6', '', 21, '0'),
(344, 47, 'Petak 7', '', 28, '0'),
(345, 47, 'Petak 8', '', 25, '0'),
(346, 47, 'Petak 9', '', 27, '0'),
(347, 47, 'Petak 10', '', 27, '0'),
(348, 48, 'Petak 1', '', 27, '0'),
(349, 48, 'Petak 2', '', 27, '0'),
(350, 48, 'Petak 3', '', 27, '0'),
(351, 48, 'Petak 4', '', 26, '0'),
(352, 48, 'Petak 5', '', 21, '0'),
(353, 48, 'Petak 6', '', 22, '0'),
(354, 48, 'Petak 7', '', 24, '0'),
(355, 48, 'Petak 8', '', 24, '0'),
(356, 48, 'Petak 9', '', 26, '0'),
(357, 48, 'Petak 10', '', 26, '0'),
(358, 49, 'Petak 1', '', 25, '0'),
(359, 49, 'Petak 2', '', 27, '0'),
(360, 49, 'Petak 3', '', 26, '0'),
(361, 49, 'Petak 4', '', 24, '0'),
(362, 49, 'Petak 5', '', 28, '0'),
(363, 49, 'Petak 6', '', 26, '0'),
(364, 49, 'Petak 7', '', 26, '0'),
(365, 49, 'Petak 8', '', 27, '0'),
(366, 49, 'Petak 9', '', 28, '0'),
(367, 49, 'Petak 10', '', 28, '0'),
(368, 49, 'Petak 11', '', 26, '0'),
(370, 50, 'Petak 1', '', 26, '0'),
(371, 50, 'Petak 2', '', 24, '0'),
(372, 50, 'Petak 3', '', 28, '0'),
(373, 50, 'Petak 4', '', 25, '0'),
(374, 50, 'Petak 5', '', 25, '0'),
(375, 50, 'Petak 6', '', 27, '0'),
(376, 50, 'Petak 7', '', 23, '0'),
(377, 50, 'Petak 8', '', 22, '0'),
(378, 51, 'Petak 1', '', 23, '0'),
(379, 51, 'Petak 2', '', 26, '0'),
(380, 51, 'Petak 3', '', 26, '0'),
(381, 51, 'Petak 4', '', 26, '0'),
(382, 51, 'Petak 5', '', 25, '0'),
(383, 51, 'Petak 6', '', 26, '0'),
(384, 51, 'Petak 7', '', 24, '0'),
(385, 51, 'Petak 8', '', 24, '0'),
(386, 52, 'Petak 1', '', 25, '0'),
(387, 52, 'Petak 2', '', 24, '0'),
(388, 52, 'Petak 3', '', 24, '0'),
(389, 52, 'Petak 4', '', 26, '0'),
(390, 53, 'Petak 1', '', 26, '0'),
(391, 53, 'Petak 2', '', 29, '0'),
(392, 53, 'Petak 3', '', 24, '0'),
(393, 53, 'Petak 4', '', 23, '0'),
(394, 53, 'Petak 5', '', 23, '0'),
(395, 53, 'Petak 6', '', 25, '0'),
(396, 54, 'Petak 1', '', 27, '0'),
(397, 54, 'Petak 2', '', 25, '0'),
(398, 54, 'Petak 3', '', 27, '0'),
(399, 54, 'Petak 4', '', 24, '0'),
(400, 54, 'Petak 5', '', 24, '0'),
(401, 54, 'Petak 6', '', 23, '0'),
(402, 55, 'Petak 1', '', 26, '0'),
(403, 55, 'Petak 2', '', 26, '0'),
(404, 55, 'Petak 3', '', 25, '0'),
(405, 55, 'Petak 4', '', 23, '0'),
(406, 56, 'Petak 1', '', 20, '0'),
(407, 56, 'Petak 2', '', 27, '0'),
(408, 56, 'Petak 3', '', 28, '0'),
(409, 57, 'Petak 1', '', 25, '0'),
(410, 57, 'Petak 2', '', 25, '0'),
(411, 58, 'Petak 1', '', 28, '0'),
(412, 58, 'Petak 2', '', 26, '0'),
(413, 58, 'Petak 3', '', 21, '0'),
(414, 59, 'Petak 1', '', 22, '0'),
(415, 59, 'Petak 2', '', 25, '0'),
(416, 59, 'Petak 3', '', 28, '0'),
(420, 58, 'Petak 4', '', 24, '0'),
(421, 58, 'Petak 5', '', 27, '0'),
(422, 58, 'Petak 6', '', 24, '0');

-- --------------------------------------------------------

--
-- Struktur dari tabel `user_access_menu`
--

CREATE TABLE `user_access_menu` (
  `id` int(11) NOT NULL,
  `role_id` int(11) NOT NULL,
  `menu_id` int(11) NOT NULL
) ENGINE=InnoDB DEFAULT CHARSET=utf8mb4;

--
-- Dumping data untuk tabel `user_access_menu`
--

INSERT INTO `user_access_menu` (`id`, `role_id`, `menu_id`) VALUES
(1, 1, 1),
(2, 1, 2),
(3, 2, 2),
(4, 1, 3),
(7, 2, 9),
(8, 1, 9),
(10, 3, 2),
(11, 8, 2),
(13, 8, 9),
(14, 1, 10),
(15, 1, 11),
(16, 2, 11),
(19, 9, 2),
(20, 9, 9),
(21, 3, 11),
(22, 1, 12),
(23, 10, 2),
(24, 10, 12),
(25, 10, 10),
(26, 10, 9),
(27, 1, 13);

-- --------------------------------------------------------

--
-- Struktur dari tabel `user_anggota`
--

CREATE TABLE `user_anggota` (
  `id_user_anggota` int(11) NOT NULL,
  `id_supervisor` int(11) NOT NULL,
  `id_anggota` int(11) NOT NULL,
  `ket_user_anggota` varchar(500) NOT NULL
) ENGINE=InnoDB DEFAULT CHARSET=utf8mb4;

--
-- Dumping data untuk tabel `user_anggota`
--

INSERT INTO `user_anggota` (`id_user_anggota`, `id_supervisor`, `id_anggota`, `ket_user_anggota`) VALUES
(1, 12, 11, 'anggota pertama');

-- --------------------------------------------------------

--
-- Struktur dari tabel `user_menu`
--

CREATE TABLE `user_menu` (
  `id` int(11) NOT NULL,
  `menu` varchar(128) NOT NULL
) ENGINE=InnoDB DEFAULT CHARSET=utf8mb4;

--
-- Dumping data untuk tabel `user_menu`
--

INSERT INTO `user_menu` (`id`, `menu`) VALUES
(1, 'Admin'),
(2, 'User'),
(3, 'Menu'),
(9, 'input'),
(10, 'Lokasi'),
(11, 'Report'),
(12, 'SPK'),
(13, 'User Anggota');

-- --------------------------------------------------------

--
-- Struktur dari tabel `user_role`
--

CREATE TABLE `user_role` (
  `id` int(11) NOT NULL,
  `role` varchar(128) NOT NULL
) ENGINE=InnoDB DEFAULT CHARSET=utf8mb4;

--
-- Dumping data untuk tabel `user_role`
--

INSERT INTO `user_role` (`id`, `role`) VALUES
(1, 'Administrator'),
(2, 'Member'),
(3, 'Views'),
(8, 'Penginput'),
(9, 'Supervisor'),
(10, 'Administrasi');

-- --------------------------------------------------------

--
-- Struktur dari tabel `user_sub_menu`
--

CREATE TABLE `user_sub_menu` (
  `id` int(11) NOT NULL,
  `menu_id` int(11) NOT NULL,
  `title` varchar(128) NOT NULL,
  `url` varchar(128) NOT NULL,
  `icon` varchar(128) NOT NULL,
  `is_active` int(1) NOT NULL
) ENGINE=InnoDB DEFAULT CHARSET=utf8mb4;

--
-- Dumping data untuk tabel `user_sub_menu`
--

INSERT INTO `user_sub_menu` (`id`, `menu_id`, `title`, `url`, `icon`, `is_active`) VALUES
(1, 1, 'Dashboard', 'admin', 'fa fa-fw fa-tachometer-alt', 1),
(2, 2, 'My Profile', 'user', 'fa fa-fw fa-user', 1),
(3, 2, 'Edit Profile', 'user/edit', 'fa fa-fw fa-user-edit', 1),
(4, 3, 'Menu Management', 'menu', 'fa fa-fw fa-folder', 1),
(5, 3, 'Submenu Management', 'menu/submenu', 'fas fa-fw fa-folder-open', 1),
(7, 9, 'Pengawasan Harian', 'input', 'fas fa-fw fa-edit', 1),
(9, 1, 'Role', 'admin/role', 'fas fa-fw fa-user-tie', 1),
(10, 1, 'Manage Users', 'admin/manageuser', 'fas fa-fw fa-user-edit', 1),
(11, 2, 'Change Password', 'user/changePassword', 'fas fa-fw fa-key', 1),
(12, 10, 'Manage Lokasi', 'lokasi', 'fas fa-fw fa-map-marked-alt', 1),
(13, 11, 'Report Peng Harian', 'report', 'fas fa-fw fa-file-invoice', 1),
(14, 1, 'Supervisor Anggota', 'admin/supervisor', 'fas fa-fw fa-users', 1),
(15, 11, 'Report Mingguan', 'report/mingguan', 'fas fa-fw fa-file', 1),
(17, 12, 'Kegiatan', 'spk/kegiatan', 'fas fa-fw fa-eye', 1),
(18, 12, 'SPK Management', 'spk', 'fab fa-fw fa-buffer', 1),
(19, 9, 'View Pengawasan', 'input/view', 'fas fa-fw fa-clipboard-list', 1),
(21, 13, 'Anggota', 'anggota', 'fas fa-fw fa-users', 1);

--
-- Indexes for dumped tables
--

--
-- Indeks untuk tabel `bibit`
--
ALTER TABLE `bibit`
  ADD PRIMARY KEY (`id_bibit`);

--
-- Indeks untuk tabel `dt_desa`
--
ALTER TABLE `dt_desa`
  ADD PRIMARY KEY (`id_desa`),
  ADD KEY `id_kecamatan` (`id_kecamatan`);

--
-- Indeks untuk tabel `dt_kabupaten`
--
ALTER TABLE `dt_kabupaten`
  ADD PRIMARY KEY (`id_kabupaten`);

--
-- Indeks untuk tabel `dt_kecamatan`
--
ALTER TABLE `dt_kecamatan`
  ADD PRIMARY KEY (`id_kecamatan`),
  ADD KEY `id_kabupaten` (`id_kabupaten`);

--
-- Indeks untuk tabel `dt_user`
--
ALTER TABLE `dt_user`
  ADD PRIMARY KEY (`id_user`);

--
-- Indeks untuk tabel `harianbahan`
--
ALTER TABLE `harianbahan`
  ADD PRIMARY KEY (`id_harianbahan`),
  ADD KEY `id_spkbahan` (`id_spkbahan`),
  ADD KEY `id_kab` (`id_kab`),
  ADD KEY `id_kec` (`id_kec`),
  ADD KEY `id_desa` (`id_desa`),
  ADD KEY `id_petak` (`id_petak`),
  ADD KEY `id_blok` (`id_blok`),
  ADD KEY `id_user` (`id_user`);

--
-- Indeks untuk tabel `harianbibit`
--
ALTER TABLE `harianbibit`
  ADD PRIMARY KEY (`id_harianbibit`),
  ADD KEY `id_spkbahan` (`id_spkbibit`),
  ADD KEY `id_kab` (`id_kab`),
  ADD KEY `id_kec` (`id_kec`),
  ADD KEY `id_desa` (`id_desa`),
  ADD KEY `id_petak` (`id_petak`),
  ADD KEY `id_blok` (`id_blok`),
  ADD KEY `id_user` (`id_user`),
  ADD KEY `id_bibit` (`id_bibit`);

--
-- Indeks untuk tabel `harianlapangan`
--
ALTER TABLE `harianlapangan`
  ADD PRIMARY KEY (`id_harianlapangan`),
  ADD KEY `id_spkbahan` (`id_spklapangan`),
  ADD KEY `id_kab` (`id_kab`),
  ADD KEY `id_kec` (`id_kec`),
  ADD KEY `id_desa` (`id_desa`),
  ADD KEY `id_petak` (`id_petak`),
  ADD KEY `id_blok` (`id_blok`),
  ADD KEY `id_user` (`id_user`);

--
-- Indeks untuk tabel `jenis_kegiatan`
--
ALTER TABLE `jenis_kegiatan`
  ADD PRIMARY KEY (`id_kegiatan`);

--
-- Indeks untuk tabel `spkbahan`
--
ALTER TABLE `spkbahan`
  ADD PRIMARY KEY (`id_spkbahan`),
  ADD KEY `id_petak` (`id_petak`),
  ADD KEY `id_kegiatan` (`id_kegiatan`);

--
-- Indeks untuk tabel `spkbibit`
--
ALTER TABLE `spkbibit`
  ADD PRIMARY KEY (`id_spkbibit`),
  ADD KEY `id_petak` (`id_petak`);

--
-- Indeks untuk tabel `spkbibit_bantu`
--
ALTER TABLE `spkbibit_bantu`
  ADD PRIMARY KEY (`id_bibitbantu`),
  ADD KEY `id_spkbibit` (`id_spkbibit`),
  ADD KEY `id_bibit` (`id_bibit`);

--
-- Indeks untuk tabel `spklapangan`
--
ALTER TABLE `spklapangan`
  ADD PRIMARY KEY (`id_spklapangan`),
  ADD KEY `id_kegiatan` (`id_kegiatan`),
  ADD KEY `id_petak` (`id_petak`);

--
-- Indeks untuk tabel `tb_blok`
--
ALTER TABLE `tb_blok`
  ADD PRIMARY KEY (`id_blok`),
  ADD KEY `id_desa` (`id_desa`);

--
-- Indeks untuk tabel `tb_petak`
--
ALTER TABLE `tb_petak`
  ADD PRIMARY KEY (`id_petak`),
  ADD KEY `id_blok` (`id_blok`);

--
-- Indeks untuk tabel `user_access_menu`
--
ALTER TABLE `user_access_menu`
  ADD PRIMARY KEY (`id`);

--
-- Indeks untuk tabel `user_anggota`
--
ALTER TABLE `user_anggota`
  ADD PRIMARY KEY (`id_user_anggota`);

--
-- Indeks untuk tabel `user_menu`
--
ALTER TABLE `user_menu`
  ADD PRIMARY KEY (`id`);

--
-- Indeks untuk tabel `user_role`
--
ALTER TABLE `user_role`
  ADD PRIMARY KEY (`id`);

--
-- Indeks untuk tabel `user_sub_menu`
--
ALTER TABLE `user_sub_menu`
  ADD PRIMARY KEY (`id`);

--
-- AUTO_INCREMENT untuk tabel yang dibuang
--

--
-- AUTO_INCREMENT untuk tabel `bibit`
--
ALTER TABLE `bibit`
  MODIFY `id_bibit` int(11) NOT NULL AUTO_INCREMENT, AUTO_INCREMENT=49;

--
-- AUTO_INCREMENT untuk tabel `dt_desa`
--
ALTER TABLE `dt_desa`
  MODIFY `id_desa` int(11) NOT NULL AUTO_INCREMENT, AUTO_INCREMENT=43;

--
-- AUTO_INCREMENT untuk tabel `dt_kabupaten`
--
ALTER TABLE `dt_kabupaten`
  MODIFY `id_kabupaten` int(11) NOT NULL AUTO_INCREMENT, AUTO_INCREMENT=17;

--
-- AUTO_INCREMENT untuk tabel `dt_kecamatan`
--
ALTER TABLE `dt_kecamatan`
  MODIFY `id_kecamatan` int(11) NOT NULL AUTO_INCREMENT, AUTO_INCREMENT=33;

--
-- AUTO_INCREMENT untuk tabel `dt_user`
--
ALTER TABLE `dt_user`
  MODIFY `id_user` int(11) NOT NULL AUTO_INCREMENT, AUTO_INCREMENT=15;

--
-- AUTO_INCREMENT untuk tabel `harianbahan`
--
ALTER TABLE `harianbahan`
  MODIFY `id_harianbahan` int(11) NOT NULL AUTO_INCREMENT, AUTO_INCREMENT=13;

--
-- AUTO_INCREMENT untuk tabel `harianbibit`
--
ALTER TABLE `harianbibit`
  MODIFY `id_harianbibit` int(11) NOT NULL AUTO_INCREMENT, AUTO_INCREMENT=6;

--
-- AUTO_INCREMENT untuk tabel `harianlapangan`
--
ALTER TABLE `harianlapangan`
  MODIFY `id_harianlapangan` int(11) NOT NULL AUTO_INCREMENT, AUTO_INCREMENT=9;

--
-- AUTO_INCREMENT untuk tabel `jenis_kegiatan`
--
ALTER TABLE `jenis_kegiatan`
  MODIFY `id_kegiatan` int(11) NOT NULL AUTO_INCREMENT, AUTO_INCREMENT=38;

--
-- AUTO_INCREMENT untuk tabel `spkbahan`
--
ALTER TABLE `spkbahan`
  MODIFY `id_spkbahan` int(11) NOT NULL AUTO_INCREMENT, AUTO_INCREMENT=2606;

--
-- AUTO_INCREMENT untuk tabel `spkbibit`
--
ALTER TABLE `spkbibit`
  MODIFY `id_spkbibit` int(11) NOT NULL AUTO_INCREMENT, AUTO_INCREMENT=752;

--
-- AUTO_INCREMENT untuk tabel `spkbibit_bantu`
--
ALTER TABLE `spkbibit_bantu`
  MODIFY `id_bibitbantu` int(11) NOT NULL AUTO_INCREMENT, AUTO_INCREMENT=2528;

--
-- AUTO_INCREMENT untuk tabel `spklapangan`
--
ALTER TABLE `spklapangan`
  MODIFY `id_spklapangan` int(11) NOT NULL AUTO_INCREMENT, AUTO_INCREMENT=5288;

--
-- AUTO_INCREMENT untuk tabel `tb_blok`
--
ALTER TABLE `tb_blok`
  MODIFY `id_blok` int(11) NOT NULL AUTO_INCREMENT, AUTO_INCREMENT=60;

--
-- AUTO_INCREMENT untuk tabel `tb_petak`
--
ALTER TABLE `tb_petak`
  MODIFY `id_petak` int(11) NOT NULL AUTO_INCREMENT, AUTO_INCREMENT=423;

--
-- AUTO_INCREMENT untuk tabel `user_access_menu`
--
ALTER TABLE `user_access_menu`
  MODIFY `id` int(11) NOT NULL AUTO_INCREMENT, AUTO_INCREMENT=28;

--
-- AUTO_INCREMENT untuk tabel `user_anggota`
--
ALTER TABLE `user_anggota`
  MODIFY `id_user_anggota` int(11) NOT NULL AUTO_INCREMENT, AUTO_INCREMENT=3;

--
-- AUTO_INCREMENT untuk tabel `user_menu`
--
ALTER TABLE `user_menu`
  MODIFY `id` int(11) NOT NULL AUTO_INCREMENT, AUTO_INCREMENT=14;

--
-- AUTO_INCREMENT untuk tabel `user_role`
--
ALTER TABLE `user_role`
  MODIFY `id` int(11) NOT NULL AUTO_INCREMENT, AUTO_INCREMENT=11;

--
-- AUTO_INCREMENT untuk tabel `user_sub_menu`
--
ALTER TABLE `user_sub_menu`
  MODIFY `id` int(11) NOT NULL AUTO_INCREMENT, AUTO_INCREMENT=22;

--
-- Ketidakleluasaan untuk tabel pelimpahan (Dumped Tables)
--

--
-- Ketidakleluasaan untuk tabel `dt_desa`
--
ALTER TABLE `dt_desa`
  ADD CONSTRAINT `dt_desa_ibfk_1` FOREIGN KEY (`id_kecamatan`) REFERENCES `dt_kecamatan` (`id_kecamatan`);

--
-- Ketidakleluasaan untuk tabel `dt_kecamatan`
--
ALTER TABLE `dt_kecamatan`
  ADD CONSTRAINT `dt_kecamatan_ibfk_1` FOREIGN KEY (`id_kabupaten`) REFERENCES `dt_kabupaten` (`id_kabupaten`);

--
-- Ketidakleluasaan untuk tabel `harianbahan`
--
ALTER TABLE `harianbahan`
  ADD CONSTRAINT `harianbahan_ibfk_1` FOREIGN KEY (`id_spkbahan`) REFERENCES `spkbahan` (`id_spkbahan`),
  ADD CONSTRAINT `harianbahan_ibfk_2` FOREIGN KEY (`id_kab`) REFERENCES `dt_kabupaten` (`id_kabupaten`),
  ADD CONSTRAINT `harianbahan_ibfk_3` FOREIGN KEY (`id_kec`) REFERENCES `dt_kecamatan` (`id_kecamatan`),
  ADD CONSTRAINT `harianbahan_ibfk_4` FOREIGN KEY (`id_desa`) REFERENCES `dt_desa` (`id_desa`),
  ADD CONSTRAINT `harianbahan_ibfk_5` FOREIGN KEY (`id_petak`) REFERENCES `tb_petak` (`id_petak`),
  ADD CONSTRAINT `harianbahan_ibfk_6` FOREIGN KEY (`id_blok`) REFERENCES `tb_blok` (`id_blok`),
  ADD CONSTRAINT `harianbahan_ibfk_7` FOREIGN KEY (`id_user`) REFERENCES `dt_user` (`id_user`);

--
-- Ketidakleluasaan untuk tabel `harianbibit`
--
ALTER TABLE `harianbibit`
  ADD CONSTRAINT `harianbibit_ibfk_1` FOREIGN KEY (`id_spkbibit`) REFERENCES `spkbibit` (`id_spkbibit`),
  ADD CONSTRAINT `harianbibit_ibfk_2` FOREIGN KEY (`id_bibit`) REFERENCES `bibit` (`id_bibit`),
  ADD CONSTRAINT `harianbibit_ibfk_3` FOREIGN KEY (`id_petak`) REFERENCES `tb_petak` (`id_petak`),
  ADD CONSTRAINT `harianbibit_ibfk_4` FOREIGN KEY (`id_blok`) REFERENCES `tb_blok` (`id_blok`),
  ADD CONSTRAINT `harianbibit_ibfk_5` FOREIGN KEY (`id_desa`) REFERENCES `dt_desa` (`id_desa`),
  ADD CONSTRAINT `harianbibit_ibfk_6` FOREIGN KEY (`id_kec`) REFERENCES `dt_kecamatan` (`id_kecamatan`),
  ADD CONSTRAINT `harianbibit_ibfk_7` FOREIGN KEY (`id_kab`) REFERENCES `dt_kabupaten` (`id_kabupaten`),
  ADD CONSTRAINT `harianbibit_ibfk_8` FOREIGN KEY (`id_user`) REFERENCES `dt_user` (`id_user`);

--
-- Ketidakleluasaan untuk tabel `harianlapangan`
--
ALTER TABLE `harianlapangan`
  ADD CONSTRAINT `harianlapangan_ibfk_1` FOREIGN KEY (`id_kab`) REFERENCES `dt_kabupaten` (`id_kabupaten`),
  ADD CONSTRAINT `harianlapangan_ibfk_2` FOREIGN KEY (`id_kec`) REFERENCES `dt_kecamatan` (`id_kecamatan`),
  ADD CONSTRAINT `harianlapangan_ibfk_3` FOREIGN KEY (`id_desa`) REFERENCES `dt_desa` (`id_desa`),
  ADD CONSTRAINT `harianlapangan_ibfk_4` FOREIGN KEY (`id_blok`) REFERENCES `tb_blok` (`id_blok`),
  ADD CONSTRAINT `harianlapangan_ibfk_5` FOREIGN KEY (`id_petak`) REFERENCES `tb_petak` (`id_petak`),
  ADD CONSTRAINT `harianlapangan_ibfk_6` FOREIGN KEY (`id_user`) REFERENCES `dt_user` (`id_user`),
  ADD CONSTRAINT `harianlapangan_ibfk_7` FOREIGN KEY (`id_spklapangan`) REFERENCES `spklapangan` (`id_spklapangan`);

--
-- Ketidakleluasaan untuk tabel `spkbahan`
--
ALTER TABLE `spkbahan`
  ADD CONSTRAINT `spkbahan_ibfk_1` FOREIGN KEY (`id_petak`) REFERENCES `tb_petak` (`id_petak`),
  ADD CONSTRAINT `spkbahan_ibfk_2` FOREIGN KEY (`id_kegiatan`) REFERENCES `jenis_kegiatan` (`id_kegiatan`);

--
-- Ketidakleluasaan untuk tabel `spkbibit`
--
ALTER TABLE `spkbibit`
  ADD CONSTRAINT `spkbibit_ibfk_1` FOREIGN KEY (`id_petak`) REFERENCES `tb_petak` (`id_petak`);

--
-- Ketidakleluasaan untuk tabel `spkbibit_bantu`
--
ALTER TABLE `spkbibit_bantu`
  ADD CONSTRAINT `spkbibit_bantu_ibfk_1` FOREIGN KEY (`id_spkbibit`) REFERENCES `spkbibit` (`id_spkbibit`),
  ADD CONSTRAINT `spkbibit_bantu_ibfk_2` FOREIGN KEY (`id_bibit`) REFERENCES `bibit` (`id_bibit`);

--
-- Ketidakleluasaan untuk tabel `spklapangan`
--
ALTER TABLE `spklapangan`
  ADD CONSTRAINT `spklapangan_ibfk_1` FOREIGN KEY (`id_kegiatan`) REFERENCES `jenis_kegiatan` (`id_kegiatan`),
  ADD CONSTRAINT `spklapangan_ibfk_2` FOREIGN KEY (`id_petak`) REFERENCES `tb_petak` (`id_petak`);

--
-- Ketidakleluasaan untuk tabel `tb_blok`
--
ALTER TABLE `tb_blok`
  ADD CONSTRAINT `tb_blok_ibfk_2` FOREIGN KEY (`id_desa`) REFERENCES `dt_desa` (`id_desa`);

--
-- Ketidakleluasaan untuk tabel `tb_petak`
--
ALTER TABLE `tb_petak`
  ADD CONSTRAINT `tb_petak_ibfk_1` FOREIGN KEY (`id_blok`) REFERENCES `tb_blok` (`id_blok`);
COMMIT;

/*!40101 SET CHARACTER_SET_CLIENT=@OLD_CHARACTER_SET_CLIENT */;
/*!40101 SET CHARACTER_SET_RESULTS=@OLD_CHARACTER_SET_RESULTS */;
/*!40101 SET COLLATION_CONNECTION=@OLD_COLLATION_CONNECTION */;
